{"type":"FeatureCollection","features":[{"type":"Feature","properties":{"SCHOOL":"LAKEVILLE","TYPE":"ES","ADDR":"2015 Lakeville Rd, Apopka 32703","WEB":"https://lakevillees.ocps.net","PHONE":"407.814.6110","SLNG":-81.47833,"SLAT":28.64604},"geometry":{"type":"Polygon","coordinates":[[[-81.48872,28.66036],[-81.49077,28.66027],[-81.49078,28.65881],[-81.48709,28.65483],[-81.47722,28.65485],[-81.47723,28.65501],[-81.47686,28.65513],[-81.47631,28.65514],[-81.47631,28.65486],[-81.47055,28.65483],[-81.45972,28.64461],[-81.45972,28.6402],[-81.45886,28.6402],[-81.45875,28.63958],[-81.45918,28.63909],[-81.45848,28.63858],[-81.45889,28.63814],[-81.45918,28.63835],[-81.45965,28.63835],[-81.45966,28.6358],[-81.45909,28.6358],[-81.45992,28.6326],[-81.45988,28.63069],[-81.46179,28.63071],[-81.46179,28.62934],[-81.45972,28.62931],[-81.45972,28.6276],[-81.45807,28.62761],[-81.45798,28.62564],[-81.45808,28.62546],[-81.46016,28.62547],[-81.46016,28.62513],[-81.46087,28.6244],[-81.46247,28.62441],[-81.46343,28.62524],[-81.46369,28.62524],[-81.46369,28.62558],[-81.46815,28.62567],[-81.4693,28.62596],[-81.47026,28.62578],[-81.47009,28.62578],[-81.47003,28.61441],[-81.46797,28.61442],[-81.46795,28.61102],[-81.4706,28.61243],[-81.47677,28.61379],[-81.48034,28.61376],[-81.48446,28.61403],[-81.48995,28.61346],[-81.49146,28.61254],[-81.49226,28.61238],[-81.49227,28.61269],[-81.49139,28.61291],[-81.49137,28.61425],[-81.49068,28.61426],[-81.49067,28.61326],[-81.4906,28.6147],[-81.48986,28.6147],[-81.48991,28.61808],[-81.48867,28.61809],[-81.48874,28.62899],[-81.4888,28.62932],[-81.49249,28.62931],[-81.49079,28.63113],[-81.48874,28.63114],[-81.48874,28.62904],[-81.48751,28.62905],[-81.48752,28.63289],[-81.48836,28.6329],[-81.48875,28.63269],[-81.48876,28.63663],[-81.49288,28.63663],[-81.49289,28.64038],[-81.49707,28.64028],[-81.49701,28.64081],[-81.49906,28.64195],[-81.49904,28.6439],[-81.49699,28.6439],[-81.49695,28.64934],[-81.49297,28.64934],[-81.49297,28.65025],[-81.4949,28.65025],[-81.49489,28.65207],[-81.49515,28.65207],[-81.49515,28.65295],[-81.49296,28.65296],[-81.49296,28.65478],[-81.49273,28.65479],[-81.49271,28.65845],[-81.49125,28.65845],[-81.4927,28.65944],[-81.49269,28.66211],[-81.48872,28.66209],[-81.48872,28.66036]]]}},{"type":"Feature","properties":{"SCHOOL":"CYPRESS SPRINGS","TYPE":"ES","ADDR":"10401 Cypress Pavilion Pkwy, Orlando 32825","WEB":"https://cypressspringses.ocps.net","PHONE":"407.249.6950","SLNG":-81.23547,"SLAT":28.51654},"geometry":{"type":"Polygon","coordinates":[[[-81.20381,28.54679],[-81.20384,28.54536],[-81.20408,28.54434],[-81.20498,28.54283],[-81.20732,28.53987],[-81.20773,28.53888],[-81.2079,28.53777],[-81.20978,28.53797],[-81.21119,28.53867],[-81.21326,28.53564],[-81.21394,28.53498],[-81.21537,28.53439],[-81.21699,28.53448],[-81.21812,28.53504],[-81.21893,28.536],[-81.21921,28.53691],[-81.21939,28.53964],[-81.21981,28.54053],[-81.22059,28.54142],[-81.22139,28.5406],[-81.22165,28.53956],[-81.22144,28.53918],[-81.22081,28.53935],[-81.22078,28.53832],[-81.22142,28.53817],[-81.22148,28.53797],[-81.22107,28.53716],[-81.2212,28.53665],[-81.22092,28.53652],[-81.22122,28.5353],[-81.22148,28.53534],[-81.22147,28.53513],[-81.22163,28.53515],[-81.22154,28.53535],[-81.22215,28.53523],[-81.22255,28.53487],[-81.22296,28.53505],[-81.22311,28.53537],[-81.2223,28.53627],[-81.22225,28.53675],[-81.22344,28.53686],[-81.22326,28.53625],[-81.22392,28.53536],[-81.22465,28.53546],[-81.22483,28.53582],[-81.22508,28.53581],[-81.2257,28.53522],[-81.22529,28.53487],[-81.22615,28.53443],[-81.22645,28.53444],[-81.22607,28.53465],[-81.2261,28.53513],[-81.22649,28.53508],[-81.22698,28.53468],[-81.22698,28.53445],[-81.22725,28.53454],[-81.22704,28.5347],[-81.228,28.53509],[-81.22795,28.52462],[-81.21216,28.52486],[-81.21036,28.51524],[-81.21069,28.51343],[-81.21183,28.5118],[-81.21358,28.5107],[-81.21556,28.51027],[-81.24391,28.51009],[-81.24392,28.51055],[-81.24436,28.51055],[-81.24522,28.51218],[-81.24522,28.51375],[-81.2461,28.51375],[-81.24657,28.51471],[-81.24626,28.51491],[-81.24577,28.51708],[-81.24543,28.51739],[-81.24625,28.51739],[-81.24626,28.51875],[-81.2442,28.51875],[-81.2442,28.52467],[-81.2438,28.53202],[-81.24489,28.53202],[-81.24511,28.53564],[-81.24724,28.53562],[-81.24741,28.53934],[-81.23,28.53953],[-81.22894,28.53982],[-81.22765,28.54046],[-81.22062,28.54554],[-81.21862,28.54643],[-81.21695,28.54666],[-81.20381,28.54679]]]}},{"type":"Feature","properties":{"SCHOOL":"LAKE COMO SCHOOL","TYPE":"K8","ADDR":"2450 E Gore St, Orlando 32806","WEB":"https://kaleylakecomoes.ocps.net","PHONE":"407.897.6430","SLNG":-81.35066,"SLAT":28.53043},"geometry":{"type":"Polygon","coordinates":[[[-81.34472,28.55331],[-81.34474,28.55128],[-81.34552,28.54958],[-81.34568,28.546],[-81.34371,28.54602],[-81.34359,28.53837],[-81.34173,28.53837],[-81.34153,28.53628],[-81.34091,28.53551],[-81.33868,28.53482],[-81.33736,28.53471],[-81.33733,28.53152],[-81.33715,28.53152],[-81.33691,28.53061],[-81.33525,28.53063],[-81.33527,28.53154],[-81.33114,28.53162],[-81.33103,28.52426],[-81.3393,28.5242],[-81.33925,28.5169],[-81.34338,28.51687],[-81.34336,28.5134],[-81.3435,28.51324],[-81.3516,28.51319],[-81.35158,28.50953],[-81.35982,28.50945],[-81.35982,28.52548],[-81.36004,28.52629],[-81.36033,28.52639],[-81.36025,28.52658],[-81.36052,28.52673],[-81.36073,28.52665],[-81.36076,28.52698],[-81.36104,28.52727],[-81.36127,28.52709],[-81.36231,28.5277],[-81.3636,28.52815],[-81.3641,28.52814],[-81.36424,28.53727],[-81.37368,28.53708],[-81.37531,28.53675],[-81.37959,28.53543],[-81.38316,28.53524],[-81.38218,28.53741],[-81.38191,28.53857],[-81.38221,28.53895],[-81.38263,28.5502],[-81.38238,28.55309],[-81.34472,28.55331]]]}},{"type":"Feature","properties":{"SCHOOL":"OAKSHIRE","TYPE":"ES","ADDR":"14501 Oakshire Rd, Orlando 32824","WEB":"https://oakshirees.ocps.net","PHONE":"407.251.2500","SLNG":-81.37381,"SLAT":28.35453},"geometry":{"type":"Polygon","coordinates":[[[-81.37293,28.36834],[-81.37379,28.36655],[-81.37104,28.36604],[-81.36842,28.3661],[-81.36689,28.36594],[-81.36659,28.36498],[-81.3654,28.36328],[-81.36489,28.36126],[-81.36523,28.35902],[-81.36499,28.35778],[-81.364,28.35644],[-81.362,28.35505],[-81.36126,28.35357],[-81.36127,28.35239],[-81.36252,28.34954],[-81.36277,28.34799],[-81.38315,28.34797],[-81.38515,28.35292],[-81.39124,28.35292],[-81.39132,28.35367],[-81.39114,28.35419],[-81.38687,28.36006],[-81.38241,28.36725],[-81.38164,28.36819],[-81.37293,28.36834]]]}},{"type":"Feature","properties":{"SCHOOL":"LAWTON CHILES","TYPE":"ES","ADDR":"11001 Bloomfield Dr, Orlando 32825","WEB":"https://lawtonchileses.ocps.net","PHONE":"407.737.1470","SLNG":-81.22725,"SLAT":28.55173},"geometry":{"type":"Polygon","coordinates":[[[-81.22919,28.56936],[-81.20767,28.56687],[-81.20724,28.56355],[-81.20696,28.55603],[-81.20639,28.55457],[-81.20404,28.55076],[-81.20383,28.54965],[-81.20381,28.54679],[-81.21695,28.54666],[-81.21862,28.54643],[-81.22062,28.54554],[-81.22777,28.54039],[-81.22904,28.53978],[-81.23038,28.53947],[-81.24578,28.53935],[-81.24579,28.54119],[-81.24847,28.54116],[-81.24851,28.54741],[-81.24435,28.54729],[-81.24455,28.55047],[-81.23407,28.55052],[-81.23407,28.5534],[-81.23446,28.55339],[-81.23445,28.55422],[-81.23206,28.55423],[-81.23221,28.56184],[-81.2314,28.56187],[-81.23139,28.56143],[-81.22813,28.56155],[-81.22819,28.56833],[-81.22921,28.56831],[-81.22919,28.56936]]]}},{"type":"Feature","properties":{"SCHOOL":"ENDEAVOR","TYPE":"ES","ADDR":"13501 Balcombe Rd, Orlando 32837","WEB":"https://endeavores.ocps.net","PHONE":"407.251.2560","SLNG":-81.39817,"SLAT":28.36841},"geometry":{"type":"Polygon","coordinates":[[[-81.41528,28.3755],[-81.41277,28.37529],[-81.40984,28.37465],[-81.39695,28.36972],[-81.39354,28.36872],[-81.3891,28.36813],[-81.38164,28.36819],[-81.38241,28.36725],[-81.38687,28.36006],[-81.39114,28.35419],[-81.39132,28.35367],[-81.39124,28.35292],[-81.38515,28.35292],[-81.38315,28.34797],[-81.41964,28.34794],[-81.41967,28.35474],[-81.41982,28.35599],[-81.42031,28.35761],[-81.42211,28.36095],[-81.42157,28.36119],[-81.42135,28.36087],[-81.42104,28.36101],[-81.4208,28.36057],[-81.41879,28.36135],[-81.41686,28.36258],[-81.41688,28.36348],[-81.41793,28.36679],[-81.41826,28.36665],[-81.41843,28.36728],[-81.41783,28.36793],[-81.41806,28.36872],[-81.41919,28.36975],[-81.41954,28.37085],[-81.42044,28.37176],[-81.42104,28.37157],[-81.4217,28.37219],[-81.42246,28.37201],[-81.42264,28.37216],[-81.42252,28.3725],[-81.42271,28.37261],[-81.42379,28.3726],[-81.42579,28.37143],[-81.4258,28.3727],[-81.42305,28.37412],[-81.42061,28.3749],[-81.41812,28.37536],[-81.41528,28.3755]]]}},{"type":"Feature","properties":{"SCHOOL":"CITRUS","TYPE":"ES","ADDR":"87 N Clarke Rd, Ocoee 34761","WEB":"https://citruses.ocps.net","PHONE":"407.445.5475","SLNG":-81.51521,"SLAT":28.57084},"geometry":{"type":"Polygon","coordinates":[[[-81.49683,28.58848],[-81.4968,28.58701],[-81.49654,28.58621],[-81.49682,28.58549],[-81.49682,28.5776],[-81.49952,28.57758],[-81.49945,28.57423],[-81.49992,28.5731],[-81.49975,28.57249],[-81.49921,28.5726],[-81.49908,28.57226],[-81.49852,28.57264],[-81.49737,28.57254],[-81.49566,28.57164],[-81.49492,28.57101],[-81.49552,28.57036],[-81.49467,28.56946],[-81.49465,28.56656],[-81.49372,28.56657],[-81.49372,28.56588],[-81.49473,28.56571],[-81.49569,28.56422],[-81.49589,28.56373],[-81.49582,28.56291],[-81.49668,28.56291],[-81.49666,28.55925],[-81.50493,28.55923],[-81.50494,28.56286],[-81.51795,28.56273],[-81.52066,28.56294],[-81.52278,28.56271],[-81.52278,28.56331],[-81.52263,28.56331],[-81.52267,28.56633],[-81.52366,28.56632],[-81.52366,28.56692],[-81.52456,28.56692],[-81.52471,28.56707],[-81.5249,28.56792],[-81.52458,28.56878],[-81.52579,28.56934],[-81.5258,28.56996],[-81.52668,28.5701],[-81.52787,28.56981],[-81.52787,28.56996],[-81.52994,28.56996],[-81.52995,28.57199],[-81.52981,28.57196],[-81.52964,28.57256],[-81.5295,28.57367],[-81.52264,28.57363],[-81.52269,28.57728],[-81.52377,28.57728],[-81.52386,28.57978],[-81.52306,28.57979],[-81.52245,28.57928],[-81.52167,28.58046],[-81.52177,28.58533],[-81.50857,28.58839],[-81.49683,28.58848]]]}},{"type":"Feature","properties":{"SCHOOL":"CAMELOT","TYPE":"ES","ADDR":"14501 Waterford Chase Pkwy, Orlando 32828","WEB":"https://camelotes.ocps.net","PHONE":"407.207.3875","SLNG":-81.16099,"SLAT":28.55169},"geometry":{"type":"MultiPolygon","coordinates":[[[[-81.14487,28.55448],[-81.14497,28.55265],[-81.14227,28.55266],[-81.14226,28.55084],[-81.13258,28.55087],[-81.13257,28.54721],[-81.12853,28.54723],[-81.12833,28.54352],[-81.1244,28.54354],[-81.1242,28.5399],[-81.12414,28.53069],[-81.12817,28.5307],[-81.1283,28.52515],[-81.13656,28.52513],[-81.13668,28.53981],[-81.14481,28.53981],[-81.14524,28.54709],[-81.15122,28.54703],[-81.15118,28.54329],[-81.15251,28.54328],[-81.15246,28.54145],[-81.15425,28.54278],[-81.15634,28.54354],[-81.15634,28.54338],[-81.16555,28.54337],[-81.1655,28.53605],[-81.16967,28.53605],[-81.1697,28.53972],[-81.17805,28.53971],[-81.17814,28.55428],[-81.17535,28.5543],[-81.17533,28.55178],[-81.16976,28.55171],[-81.16976,28.55078],[-81.16537,28.55072],[-81.16542,28.55101],[-81.1645,28.551],[-81.1645,28.55115],[-81.16413,28.5512],[-81.16407,28.55179],[-81.16228,28.55178],[-81.16229,28.55263],[-81.16195,28.55257],[-81.16195,28.55284],[-81.16179,28.55284],[-81.16179,28.55259],[-81.16143,28.55259],[-81.16144,28.55341],[-81.15742,28.55349],[-81.15741,28.55191],[-81.15332,28.55194],[-81.1533,28.55449],[-81.14487,28.55448]]],[[[-81.20321,28.5597],[-81.20314,28.55774],[-81.20708,28.55766],[-81.20724,28.56355],[-81.20767,28.56687],[-81.19805,28.56577],[-81.19798,28.56162],[-81.19904,28.56159],[-81.199,28.5598],[-81.20321,28.5597]]]]}},{"type":"Feature","properties":{"SCHOOL":"AVALON","TYPE":"ES","ADDR":"13500 Tanja King Blvd, Orlando 32828","WEB":"https://avalones.ocps.net","PHONE":"407.207.3825","SLNG":-81.14849,"SLAT":28.51081},"geometry":{"type":"Polygon","coordinates":[[[-81.13054,28.52515],[-81.13065,28.52275],[-81.13429,28.51773],[-81.13803,28.51425],[-81.13896,28.50702],[-81.13645,28.50325],[-81.1352,28.49737],[-81.1341,28.49659],[-81.14308,28.49658],[-81.14309,28.49727],[-81.15833,28.49723],[-81.15841,28.50198],[-81.15904,28.50322],[-81.16019,28.5042],[-81.15949,28.50521],[-81.15842,28.50613],[-81.15679,28.50837],[-81.15593,28.51287],[-81.15454,28.51567],[-81.15409,28.51627],[-81.15373,28.51635],[-81.1534,28.51689],[-81.15026,28.52316],[-81.15018,28.5251],[-81.13054,28.52515]]]}},{"type":"Feature","properties":{"SCHOOL":"PINELOCH","TYPE":"ES","ADDR":"3101 Woods Ave, Orlando 32805","WEB":"https://pineloches.ocps.net","PHONE":"407.245.1825","SLNG":-81.39386,"SLAT":28.50958},"geometry":{"type":"Polygon","coordinates":[[[-81.38851,28.48454],[-81.39063,28.48451],[-81.3913,28.4848],[-81.39131,28.48698],[-81.39294,28.48698],[-81.39382,28.48608],[-81.3946,28.48607],[-81.3946,28.48588],[-81.39677,28.48588],[-81.39676,28.48408],[-81.39884,28.48406],[-81.39883,28.48252],[-81.39969,28.4825],[-81.39969,28.48285],[-81.40039,28.48284],[-81.40039,28.48421],[-81.40071,28.48428],[-81.4007,28.48352],[-81.40281,28.4834],[-81.40272,28.48313],[-81.40504,28.48297],[-81.40506,28.48498],[-81.4061,28.48544],[-81.40524,28.48641],[-81.40507,28.48717],[-81.40297,28.48663],[-81.40298,28.48803],[-81.40314,28.48829],[-81.40316,28.49027],[-81.40301,28.49027],[-81.40301,28.49068],[-81.4034,28.49068],[-81.4034,28.48968],[-81.40509,28.48966],[-81.40513,28.49123],[-81.40385,28.49142],[-81.40387,28.49278],[-81.4045,28.49389],[-81.40512,28.49388],[-81.40513,28.49438],[-81.40094,28.49442],[-81.40096,28.49575],[-81.40514,28.49569],[-81.40517,28.49988],[-81.40216,28.4999],[-81.40219,28.50263],[-81.40105,28.50264],[-81.40114,28.50933],[-81.39914,28.50946],[-81.39696,28.5101],[-81.39702,28.51541],[-81.39627,28.51542],[-81.39626,28.51505],[-81.39421,28.51508],[-81.39421,28.51545],[-81.39406,28.51546],[-81.39405,28.51509],[-81.39286,28.5151],[-81.39287,28.51548],[-81.39247,28.51548],[-81.39247,28.51511],[-81.39082,28.51526],[-81.39082,28.51493],[-81.38979,28.5155],[-81.38777,28.5159],[-81.38658,28.51708],[-81.38658,28.51652],[-81.37636,28.51658],[-81.37616,28.49937],[-81.37494,28.49468],[-81.37399,28.49247],[-81.37276,28.4875],[-81.38155,28.48735],[-81.3815,28.4845],[-81.38505,28.48447],[-81.38505,28.4843],[-81.38643,28.48429],[-81.38642,28.48362],[-81.38851,28.48361],[-81.38851,28.48454]]]}},{"type":"Feature","properties":{"SCHOOL":"WEST CREEK","TYPE":"ES","ADDR":"5119 Tacon Dr, Orlando 32837","WEB":"https://westcreekes.ocps.net","PHONE":"407.656.6228","SLNG":-81.45681,"SLAT":28.358},"geometry":{"type":"Polygon","coordinates":[[[-81.45793,28.36973],[-81.45709,28.37023],[-81.4569,28.37066],[-81.45598,28.37106],[-81.45507,28.37135],[-81.45422,28.37136],[-81.45341,28.37168],[-81.45272,28.3716],[-81.45274,28.37365],[-81.43749,28.37355],[-81.43749,28.37482],[-81.43685,28.37625],[-81.42579,28.37631],[-81.4258,28.3727],[-81.4283,28.37086],[-81.43784,28.36221],[-81.43981,28.36086],[-81.44228,28.35964],[-81.44487,28.35637],[-81.44631,28.35399],[-81.44532,28.35219],[-81.44499,28.35119],[-81.44318,28.35186],[-81.44311,28.351],[-81.44405,28.35054],[-81.44521,28.3494],[-81.44605,28.34792],[-81.45776,28.34786],[-81.45775,28.34731],[-81.46244,28.34728],[-81.46243,28.35486],[-81.4578,28.35591],[-81.45793,28.36973]]]}},{"type":"Feature","properties":{"SCHOOL":"THORNEBROOKE","TYPE":"ES","ADDR":"601Thornebrooke Rd, Ocoee 34761","WEB":"https://thornebrookees.ocps.net","PHONE":"407.909.1301","SLNG":-81.53483,"SLAT":28.52505},"geometry":{"type":"Polygon","coordinates":[[[-81.5338,28.54807],[-81.52939,28.54802],[-81.52069,28.54606],[-81.51873,28.54522],[-81.51655,28.54378],[-81.51326,28.5448],[-81.50886,28.5455],[-81.50883,28.53045],[-81.5084,28.53003],[-81.50725,28.53],[-81.50879,28.52814],[-81.50874,28.52369],[-81.50855,28.52322],[-81.5081,28.52284],[-81.50639,28.52274],[-81.50824,28.52046],[-81.50863,28.51937],[-81.5085,28.50638],[-81.50798,28.50369],[-81.5099,28.50369],[-81.51047,28.50306],[-81.51185,28.50353],[-81.51239,28.50346],[-81.51271,28.50308],[-81.51345,28.50307],[-81.5141,28.50483],[-81.51453,28.50491],[-81.51484,28.50469],[-81.51484,28.5022],[-81.51686,28.50203],[-81.51685,28.50445],[-81.52516,28.50446],[-81.52504,28.51175],[-81.52914,28.51174],[-81.52917,28.51356],[-81.53449,28.51354],[-81.53452,28.51482],[-81.53533,28.51482],[-81.53527,28.51169],[-81.53729,28.51165],[-81.53737,28.51622],[-81.54087,28.51622],[-81.54083,28.51544],[-81.54216,28.51544],[-81.54152,28.51801],[-81.54178,28.52983],[-81.5335,28.52987],[-81.53368,28.53753],[-81.53467,28.53827],[-81.53461,28.5391],[-81.53491,28.53953],[-81.53371,28.53976],[-81.5338,28.54807]]]}},{"type":"Feature","properties":{"SCHOOL":"EAGLES NEST","TYPE":"ES","ADDR":"5353 Metrowest Blvd, Orlando 32811","WEB":"https://eaglesnestes.ocps.net","PHONE":"407.521.2795","SLNG":-81.4531,"SLAT":28.51694},"geometry":{"type":"Polygon","coordinates":[[[-81.45477,28.53034],[-81.45274,28.53034],[-81.45215,28.52971],[-81.4512,28.5294],[-81.45045,28.52943],[-81.44919,28.52992],[-81.44918,28.52872],[-81.44882,28.52872],[-81.4488,28.52775],[-81.44223,28.52783],[-81.44209,28.52368],[-81.44232,28.52368],[-81.44231,28.52338],[-81.44197,28.52337],[-81.44195,28.51592],[-81.44212,28.51592],[-81.44208,28.51042],[-81.44249,28.51041],[-81.44245,28.50667],[-81.44371,28.50557],[-81.44469,28.50504],[-81.44604,28.50477],[-81.45899,28.50466],[-81.45929,28.53121],[-81.45477,28.53125],[-81.45477,28.53034]]]}},{"type":"Feature","properties":{"SCHOOL":"LAKE GEM","TYPE":"ES","ADDR":"4801 Bloodhound St, Orlando 32818","WEB":"https://lakegemes.ocps.net","PHONE":"407.532.7900","SLNG":-81.4876,"SLAT":28.60497},"geometry":{"type":"Polygon","coordinates":[[[-81.48462,28.61401],[-81.47577,28.61366],[-81.47051,28.6124],[-81.46796,28.61102],[-81.46683,28.6107],[-81.45979,28.61107],[-81.45976,28.60557],[-81.46172,28.6055],[-81.46171,28.60377],[-81.46378,28.60362],[-81.46375,28.59627],[-81.4658,28.59621],[-81.46581,28.59662],[-81.46739,28.59658],[-81.46739,28.59617],[-81.46788,28.59615],[-81.46783,28.58907],[-81.47115,28.58906],[-81.47114,28.58871],[-81.47194,28.58869],[-81.47194,28.58888],[-81.47608,28.58882],[-81.47611,28.59317],[-81.47817,28.59316],[-81.47826,28.59957],[-81.4845,28.59953],[-81.4845,28.60044],[-81.48988,28.6004],[-81.4899,28.60303],[-81.49281,28.603],[-81.49275,28.60675],[-81.49407,28.60675],[-81.49404,28.60849],[-81.49272,28.60849],[-81.49268,28.61041],[-81.49189,28.61042],[-81.4919,28.61115],[-81.49415,28.61114],[-81.49417,28.61241],[-81.49187,28.61241],[-81.48995,28.61346],[-81.48462,28.61401]]]}},{"type":"Feature","properties":{"SCHOOL":"PRINCETON","TYPE":"ES","ADDR":"311 W Princeton St, Orlando 32804","WEB":"https://princetones.ocps.net","PHONE":"407.245.1840","SLNG":-81.38403,"SLAT":28.57205},"geometry":{"type":"Polygon","coordinates":[[[-81.38978,28.59298],[-81.38208,28.59305],[-81.37626,28.58794],[-81.37565,28.58695],[-81.37527,28.5858],[-81.37514,28.58225],[-81.37009,28.58233],[-81.36962,28.58189],[-81.3691,28.58234],[-81.36842,28.58233],[-81.36491,28.58432],[-81.36486,28.58227],[-81.36438,28.5802],[-81.36446,28.57032],[-81.36596,28.57041],[-81.36809,28.57151],[-81.36901,28.57177],[-81.37282,28.57135],[-81.37269,28.566],[-81.37296,28.56293],[-81.37352,28.56165],[-81.37693,28.55955],[-81.37687,28.55306],[-81.38766,28.55298],[-81.38768,28.55504],[-81.38847,28.55661],[-81.38816,28.55919],[-81.38929,28.56085],[-81.38954,28.58204],[-81.39286,28.58481],[-81.39349,28.58556],[-81.39377,28.58631],[-81.39388,28.58911],[-81.39428,28.59072],[-81.39366,28.59088],[-81.39356,28.59122],[-81.39323,28.59122],[-81.39325,28.59251],[-81.393,28.59252],[-81.39299,28.59211],[-81.38977,28.59215],[-81.38978,28.59298]]]}},{"type":"Feature","properties":{"SCHOOL":"WEST OAKS","TYPE":"ES","ADDR":"905 Dorscher Rd, Orlando 32818","WEB":"https://westoakses.ocps.net","PHONE":"407.858.5920","SLNG":-81.48265,"SLAT":28.55671},"geometry":{"type":"Polygon","coordinates":[[[-81.4989,28.57652],[-81.49808,28.57589],[-81.49677,28.57639],[-81.49676,28.57382],[-81.4945,28.57383],[-81.49431,28.57323],[-81.49096,28.57325],[-81.49096,28.57385],[-81.48849,28.57386],[-81.48843,28.56294],[-81.48822,28.56294],[-81.48822,28.56262],[-81.48425,28.56264],[-81.48426,28.56296],[-81.48003,28.56298],[-81.48002,28.56119],[-81.47591,28.56121],[-81.4759,28.55209],[-81.48971,28.55198],[-81.48982,28.55634],[-81.49146,28.55928],[-81.49666,28.55925],[-81.49668,28.56291],[-81.49582,28.56291],[-81.49589,28.56373],[-81.49569,28.56422],[-81.49473,28.56571],[-81.49372,28.56588],[-81.49372,28.56657],[-81.49465,28.56656],[-81.49467,28.56946],[-81.49552,28.57036],[-81.49492,28.57101],[-81.49566,28.57164],[-81.49737,28.57254],[-81.49852,28.57264],[-81.49908,28.57226],[-81.49921,28.5726],[-81.49975,28.57249],[-81.49992,28.57315],[-81.49946,28.5742],[-81.49951,28.57652],[-81.4989,28.57652]]]}},{"type":"Feature","properties":{"SCHOOL":"RIVERDALE","TYPE":"ES","ADDR":"11301 Lokanotosa Trl, Orlando 32817","WEB":"https://riverdalees.ocps.net","PHONE":"407.737.1400","SLNG":-81.21816,"SLAT":28.58491},"geometry":{"type":"Polygon","coordinates":[[[-81.18692,28.61204],[-81.18666,28.59075],[-81.18904,28.59073],[-81.18903,28.58899],[-81.18945,28.58899],[-81.18945,28.58822],[-81.19227,28.58821],[-81.19221,28.5867],[-81.19176,28.5856],[-81.18986,28.58377],[-81.18985,28.58345],[-81.18871,28.58346],[-81.18871,28.58141],[-81.18824,28.58141],[-81.18806,28.58104],[-81.18746,28.58085],[-81.18729,28.5806],[-81.18779,28.58058],[-81.18774,28.57257],[-81.18971,28.57262],[-81.18965,28.56891],[-81.19038,28.56895],[-81.19036,28.56533],[-81.19622,28.56556],[-81.23189,28.56966],[-81.23601,28.56989],[-81.23589,28.57029],[-81.23603,28.57074],[-81.23657,28.57074],[-81.23604,28.57102],[-81.23635,28.57201],[-81.24076,28.57196],[-81.24084,28.57566],[-81.24323,28.57565],[-81.24417,28.57596],[-81.24499,28.57599],[-81.24514,28.58982],[-81.24468,28.59748],[-81.22566,28.59761],[-81.22563,28.59891],[-81.22642,28.5989],[-81.22639,28.59945],[-81.22836,28.59944],[-81.22823,28.60129],[-81.22628,28.6013],[-81.22601,28.605],[-81.22613,28.60866],[-81.2275,28.60865],[-81.22763,28.60906],[-81.22584,28.60988],[-81.22564,28.61009],[-81.22595,28.61049],[-81.22574,28.61081],[-81.22525,28.61079],[-81.22469,28.61178],[-81.18692,28.61204]]]}},{"type":"Feature","properties":{"SCHOOL":"LAKE GEORGE","TYPE":"ES","ADDR":"4101 Gatlin Ave, Orlando 32812","WEB":"https://lakegeorgees.ocps.net","PHONE":"407.737.1430","SLNG":-81.31623,"SLAT":28.49609},"geometry":{"type":"Polygon","coordinates":[[[-81.31955,28.51482],[-81.31035,28.5146],[-81.31017,28.48793],[-81.31842,28.4879],[-81.31845,28.49517],[-81.33086,28.49509],[-81.33096,28.51332],[-81.32883,28.51334],[-81.32803,28.51355],[-81.32727,28.51411],[-81.32577,28.51602],[-81.32435,28.51658],[-81.32226,28.51642],[-81.32035,28.51511],[-81.31955,28.51482]]]}},{"type":"Feature","properties":{"SCHOOL":"KILLARNEY","TYPE":"ES","ADDR":"2401 Wellington Blvd, Winter Park 32789","WEB":"https://killarneyes.ocps.net","PHONE":"407.623.1438","SLNG":-81.38262,"SLAT":28.59583},"geometry":{"type":"Polygon","coordinates":[[[-81.42847,28.61045],[-81.42478,28.60802],[-81.42569,28.60694],[-81.42708,28.60681],[-81.42697,28.60667],[-81.4271,28.60654],[-81.42728,28.60669],[-81.42871,28.60658],[-81.42728,28.60462],[-81.42638,28.60482],[-81.42554,28.60471],[-81.42481,28.60428],[-81.4243,28.60358],[-81.42168,28.60557],[-81.41943,28.60276],[-81.41686,28.59794],[-81.4121,28.60031],[-81.40994,28.60111],[-81.40626,28.60446],[-81.40473,28.60537],[-81.4026,28.60585],[-81.39528,28.60589],[-81.3941,28.60641],[-81.39256,28.60787],[-81.39134,28.60837],[-81.39036,28.60838],[-81.38947,28.60814],[-81.38876,28.60771],[-81.38724,28.60624],[-81.38585,28.60582],[-81.36521,28.60596],[-81.36491,28.58432],[-81.36842,28.58233],[-81.3691,28.58234],[-81.36962,28.58189],[-81.37009,28.58233],[-81.37514,28.58225],[-81.37527,28.5858],[-81.37587,28.58737],[-81.37679,28.58852],[-81.38208,28.59305],[-81.38978,28.59298],[-81.38977,28.59215],[-81.39299,28.59211],[-81.393,28.59252],[-81.39325,28.59251],[-81.39323,28.59122],[-81.39356,28.59122],[-81.39366,28.59088],[-81.39427,28.59072],[-81.39433,28.59087],[-81.39486,28.59086],[-81.39507,28.59126],[-81.398,28.59102],[-81.40216,28.59102],[-81.40214,28.59003],[-81.4063,28.58999],[-81.40634,28.59279],[-81.41047,28.59275],[-81.41045,28.59082],[-81.41264,28.58993],[-81.41316,28.59092],[-81.41546,28.5909],[-81.41547,28.59167],[-81.41809,28.59165],[-81.41723,28.59044],[-81.41678,28.58903],[-81.41662,28.58178],[-81.4309,28.58171],[-81.43094,28.58903],[-81.42687,28.58901],[-81.42688,28.59121],[-81.42273,28.59124],[-81.42286,28.5977],[-81.42416,28.59637],[-81.42515,28.59672],[-81.42458,28.59722],[-81.4243,28.59789],[-81.42439,28.5991],[-81.42406,28.60059],[-81.42444,28.60166],[-81.42551,28.60246],[-81.42573,28.60202],[-81.42753,28.6022],[-81.42878,28.60271],[-81.43107,28.60274],[-81.43105,28.60364],[-81.43189,28.60377],[-81.43161,28.60655],[-81.43135,28.60655],[-81.43142,28.60961],[-81.42915,28.6096],[-81.42847,28.61045]]]}},{"type":"Feature","properties":{"SCHOOL":"ANDOVER","TYPE":"ES","ADDR":"3100 Sanctuary Point Blvd, Orlando 32825","WEB":"https://andoveres.ocps.net","PHONE":"407.658.6800","SLNG":-81.22264,"SLAT":28.50839},"geometry":{"type":"Polygon","coordinates":[[[-81.21933,28.53941],[-81.21921,28.53691],[-81.2189,28.53595],[-81.21794,28.53492],[-81.21649,28.53437],[-81.21504,28.53446],[-81.21377,28.53511],[-81.2112,28.53867],[-81.20978,28.53797],[-81.2079,28.53777],[-81.20769,28.53637],[-81.20507,28.52812],[-81.20392,28.52638],[-81.20242,28.52535],[-81.20082,28.52484],[-81.1945,28.52465],[-81.19447,28.51452],[-81.18636,28.51459],[-81.18561,28.51318],[-81.18456,28.51211],[-81.18321,28.51136],[-81.18173,28.51097],[-81.17117,28.51094],[-81.16956,28.51069],[-81.16787,28.50987],[-81.16019,28.5042],[-81.16122,28.50318],[-81.16116,28.46661],[-81.18625,28.46654],[-81.18624,28.47384],[-81.22764,28.47365],[-81.2276,28.48198],[-81.22872,28.48311],[-81.22948,28.48458],[-81.23175,28.48457],[-81.23174,28.48822],[-81.23085,28.48822],[-81.23137,28.4896],[-81.24249,28.48956],[-81.24325,28.49307],[-81.24332,28.49794],[-81.24373,28.5005],[-81.24438,28.50243],[-81.24791,28.51009],[-81.21525,28.51029],[-81.21385,28.5106],[-81.21258,28.51121],[-81.21155,28.51208],[-81.21074,28.51331],[-81.21042,28.51435],[-81.21038,28.51558],[-81.21216,28.52486],[-81.22795,28.52462],[-81.228,28.53509],[-81.22704,28.5347],[-81.22725,28.53454],[-81.22698,28.53445],[-81.22698,28.53468],[-81.22649,28.53508],[-81.2261,28.53513],[-81.22607,28.53465],[-81.22645,28.53444],[-81.22615,28.53443],[-81.22529,28.53487],[-81.2257,28.53522],[-81.22508,28.53581],[-81.22483,28.53582],[-81.22465,28.53546],[-81.22392,28.53536],[-81.22326,28.53625],[-81.22344,28.53686],[-81.22225,28.53675],[-81.2223,28.53627],[-81.22311,28.53537],[-81.22296,28.53505],[-81.22255,28.53487],[-81.22244,28.53508],[-81.2217,28.53537],[-81.22147,28.53513],[-81.22148,28.53534],[-81.22122,28.5353],[-81.22092,28.53652],[-81.2212,28.53665],[-81.22107,28.53716],[-81.22146,28.53809],[-81.22078,28.53832],[-81.22075,28.53854],[-81.22081,28.53935],[-81.22144,28.53918],[-81.22164,28.5394],[-81.22139,28.5406],[-81.22059,28.54142],[-81.21974,28.54043],[-81.21933,28.53941]]]}},{"type":"Feature","properties":{"SCHOOL":"HAMLIN","TYPE":"ES","ADDR":"16145 Silver Grove Blvd, Winter Garden 34787","WEB":"https://hamlines.ocps.net","PHONE":"407.395.9830","SLNG":-81.64953,"SLAT":28.46664},"geometry":{"type":"Polygon","coordinates":[[[-81.63789,28.53639],[-81.63789,28.5199],[-81.63665,28.52026],[-81.63429,28.52053],[-81.63293,28.52094],[-81.63265,28.52107],[-81.63265,28.52166],[-81.62853,28.52168],[-81.62834,28.50738],[-81.61008,28.50739],[-81.62942,28.48398],[-81.63089,28.48151],[-81.63137,28.48001],[-81.6316,28.47845],[-81.63154,28.46787],[-81.63184,28.46565],[-81.63252,28.46384],[-81.63392,28.4617],[-81.63576,28.45981],[-81.6368,28.45986],[-81.63715,28.45971],[-81.63655,28.45847],[-81.63633,28.45717],[-81.63614,28.44327],[-81.63635,28.44163],[-81.64793,28.44152],[-81.64793,28.44334],[-81.65064,28.44331],[-81.65064,28.44513],[-81.65748,28.44507],[-81.65754,28.49246],[-81.65734,28.5361],[-81.65412,28.53616],[-81.65312,28.53561],[-81.65261,28.53566],[-81.65267,28.53542],[-81.6525,28.53566],[-81.65211,28.53557],[-81.65017,28.53418],[-81.64989,28.53415],[-81.64981,28.53441],[-81.64955,28.53446],[-81.64861,28.53396],[-81.64794,28.53463],[-81.64725,28.53436],[-81.64609,28.53463],[-81.64567,28.53443],[-81.64546,28.53403],[-81.64383,28.53499],[-81.64322,28.53636],[-81.63789,28.53639]]]}},{"type":"Feature","properties":{"SCHOOL":"TILDENVILLE","TYPE":"ES","ADDR":"1221 Brick Rd, Winter Garden 34787","WEB":"https://tildenvillees.ocps.net","PHONE":"407.877.5054","SLNG":-81.60661,"SLAT":28.55792},"geometry":{"type":"Polygon","coordinates":[[[-81.64614,28.56216],[-81.64614,28.56185],[-81.64583,28.56204],[-81.64542,28.5619],[-81.64526,28.56144],[-81.64494,28.56127],[-81.64479,28.56146],[-81.64494,28.56176],[-81.64468,28.56137],[-81.6446,28.56155],[-81.64457,28.56131],[-81.6442,28.56134],[-81.64419,28.56109],[-81.64397,28.56099],[-81.64389,28.56115],[-81.64379,28.56085],[-81.64333,28.56098],[-81.64276,28.56059],[-81.64268,28.56081],[-81.6423,28.56062],[-81.64201,28.56083],[-81.6419,28.56057],[-81.64073,28.56094],[-81.6404,28.56164],[-81.63887,28.56229],[-81.63831,28.56231],[-81.63832,28.56245],[-81.63817,28.56228],[-81.63818,28.56246],[-81.6377,28.56225],[-81.63603,28.56225],[-81.63425,28.56153],[-81.63388,28.56166],[-81.63385,28.56153],[-81.63238,28.56224],[-81.63053,28.56248],[-81.6286,28.56244],[-81.62819,28.56261],[-81.62602,28.56231],[-81.62494,28.56272],[-81.62468,28.5633],[-81.62439,28.56326],[-81.6243,28.56285],[-81.62391,28.56286],[-81.62164,28.56394],[-81.61951,28.56405],[-81.61836,28.56385],[-81.61724,28.56406],[-81.61642,28.56451],[-81.61544,28.56445],[-81.61367,28.56484],[-81.61254,28.56551],[-81.61194,28.56546],[-81.61062,28.56605],[-81.61021,28.56644],[-81.60899,28.56702],[-81.60867,28.56757],[-81.60805,28.56808],[-81.60682,28.56815],[-81.60537,28.56961],[-81.60472,28.5698],[-81.6048,28.56968],[-81.6045,28.5698],[-81.60285,28.56966],[-81.60231,28.57006],[-81.60226,28.56631],[-81.60195,28.56631],[-81.60195,28.56573],[-81.60085,28.56573],[-81.60082,28.56631],[-81.60019,28.56631],[-81.60018,28.56573],[-81.5932,28.56575],[-81.5932,28.56596],[-81.59192,28.56596],[-81.59181,28.55104],[-81.62039,28.55107],[-81.62038,28.54741],[-81.62174,28.54741],[-81.62245,28.54675],[-81.62245,28.54376],[-81.62453,28.54376],[-81.62447,28.53634],[-81.64322,28.53636],[-81.64383,28.53499],[-81.64546,28.53403],[-81.64567,28.53443],[-81.64609,28.53463],[-81.64725,28.53436],[-81.64794,28.53463],[-81.64861,28.53396],[-81.64955,28.53446],[-81.64981,28.53441],[-81.64989,28.53415],[-81.65017,28.53418],[-81.65211,28.53557],[-81.6525,28.53566],[-81.65267,28.53542],[-81.65261,28.53566],[-81.65312,28.53561],[-81.65412,28.53616],[-81.65734,28.5361],[-81.65731,28.55706],[-81.65566,28.55734],[-81.65293,28.55718],[-81.65105,28.55821],[-81.65083,28.55815],[-81.65089,28.55831],[-81.6505,28.55862],[-81.65013,28.55853],[-81.65015,28.55874],[-81.64979,28.55889],[-81.64911,28.55987],[-81.6485,28.56207],[-81.64855,28.56302],[-81.64834,28.56413],[-81.64799,28.56467],[-81.64735,28.56468],[-81.64644,28.56309],[-81.64661,28.56274],[-81.64655,28.56226],[-81.64614,28.56216]]]}},{"type":"Feature","properties":{"SCHOOL":"PINEWOOD","TYPE":"ES","ADDR":"3005 N Apopka Vineland Rd, Orlando 32818","WEB":"https://pinewoodes.ocps.net","PHONE":"407.532.7930","SLNG":-81.49113,"SLAT":28.58362},"geometry":{"type":"Polygon","coordinates":[[[-81.47611,28.59317],[-81.47607,28.5776],[-81.48025,28.57746],[-81.48323,28.57761],[-81.49102,28.57754],[-81.49096,28.57325],[-81.49431,28.57323],[-81.4945,28.57383],[-81.49676,28.57382],[-81.49677,28.57639],[-81.49808,28.57589],[-81.4989,28.57652],[-81.49951,28.57652],[-81.49952,28.57758],[-81.49682,28.5776],[-81.49682,28.58549],[-81.49654,28.58621],[-81.4968,28.58701],[-81.49682,28.59215],[-81.48861,28.5922],[-81.48862,28.59302],[-81.47817,28.59316],[-81.47611,28.59317]]]}},{"type":"Feature","properties":{"SCHOOL":"PERSHING SCHOOL","TYPE":"K8","ADDR":"1800 Pershing Ave, Orlando 32806","WEB":"https://pershinges.ocps.net","PHONE":"407.858.3160","SLNG":-81.35456,"SLAT":28.49757},"geometry":{"type":"Polygon","coordinates":[[[-81.3516,28.51319],[-81.34693,28.5132],[-81.34688,28.51232],[-81.34707,28.51232],[-81.34707,28.51199],[-81.34693,28.51199],[-81.34689,28.50948],[-81.34733,28.50948],[-81.34733,28.50918],[-81.34697,28.50918],[-81.34689,28.5071],[-81.34731,28.5071],[-81.3473,28.50656],[-81.34688,28.50657],[-81.34688,28.50638],[-81.34708,28.50638],[-81.34708,28.50592],[-81.3463,28.50593],[-81.34629,28.5055],[-81.34587,28.50551],[-81.34584,28.50229],[-81.3309,28.50241],[-81.33085,28.49292],[-81.33797,28.49288],[-81.33851,28.49316],[-81.33909,28.49432],[-81.33937,28.49446],[-81.33955,28.49428],[-81.33955,28.49451],[-81.34001,28.49446],[-81.34001,28.49431],[-81.34032,28.49438],[-81.34063,28.49504],[-81.3411,28.4952],[-81.34219,28.49525],[-81.34282,28.49496],[-81.34336,28.49508],[-81.34447,28.49483],[-81.34523,28.49487],[-81.34553,28.49432],[-81.34615,28.49416],[-81.34662,28.49437],[-81.34645,28.49457],[-81.34656,28.49555],[-81.34594,28.49643],[-81.34666,28.49673],[-81.34809,28.49626],[-81.34843,28.49512],[-81.34864,28.49495],[-81.34833,28.49495],[-81.3484,28.49461],[-81.35035,28.49434],[-81.35146,28.49351],[-81.35181,28.49263],[-81.34928,28.49062],[-81.3477,28.48988],[-81.34827,28.48803],[-81.34826,28.48648],[-81.34852,28.48595],[-81.34931,28.48543],[-81.34964,28.48446],[-81.34966,28.48367],[-81.34939,28.48372],[-81.34893,28.48295],[-81.34889,28.48235],[-81.34954,28.48163],[-81.35054,28.48169],[-81.35057,28.48146],[-81.34776,28.48112],[-81.34659,28.48062],[-81.34565,28.47987],[-81.34419,28.47926],[-81.34286,28.47821],[-81.34214,28.47732],[-81.34209,28.4776],[-81.34046,28.47542],[-81.33998,28.47569],[-81.33957,28.47557],[-81.33931,28.47504],[-81.33941,28.4747],[-81.34009,28.47451],[-81.33818,28.47412],[-81.33765,28.47372],[-81.33652,28.47356],[-81.33627,28.47318],[-81.33608,28.47318],[-81.33605,28.47227],[-81.33624,28.47184],[-81.33709,28.47132],[-81.33788,28.47125],[-81.3387,28.47161],[-81.33943,28.47012],[-81.34038,28.47002],[-81.34147,28.46814],[-81.34212,28.4676],[-81.34226,28.46642],[-81.34307,28.46606],[-81.34307,28.46586],[-81.34354,28.46589],[-81.34404,28.46566],[-81.34416,28.46593],[-81.34447,28.46571],[-81.34432,28.46551],[-81.3445,28.4654],[-81.34441,28.46528],[-81.34577,28.46479],[-81.34604,28.46584],[-81.34627,28.46584],[-81.34598,28.46472],[-81.34754,28.46471],[-81.34799,28.46517],[-81.3483,28.46446],[-81.34851,28.46454],[-81.34868,28.46387],[-81.34988,28.46389],[-81.35012,28.4637],[-81.35168,28.46351],[-81.35176,28.46371],[-81.3522,28.4637],[-81.35212,28.46354],[-81.35295,28.46347],[-81.35369,28.46297],[-81.3541,28.46303],[-81.35489,28.46368],[-81.35567,28.46362],[-81.35681,28.46414],[-81.35739,28.4642],[-81.35766,28.46396],[-81.35786,28.46324],[-81.35757,28.46224],[-81.3556,28.4614],[-81.3552,28.46105],[-81.35499,28.46065],[-81.35492,28.4596],[-81.35441,28.45923],[-81.35348,28.45747],[-81.35269,28.45664],[-81.3529,28.45664],[-81.35279,28.4561],[-81.35118,28.45483],[-81.35128,28.45289],[-81.35254,28.45288],[-81.35254,28.4512],[-81.36374,28.45098],[-81.3641,28.4528],[-81.36749,28.46482],[-81.36784,28.46792],[-81.36926,28.47286],[-81.37612,28.47279],[-81.37612,28.47415],[-81.37659,28.47387],[-81.3766,28.47422],[-81.37636,28.47442],[-81.37635,28.47643],[-81.38434,28.47643],[-81.38435,28.4781],[-81.38855,28.47803],[-81.38855,28.47748],[-81.38934,28.47747],[-81.38936,28.47777],[-81.38901,28.47784],[-81.38881,28.47836],[-81.38937,28.47982],[-81.3899,28.48046],[-81.38975,28.48069],[-81.39026,28.4822],[-81.39017,28.48335],[-81.39032,28.48394],[-81.38999,28.48451],[-81.38851,28.48454],[-81.38851,28.48361],[-81.38642,28.48362],[-81.38643,28.48429],[-81.38505,28.4843],[-81.38505,28.48447],[-81.3815,28.4845],[-81.38155,28.48735],[-81.37276,28.4875],[-81.37399,28.49247],[-81.37492,28.49461],[-81.37595,28.49834],[-81.37288,28.49837],[-81.37289,28.50019],[-81.37211,28.5002],[-81.37212,28.50203],[-81.36851,28.50207],[-81.36852,28.50296],[-81.36904,28.50296],[-81.36904,28.5039],[-81.36801,28.50396],[-81.36806,28.50937],[-81.366,28.50939],[-81.36597,28.50666],[-81.36496,28.50667],[-81.35982,28.50888],[-81.35982,28.50945],[-81.35158,28.50953],[-81.3516,28.51319]]]}},{"type":"Feature","properties":{"SCHOOL":"LOCKHART","TYPE":"ES","ADDR":"7500 Edgewater Dr, Orlando 32810","WEB":"https://lockhartes.ocps.net","PHONE":"407.296.6440","SLNG":-81.44233,"SLAT":28.62344},"geometry":{"type":"Polygon","coordinates":[[[-81.43559,28.63822],[-81.4353,28.63707],[-81.43552,28.63599],[-81.43544,28.62421],[-81.43339,28.62422],[-81.4334,28.62197],[-81.4314,28.62198],[-81.43145,28.61836],[-81.43399,28.61978],[-81.43619,28.6204],[-81.43696,28.6208],[-81.43953,28.62135],[-81.43954,28.6201],[-81.44157,28.62008],[-81.44165,28.62057],[-81.44206,28.62044],[-81.44232,28.62079],[-81.44319,28.62023],[-81.4442,28.62124],[-81.44488,28.62142],[-81.44594,28.62306],[-81.44809,28.62391],[-81.44977,28.62545],[-81.45183,28.62541],[-81.45166,28.61712],[-81.45178,28.61132],[-81.46631,28.61068],[-81.46795,28.61102],[-81.46797,28.61442],[-81.47003,28.61441],[-81.47009,28.62578],[-81.47026,28.62578],[-81.4693,28.62596],[-81.46815,28.62567],[-81.46369,28.62558],[-81.46369,28.62524],[-81.46343,28.62524],[-81.46247,28.62441],[-81.46087,28.6244],[-81.46016,28.62513],[-81.46016,28.62547],[-81.45806,28.62546],[-81.45807,28.62761],[-81.45972,28.6276],[-81.45972,28.62931],[-81.46179,28.62934],[-81.46179,28.63071],[-81.45988,28.63069],[-81.45992,28.6326],[-81.45909,28.6358],[-81.45966,28.6358],[-81.45965,28.63835],[-81.45918,28.63835],[-81.45889,28.63814],[-81.45848,28.63858],[-81.45918,28.63909],[-81.45875,28.63958],[-81.45886,28.6402],[-81.43558,28.64016],[-81.43559,28.63822]]]}},{"type":"Feature","properties":{"SCHOOL":"UNION PARK","TYPE":"ES","ADDR":"1600 N Dean Rd, Orlando 32825","WEB":"https://unionparkes.ocps.net","PHONE":"407.249.6390","SLNG":-81.24622,"SLAT":28.56682},"geometry":{"type":"Polygon","coordinates":[[[-81.24501,28.57826],[-81.24499,28.57599],[-81.24417,28.57596],[-81.2433,28.57565],[-81.24084,28.57566],[-81.24076,28.57196],[-81.23635,28.57201],[-81.23604,28.57102],[-81.23657,28.57074],[-81.23603,28.57074],[-81.23589,28.57029],[-81.23601,28.56989],[-81.22919,28.56936],[-81.22921,28.56831],[-81.22819,28.56833],[-81.22813,28.56155],[-81.23139,28.56143],[-81.2314,28.56187],[-81.23221,28.56184],[-81.23206,28.55423],[-81.23445,28.55422],[-81.23446,28.55339],[-81.23407,28.5534],[-81.23407,28.55052],[-81.24455,28.55047],[-81.24435,28.54729],[-81.26093,28.5474],[-81.261,28.55338],[-81.26134,28.55338],[-81.26135,28.55375],[-81.261,28.55375],[-81.26102,28.55556],[-81.26309,28.55557],[-81.26315,28.56103],[-81.26108,28.56102],[-81.26117,28.56838],[-81.25383,28.56837],[-81.25073,28.56865],[-81.25073,28.57143],[-81.25104,28.57201],[-81.25101,28.57351],[-81.2507,28.57478],[-81.25005,28.57557],[-81.24912,28.57556],[-81.24913,28.57658],[-81.24638,28.57799],[-81.24501,28.57826]]]}},{"type":"Feature","properties":{"SCHOOL":"ZELLWOOD","TYPE":"ES","ADDR":"3551 Washington Ave, Zellwood 32798","WEB":"https://zellwoodes.ocps.net","PHONE":"407.884.2258","SLNG":-81.60076,"SLAT":28.73534},"geometry":{"type":"Polygon","coordinates":[[[-81.57297,28.78596],[-81.57137,28.78507],[-81.56986,28.7839],[-81.5687,28.78267],[-81.56771,28.78119],[-81.56702,28.77964],[-81.56558,28.77505],[-81.56513,28.77298],[-81.56507,28.77181],[-81.56531,28.77008],[-81.56667,28.76606],[-81.56703,28.76412],[-81.56682,28.74572],[-81.56809,28.74569],[-81.56806,28.73469],[-81.5723,28.73464],[-81.57226,28.73099],[-81.57303,28.73097],[-81.57303,28.73045],[-81.57328,28.73045],[-81.57325,28.72731],[-81.57465,28.72727],[-81.57462,28.72654],[-81.57424,28.72611],[-81.57247,28.72602],[-81.57059,28.725],[-81.57045,28.72409],[-81.56807,28.7241],[-81.56741,28.72375],[-81.56385,28.72379],[-81.56376,28.71278],[-81.56798,28.71276],[-81.56773,28.70916],[-81.56679,28.70767],[-81.56691,28.70711],[-81.56738,28.70636],[-81.56748,28.70484],[-81.56695,28.69778],[-81.56185,28.69608],[-81.55663,28.69341],[-81.55663,28.69367],[-81.54679,28.69378],[-81.54703,28.69339],[-81.5472,28.69202],[-81.54668,28.69189],[-81.54692,28.69101],[-81.54696,28.68962],[-81.54723,28.68904],[-81.54869,28.68755],[-81.54634,28.68636],[-81.54619,28.68302],[-81.54582,28.68214],[-81.5462,28.6813],[-81.54633,28.67649],[-81.54781,28.6765],[-81.5474,28.67486],[-81.54761,28.67418],[-81.54821,28.67362],[-81.54974,28.67296],[-81.55025,28.67238],[-81.55044,28.66927],[-81.59444,28.66897],[-81.59565,28.67111],[-81.59857,28.67386],[-81.60217,28.67627],[-81.60726,28.67798],[-81.61421,28.67911],[-81.61921,28.67935],[-81.62214,28.67861],[-81.62431,28.67846],[-81.62423,28.67833],[-81.62293,28.67844],[-81.62283,28.67827],[-81.6246,28.67767],[-81.62487,28.67725],[-81.62564,28.67685],[-81.62899,28.67769],[-81.62982,28.6774],[-81.63094,28.67754],[-81.6319,28.67739],[-81.63266,28.67774],[-81.63269,28.67736],[-81.63294,28.67719],[-81.63358,28.67707],[-81.63382,28.67736],[-81.6339,28.67705],[-81.63425,28.67706],[-81.6349,28.67736],[-81.63532,28.67715],[-81.63576,28.67748],[-81.63634,28.67743],[-81.63673,28.67795],[-81.63705,28.67755],[-81.63741,28.6778],[-81.63821,28.67784],[-81.639,28.67823],[-81.63898,28.67868],[-81.63926,28.67859],[-81.63957,28.67894],[-81.64012,28.67901],[-81.64016,28.67924],[-81.64028,28.67917],[-81.64013,28.67889],[-81.6396,28.67858],[-81.63956,28.67833],[-81.64052,28.67837],[-81.64121,28.6787],[-81.64145,28.67853],[-81.64195,28.67874],[-81.64214,28.67909],[-81.64246,28.67895],[-81.64354,28.6792],[-81.64346,28.67954],[-81.64365,28.67971],[-81.64349,28.67989],[-81.64231,28.67979],[-81.64314,28.68027],[-81.64379,28.68017],[-81.64421,28.67965],[-81.64425,28.68043],[-81.64444,28.6805],[-81.6445,28.67997],[-81.64478,28.67996],[-81.64481,28.67939],[-81.64505,28.67929],[-81.64527,28.67965],[-81.64579,28.67991],[-81.64569,28.68023],[-81.64542,28.68033],[-81.6457,28.68031],[-81.64565,28.68056],[-81.64596,28.6805],[-81.64579,28.68083],[-81.64645,28.68056],[-81.64665,28.68073],[-81.64659,28.68031],[-81.64714,28.68038],[-81.64728,28.68059],[-81.64752,28.68046],[-81.64775,28.68135],[-81.64788,28.68131],[-81.6478,28.68087],[-81.64856,28.68049],[-81.64893,28.68063],[-81.64916,28.68039],[-81.65037,28.68049],[-81.6504,28.68117],[-81.6507,28.68102],[-81.65055,28.68081],[-81.65069,28.68061],[-81.65104,28.68055],[-81.65186,28.68094],[-81.65181,28.68139],[-81.65223,28.68143],[-81.65219,28.68166],[-81.65253,28.68162],[-81.65262,28.68204],[-81.65315,28.68194],[-81.65354,28.6824],[-81.65383,28.68235],[-81.65358,28.6822],[-81.65384,28.68199],[-81.65399,28.68226],[-81.65451,28.6823],[-81.6552,28.68268],[-81.65829,28.68282],[-81.65836,28.68326],[-81.65852,28.68281],[-81.65861,28.76644],[-81.65691,28.76937],[-81.65638,28.76984],[-81.65598,28.76901],[-81.65399,28.76757],[-81.65419,28.76723],[-81.65413,28.7668],[-81.65375,28.76633],[-81.65268,28.76605],[-81.65159,28.76621],[-81.6512,28.76594],[-81.65102,28.76628],[-81.64896,28.76695],[-81.64652,28.76986],[-81.64518,28.77265],[-81.64474,28.77599],[-81.64592,28.78157],[-81.64697,28.78325],[-81.64777,28.78401],[-81.64766,28.78462],[-81.64699,28.78505],[-81.6465,28.7859],[-81.57297,28.78596]]]}},{"type":"Feature","properties":{"SCHOOL":"DILLARD STREET","TYPE":"ES","ADDR":"311 N Dillard St, Winter Garden 34787","WEB":"https://dillardstreetes.ocps.net","PHONE":"407.877.5000","SLNG":-81.58143,"SLAT":28.57069},"geometry":{"type":"Polygon","coordinates":[[[-81.55685,28.60227],[-81.55501,28.60099],[-81.554,28.6009],[-81.55337,28.60105],[-81.55363,28.59978],[-81.55344,28.59983],[-81.55333,28.5978],[-81.55445,28.5971],[-81.55575,28.59591],[-81.55646,28.59498],[-81.55726,28.5946],[-81.55785,28.59401],[-81.55954,28.59171],[-81.56005,28.59045],[-81.56638,28.59044],[-81.56637,28.58834],[-81.56695,28.58738],[-81.56707,28.58653],[-81.56696,28.56406],[-81.57111,28.56402],[-81.57112,28.56488],[-81.57527,28.56484],[-81.57526,28.56207],[-81.58354,28.56205],[-81.58351,28.55107],[-81.59181,28.55104],[-81.59192,28.56596],[-81.5932,28.56596],[-81.5932,28.56575],[-81.60018,28.56573],[-81.60019,28.56631],[-81.60082,28.56631],[-81.60085,28.56573],[-81.60195,28.56573],[-81.60195,28.56631],[-81.60226,28.56631],[-81.60229,28.57005],[-81.60174,28.56983],[-81.60085,28.57029],[-81.60016,28.57106],[-81.59917,28.57136],[-81.59859,28.57176],[-81.59815,28.57249],[-81.59727,28.57317],[-81.59669,28.57291],[-81.59487,28.57322],[-81.59416,28.57357],[-81.5927,28.57369],[-81.59157,28.57337],[-81.59108,28.5735],[-81.59103,28.5737],[-81.59085,28.57351],[-81.59001,28.57372],[-81.58985,28.57405],[-81.58989,28.5739],[-81.58933,28.5739],[-81.5894,28.57404],[-81.58914,28.57409],[-81.58903,28.57436],[-81.58915,28.57541],[-81.58866,28.57624],[-81.58825,28.57639],[-81.58801,28.57678],[-81.58615,28.57773],[-81.58514,28.57785],[-81.58519,28.57811],[-81.58628,28.57802],[-81.58489,28.57823],[-81.58361,28.57887],[-81.58364,28.57925],[-81.58393,28.57926],[-81.58408,28.57953],[-81.58389,28.57965],[-81.58374,28.57943],[-81.58358,28.57977],[-81.58284,28.57986],[-81.58288,28.58],[-81.58268,28.57996],[-81.58117,28.58098],[-81.58117,28.58119],[-81.58075,28.58125],[-81.5809,28.58155],[-81.58034,28.58179],[-81.58043,28.58191],[-81.58018,28.58223],[-81.58037,28.5823],[-81.58023,28.58256],[-81.58039,28.58266],[-81.58019,28.58278],[-81.58028,28.58309],[-81.57958,28.58378],[-81.57964,28.58422],[-81.57946,28.58459],[-81.58014,28.58498],[-81.57993,28.58506],[-81.5802,28.58508],[-81.58011,28.58541],[-81.5804,28.5857],[-81.58019,28.58607],[-81.57973,28.58592],[-81.57996,28.58602],[-81.57999,28.58627],[-81.57969,28.58673],[-81.57967,28.58718],[-81.57968,28.58792],[-81.57985,28.58805],[-81.57972,28.58836],[-81.57995,28.58855],[-81.57996,28.58935],[-81.58017,28.58956],[-81.58016,28.59121],[-81.58029,28.59124],[-81.58006,28.59207],[-81.57979,28.59228],[-81.57989,28.59289],[-81.57974,28.59349],[-81.57896,28.59413],[-81.57894,28.59438],[-81.57859,28.59444],[-81.57804,28.59562],[-81.57794,28.59626],[-81.57826,28.59676],[-81.57917,28.59688],[-81.5796,28.59774],[-81.57958,28.59819],[-81.57987,28.59837],[-81.57967,28.59862],[-81.5779,28.59943],[-81.5774,28.59947],[-81.57675,28.59919],[-81.57657,28.59881],[-81.57627,28.59871],[-81.57588,28.59773],[-81.57558,28.59777],[-81.57537,28.59747],[-81.5671,28.59752],[-81.5671,28.59501],[-81.56167,28.59506],[-81.56108,28.59559],[-81.56151,28.59606],[-81.56167,28.59662],[-81.56167,28.5989],[-81.56127,28.59981],[-81.55936,28.60111],[-81.55753,28.60179],[-81.55685,28.60227]]]}},{"type":"Feature","properties":{"SCHOOL":"LAKE SILVER","TYPE":"ES","ADDR":"2401 N Rio Grande Ave, Orlando 32804","WEB":"https://lakesilveres.ocps.net","PHONE":"407.245.1850","SLNG":-81.40077,"SLAT":28.57378},"geometry":{"type":"Polygon","coordinates":[[[-81.40634,28.59279],[-81.4063,28.58999],[-81.40214,28.59003],[-81.40216,28.59102],[-81.398,28.59102],[-81.39507,28.59126],[-81.39486,28.59086],[-81.39433,28.59087],[-81.39388,28.58911],[-81.39379,28.58647],[-81.39349,28.58556],[-81.39286,28.58481],[-81.38954,28.58204],[-81.3893,28.56096],[-81.38816,28.55919],[-81.38847,28.55661],[-81.38768,28.55504],[-81.38766,28.55298],[-81.41384,28.55281],[-81.41396,28.55654],[-81.41545,28.56109],[-81.41565,28.5622],[-81.41562,28.56323],[-81.41487,28.56604],[-81.41494,28.5672],[-81.43376,28.56701],[-81.43375,28.5661],[-81.43468,28.56609],[-81.43466,28.56412],[-81.43487,28.56412],[-81.43486,28.56339],[-81.43817,28.56338],[-81.43818,28.56437],[-81.4388,28.56436],[-81.43884,28.56698],[-81.43985,28.56697],[-81.43989,28.56807],[-81.44302,28.56806],[-81.44328,28.57801],[-81.43579,28.57792],[-81.43081,28.57808],[-81.4309,28.58171],[-81.41662,28.58178],[-81.41678,28.58903],[-81.41723,28.59044],[-81.41809,28.59165],[-81.41547,28.59167],[-81.41546,28.5909],[-81.41316,28.59092],[-81.41264,28.58993],[-81.41045,28.59082],[-81.41047,28.59275],[-81.40634,28.59279]]]}},{"type":"Feature","properties":{"SCHOOL":"BALDWIN PARK","TYPE":"ES","ADDR":"1750 Common Way Rd, Orlando 32814","WEB":"https://audubonparkes.ocps.net","PHONE":"407.897.6400","SLNG":-81.33265,"SLAT":28.56651},"geometry":{"type":"Polygon","coordinates":[[[-81.31532,28.58162],[-81.31521,28.57522],[-81.31089,28.57524],[-81.31077,28.57515],[-81.31097,28.57316],[-81.30877,28.57317],[-81.30876,28.57131],[-81.3068,28.57132],[-81.30681,28.57174],[-81.30387,28.57198],[-81.30394,28.57307],[-81.30361,28.57374],[-81.30584,28.57542],[-81.2986,28.57548],[-81.29854,28.57184],[-81.29951,28.5718],[-81.29953,28.5682],[-81.29849,28.56821],[-81.29844,28.56536],[-81.30257,28.56308],[-81.31103,28.55708],[-81.31327,28.55589],[-81.3159,28.55483],[-81.31891,28.55401],[-81.32318,28.55341],[-81.33343,28.55345],[-81.33377,28.56805],[-81.33478,28.56789],[-81.33978,28.56788],[-81.33993,28.5788],[-81.3324,28.57888],[-81.33075,28.57974],[-81.32776,28.57956],[-81.32756,28.57963],[-81.32765,28.58077],[-81.32463,28.58086],[-81.32465,28.58179],[-81.31948,28.58198],[-81.31653,28.58188],[-81.31551,28.58179],[-81.31532,28.58162]]]}},{"type":"Feature","properties":{"SCHOOL":"DREAM LAKE","TYPE":"ES","ADDR":"500 N Park Ave, Apopka 32712","WEB":"https://dreamlakees.ocps.net","PHONE":"407.884.2227","SLNG":-81.51043,"SLAT":28.68942},"geometry":{"type":"Polygon","coordinates":[[[-81.49698,28.67677],[-81.50945,28.67674],[-81.50943,28.68273],[-81.51024,28.68273],[-81.51021,28.68397],[-81.51274,28.68396],[-81.51273,28.68437],[-81.51564,28.68437],[-81.51566,28.68265],[-81.51685,28.68264],[-81.51687,28.68166],[-81.51957,28.68166],[-81.51952,28.6875],[-81.51917,28.68885],[-81.51948,28.6889],[-81.51939,28.69116],[-81.52439,28.69122],[-81.52446,28.69311],[-81.52548,28.69314],[-81.52568,28.69331],[-81.52525,28.70632],[-81.50919,28.70588],[-81.50936,28.69489],[-81.50847,28.69489],[-81.50844,28.6957],[-81.50512,28.6957],[-81.50511,28.69611],[-81.50401,28.69564],[-81.50403,28.69489],[-81.50095,28.69488],[-81.50109,28.68392],[-81.497,28.68391],[-81.49701,28.67819],[-81.49749,28.67819],[-81.4975,28.67683],[-81.49698,28.67677]]]}},{"type":"Feature","properties":{"SCHOOL":"CONWAY","TYPE":"ES","ADDR":"4100 Lake Margaret Dr, Orlando 32812","WEB":"https://conwayes.ocps.net","PHONE":"407.249.6310","SLNG":-81.33394,"SLAT":28.50506},"geometry":{"type":"Polygon","coordinates":[[[-81.33103,28.52426],[-81.33099,28.51878],[-81.32686,28.51881],[-81.32684,28.51699],[-81.32332,28.51701],[-81.32331,28.51659],[-81.32457,28.51655],[-81.3256,28.51615],[-81.32734,28.51404],[-81.32812,28.51351],[-81.32883,28.51334],[-81.33096,28.51332],[-81.3309,28.50241],[-81.34584,28.50229],[-81.34587,28.50551],[-81.34629,28.5055],[-81.3463,28.50593],[-81.34708,28.50592],[-81.34708,28.50638],[-81.34688,28.50638],[-81.34688,28.50657],[-81.3473,28.50656],[-81.34731,28.5071],[-81.34689,28.5071],[-81.34697,28.50918],[-81.34733,28.50918],[-81.34733,28.50948],[-81.34689,28.50948],[-81.34693,28.51199],[-81.34707,28.51199],[-81.34707,28.51232],[-81.34688,28.51232],[-81.34693,28.5132],[-81.3434,28.51332],[-81.34338,28.51687],[-81.33925,28.5169],[-81.3393,28.5242],[-81.33103,28.52426]]]}},{"type":"Feature","properties":{"SCHOOL":"LAKEMONT","TYPE":"ES","ADDR":"901 N Lakemont Ave, Winter Park 32792","WEB":"https://lakemontes.ocps.net","PHONE":"407.623.1453","SLNG":-81.32973,"SLAT":28.60658},"geometry":{"type":"Polygon","coordinates":[[[-81.32799,28.61657],[-81.32787,28.61051],[-81.25845,28.61153],[-81.25808,28.60977],[-81.2572,28.60803],[-81.25093,28.60061],[-81.25024,28.59902],[-81.24992,28.59734],[-81.25452,28.59723],[-81.26267,28.59745],[-81.27049,28.59992],[-81.27208,28.60014],[-81.27418,28.59979],[-81.27743,28.59807],[-81.2794,28.59753],[-81.29898,28.59745],[-81.29914,28.60638],[-81.32396,28.6006],[-81.33895,28.60024],[-81.33933,28.59986],[-81.33928,28.59785],[-81.33946,28.59736],[-81.34162,28.59595],[-81.34232,28.59568],[-81.34227,28.59668],[-81.34275,28.59667],[-81.34346,28.59729],[-81.34469,28.59753],[-81.3458,28.59741],[-81.34671,28.59775],[-81.34661,28.59874],[-81.34679,28.59873],[-81.34719,28.60053],[-81.36513,28.60038],[-81.36521,28.60596],[-81.36401,28.60599],[-81.36402,28.6055],[-81.36362,28.6055],[-81.36363,28.60599],[-81.36249,28.60599],[-81.3625,28.60668],[-81.36128,28.60703],[-81.36128,28.60738],[-81.36295,28.60875],[-81.3637,28.60962],[-81.3631,28.60995],[-81.36329,28.61028],[-81.36303,28.61022],[-81.36302,28.61057],[-81.36262,28.61058],[-81.36261,28.6102],[-81.36197,28.6102],[-81.36198,28.61058],[-81.36117,28.61041],[-81.36117,28.61075],[-81.36046,28.61075],[-81.36044,28.61015],[-81.35384,28.6102],[-81.35389,28.6139],[-81.34858,28.61393],[-81.34846,28.61029],[-81.34623,28.6103],[-81.34623,28.60992],[-81.34565,28.61044],[-81.34547,28.61136],[-81.34511,28.61171],[-81.34322,28.61097],[-81.34143,28.61112],[-81.3408,28.61186],[-81.34041,28.612],[-81.34028,28.61283],[-81.34049,28.61336],[-81.34,28.61363],[-81.33931,28.61364],[-81.33935,28.61395],[-81.33865,28.61396],[-81.33865,28.61351],[-81.33678,28.61353],[-81.33677,28.61323],[-81.33621,28.61323],[-81.33621,28.61251],[-81.33681,28.6125],[-81.33672,28.61194],[-81.33597,28.61241],[-81.3361,28.61292],[-81.33557,28.61293],[-81.3356,28.61498],[-81.33544,28.61498],[-81.33544,28.61536],[-81.3356,28.61536],[-81.3356,28.61587],[-81.32871,28.61596],[-81.32873,28.61656],[-81.32799,28.61657]]]}},{"type":"Feature","properties":{"SCHOOL":"AZALEA PARK","TYPE":"ES","ADDR":"1 Carol Ave, Orlando 32807","WEB":"https://azaleaparkes.ocps.net","PHONE":"407.249.6280","SLNG":-81.3141,"SLAT":28.54416},"geometry":{"type":"Polygon","coordinates":[[[-81.30314,28.56259],[-81.30299,28.56244],[-81.30257,28.5625],[-81.30253,28.5591],[-81.30176,28.5591],[-81.3008,28.5573],[-81.30045,28.55729],[-81.30043,28.55558],[-81.29939,28.55557],[-81.29936,28.55367],[-81.29894,28.55367],[-81.29884,28.55272],[-81.29863,28.55272],[-81.29734,28.54863],[-81.29102,28.5486],[-81.29102,28.54824],[-81.28999,28.54824],[-81.29001,28.55007],[-81.2859,28.55008],[-81.28577,28.53916],[-81.29147,28.53916],[-81.29147,28.53964],[-81.31057,28.5395],[-81.31052,28.53537],[-81.31197,28.53536],[-81.31196,28.53494],[-81.31155,28.53495],[-81.31151,28.53174],[-81.31194,28.53171],[-81.3173,28.53168],[-81.31719,28.5333],[-81.31745,28.53369],[-81.31805,28.53398],[-81.31798,28.53431],[-81.31818,28.53468],[-81.31879,28.53504],[-81.31885,28.53987],[-81.32276,28.53957],[-81.32974,28.53836],[-81.34359,28.53837],[-81.34371,28.54602],[-81.34568,28.546],[-81.34552,28.54958],[-81.34474,28.55128],[-81.34472,28.55331],[-81.32393,28.55337],[-81.31857,28.55408],[-81.31488,28.5552],[-81.3117,28.5567],[-81.30314,28.56259]]]}},{"type":"Feature","properties":{"SCHOOL":"PINE HILLS","TYPE":"ES","ADDR":"1006 Ferndell Rd, Orlando 32808","WEB":"https://pinehillses.ocps.net","PHONE":"407.296.6500","SLNG":-81.45741,"SLAT":28.56033},"geometry":{"type":"Polygon","coordinates":[[[-81.46569,28.57778],[-81.4515,28.57796],[-81.45149,28.5762],[-81.45218,28.5736],[-81.45211,28.56853],[-81.44993,28.56294],[-81.44975,28.56006],[-81.44763,28.55549],[-81.44753,28.55252],[-81.4645,28.5522],[-81.4645,28.55322],[-81.46407,28.55323],[-81.46405,28.55591],[-81.46406,28.55766],[-81.46449,28.55765],[-81.4645,28.5592],[-81.46473,28.5592],[-81.46466,28.55956],[-81.46756,28.55951],[-81.46756,28.56024],[-81.46711,28.56034],[-81.46756,28.56043],[-81.46756,28.56113],[-81.46718,28.56124],[-81.46729,28.56359],[-81.46708,28.5636],[-81.4669,28.5641],[-81.46721,28.56425],[-81.4672,28.56505],[-81.46614,28.5651],[-81.4656,28.56498],[-81.4655,28.56478],[-81.46455,28.56465],[-81.46445,28.56553],[-81.46448,28.56681],[-81.46562,28.56677],[-81.46564,28.56862],[-81.46456,28.56866],[-81.46458,28.56926],[-81.46416,28.56941],[-81.46418,28.57083],[-81.46444,28.57082],[-81.4645,28.57236],[-81.46566,28.57233],[-81.46569,28.57778]]]}},{"type":"Feature","properties":{"SCHOOL":"ROCK LAKE","TYPE":"ES","ADDR":"408 N Tampa Ave, Orlando 32805","WEB":"https://rocklakees.ocps.net","PHONE":"407.245.1880","SLNG":-81.40688,"SLAT":28.54831},"geometry":{"type":"Polygon","coordinates":[[[-81.41561,28.5617],[-81.41393,28.55637],[-81.41384,28.55281],[-81.39564,28.55295],[-81.39593,28.55199],[-81.39706,28.55061],[-81.39737,28.54968],[-81.39713,28.53112],[-81.40537,28.53103],[-81.40541,28.53391],[-81.40684,28.53388],[-81.4095,28.53343],[-81.40953,28.53549],[-81.40977,28.53549],[-81.40954,28.53568],[-81.40955,28.53646],[-81.41331,28.53638],[-81.41368,28.53587],[-81.41367,28.53617],[-81.41404,28.53616],[-81.41345,28.53884],[-81.41368,28.54177],[-81.42216,28.54159],[-81.42215,28.54173],[-81.42613,28.54171],[-81.42612,28.54587],[-81.42895,28.54587],[-81.43032,28.54611],[-81.43041,28.55264],[-81.44278,28.55255],[-81.44288,28.55974],[-81.4305,28.55982],[-81.43058,28.56705],[-81.41494,28.5672],[-81.41487,28.56604],[-81.41567,28.56271],[-81.41561,28.5617]]]}},{"type":"Feature","properties":{"SCHOOL":"LAKE WESTON","TYPE":"ES","ADDR":"5500 Milan Dr, Orlando 32810","WEB":"https://lakewestones.ocps.net","PHONE":"407.296.6430","SLNG":-81.41171,"SLAT":28.61213},"geometry":{"type":"Polygon","coordinates":[[[-81.41502,28.62552],[-81.415,28.62373],[-81.41425,28.62381],[-81.41421,28.62336],[-81.41081,28.62336],[-81.41079,28.62202],[-81.40028,28.62206],[-81.39991,28.6185],[-81.39811,28.6185],[-81.39803,28.61487],[-81.39599,28.6149],[-81.39597,28.61361],[-81.39419,28.61281],[-81.39417,28.61146],[-81.3866,28.61154],[-81.38647,28.60593],[-81.38746,28.6064],[-81.38919,28.608],[-81.39086,28.60841],[-81.39225,28.60806],[-81.3941,28.60641],[-81.39528,28.60589],[-81.40244,28.60586],[-81.4039,28.60565],[-81.4061,28.60459],[-81.40994,28.60111],[-81.4121,28.60031],[-81.41685,28.59794],[-81.41943,28.60276],[-81.42168,28.60557],[-81.4243,28.60358],[-81.42481,28.60428],[-81.42554,28.60471],[-81.42638,28.60482],[-81.42728,28.60462],[-81.42871,28.60658],[-81.42728,28.60669],[-81.4271,28.60654],[-81.42697,28.60667],[-81.42708,28.60681],[-81.42569,28.60694],[-81.42478,28.60802],[-81.43233,28.61276],[-81.4261,28.61442],[-81.42525,28.61509],[-81.41951,28.61335],[-81.41818,28.61259],[-81.41518,28.61026],[-81.41483,28.61077],[-81.41495,28.61978],[-81.4156,28.61978],[-81.41561,28.62045],[-81.41704,28.62045],[-81.41705,28.62112],[-81.41818,28.62112],[-81.41828,28.62225],[-81.41787,28.62514],[-81.41596,28.62497],[-81.41596,28.62552],[-81.41502,28.62552]]]}},{"type":"Feature","properties":{"SCHOOL":"ENGELWOOD","TYPE":"ES","ADDR":"5985 La Costa Dr, Orlando 32807","WEB":"https://engelwoodes.ocps.net","PHONE":"407.249.6340","SLNG":-81.30317,"SLAT":28.52902},"geometry":{"type":"Polygon","coordinates":[[[-81.29147,28.53964],[-81.29147,28.53916],[-81.2856,28.53916],[-81.28543,28.52298],[-81.28559,28.52226],[-81.28611,28.52142],[-81.28828,28.51961],[-81.28893,28.51874],[-81.28951,28.51726],[-81.28961,28.51563],[-81.292,28.51675],[-81.31041,28.52356],[-81.31057,28.5395],[-81.29147,28.53964]]]}},{"type":"Feature","properties":{"SCHOOL":"CATALINA","TYPE":"ES","ADDR":"2448 29th St, Orlando 32805","WEB":"https://catalinaes.ocps.net","PHONE":"407.245.1735","SLNG":-81.40921,"SLAT":28.51226},"geometry":{"type":"Polygon","coordinates":[[[-81.38664,28.51823],[-81.38658,28.51708],[-81.38777,28.5159],[-81.38979,28.5155],[-81.39082,28.51493],[-81.39082,28.51526],[-81.39247,28.51511],[-81.39247,28.51548],[-81.39287,28.51548],[-81.39286,28.5151],[-81.39405,28.51509],[-81.39406,28.51546],[-81.39421,28.51545],[-81.39421,28.51508],[-81.39626,28.51505],[-81.39627,28.51542],[-81.39702,28.51541],[-81.39696,28.5101],[-81.39914,28.50946],[-81.40114,28.50933],[-81.40105,28.50264],[-81.40219,28.50263],[-81.40216,28.4999],[-81.40517,28.49988],[-81.40514,28.49569],[-81.40096,28.49575],[-81.40094,28.49442],[-81.41743,28.49426],[-81.41755,28.50703],[-81.41773,28.50753],[-81.41974,28.5102],[-81.42039,28.51178],[-81.42063,28.5135],[-81.4205,28.51502],[-81.42008,28.51633],[-81.41825,28.51921],[-81.41775,28.52031],[-81.41754,28.52135],[-81.41754,28.52315],[-81.40937,28.5234],[-81.40942,28.52723],[-81.40681,28.52729],[-81.40644,28.52826],[-81.40537,28.52825],[-81.40537,28.53103],[-81.39713,28.53112],[-81.39707,28.52013],[-81.39631,28.52014],[-81.39631,28.52051],[-81.39282,28.52055],[-81.39282,28.52037],[-81.39251,28.52037],[-81.39251,28.52055],[-81.38621,28.52061],[-81.38631,28.51937],[-81.38664,28.51823]]]}},{"type":"Feature","properties":{"SCHOOL":"CHENEY","TYPE":"ES","ADDR":"2000 N Forsyth Rd, Orlando 32807","WEB":"https://cheneyes.ocps.net","PHONE":"407.672.3120","SLNG":-81.29655,"SLAT":28.57276},"geometry":{"type":"Polygon","coordinates":[[[-81.29844,28.56536],[-81.29849,28.56821],[-81.29953,28.5682],[-81.29951,28.5718],[-81.29854,28.57184],[-81.2986,28.57548],[-81.30065,28.57546],[-81.30069,28.57899],[-81.29864,28.57902],[-81.29876,28.58638],[-81.29051,28.58648],[-81.2905,28.58588],[-81.288,28.58591],[-81.28769,28.58624],[-81.28738,28.58591],[-81.28636,28.58593],[-81.28636,28.58653],[-81.27397,28.58657],[-81.27401,28.5894],[-81.2722,28.58942],[-81.27167,28.58974],[-81.26988,28.58972],[-81.26989,28.5902],[-81.26571,28.59017],[-81.26569,28.58653],[-81.26257,28.58652],[-81.26255,28.58288],[-81.26152,28.58288],[-81.26145,28.58017],[-81.25914,28.58302],[-81.25724,28.58178],[-81.25599,28.5805],[-81.25534,28.579],[-81.2551,28.57328],[-81.25352,28.5706],[-81.2533,28.56992],[-81.25323,28.56841],[-81.25368,28.56838],[-81.28368,28.56837],[-81.2877,28.5682],[-81.29343,28.56717],[-81.29844,28.56536]]]}},{"type":"Feature","properties":{"SCHOOL":"SALLY RIDE","TYPE":"ES","ADDR":"9601 11th Ave, Taft 32824","WEB":"https://sallyridees.ocps.net","PHONE":"407.858.3100","SLNG":-81.35877,"SLAT":28.42527},"geometry":{"type":"Polygon","coordinates":[[[-81.33345,28.45118],[-81.33365,28.44364],[-81.3339,28.44296],[-81.33467,28.44194],[-81.33482,28.44124],[-81.33461,28.41849],[-81.33516,28.41756],[-81.33612,28.41685],[-81.33697,28.41652],[-81.33915,28.41636],[-81.34032,28.41582],[-81.34101,28.41512],[-81.34203,28.41331],[-81.3433,28.41218],[-81.33564,28.40511],[-81.3337,28.4018],[-81.33336,28.40017],[-81.33702,28.40273],[-81.33916,28.40346],[-81.35515,28.40349],[-81.35514,28.40718],[-81.37428,28.40696],[-81.3746,28.40621],[-81.37467,28.40525],[-81.37539,28.40647],[-81.37597,28.40689],[-81.37605,28.4076],[-81.37623,28.40774],[-81.39077,28.40766],[-81.39077,28.40669],[-81.40074,28.40674],[-81.40181,28.40744],[-81.40464,28.40742],[-81.40469,28.43016],[-81.40686,28.43166],[-81.4088,28.43331],[-81.40387,28.43459],[-81.40272,28.4351],[-81.40152,28.43599],[-81.36751,28.43621],[-81.3673,28.43807],[-81.36381,28.44968],[-81.36374,28.45098],[-81.3531,28.4511],[-81.35077,28.45046],[-81.34832,28.45098],[-81.34098,28.45062],[-81.33345,28.45118]]]}},{"type":"Feature","properties":{"SCHOOL":"BROOKSHIRE","TYPE":"ES","ADDR":"2500 Cady Way, Winter Park 32792","WEB":"https://brookshirees.ocps.net","PHONE":"407.623.1400","SLNG":-81.31811,"SLAT":28.59266},"geometry":{"type":"Polygon","coordinates":[[[-81.34572,28.59532],[-81.34513,28.5956],[-81.34214,28.59572],[-81.33967,28.59716],[-81.33928,28.59781],[-81.33933,28.59989],[-81.33895,28.60024],[-81.32446,28.60054],[-81.31689,28.60224],[-81.31671,28.60165],[-81.31728,28.60155],[-81.31705,28.60078],[-81.31645,28.60078],[-81.31635,28.6004],[-81.31657,28.60026],[-81.31636,28.60023],[-81.3156,28.59763],[-81.31539,28.59719],[-81.31516,28.59716],[-81.31538,28.59701],[-81.31503,28.59663],[-81.3147,28.59686],[-81.31461,28.59668],[-81.31383,28.59677],[-81.314,28.59532],[-81.31438,28.59532],[-81.31438,28.59496],[-81.31403,28.59496],[-81.31403,28.59459],[-81.31429,28.59459],[-81.31429,28.59351],[-81.31396,28.59258],[-81.31363,28.59258],[-81.31358,28.5902],[-81.31397,28.5902],[-81.31396,28.58983],[-81.31425,28.58974],[-81.31434,28.58945],[-81.31396,28.58904],[-81.31356,28.58907],[-81.31349,28.58625],[-81.30696,28.58624],[-81.30701,28.58833],[-81.30469,28.5882],[-81.30453,28.58846],[-81.30395,28.58855],[-81.3039,28.5863],[-81.29876,28.58638],[-81.29864,28.57902],[-81.30069,28.57899],[-81.30065,28.57546],[-81.30584,28.57542],[-81.30361,28.57374],[-81.30394,28.57307],[-81.30387,28.57198],[-81.30681,28.57174],[-81.3068,28.57132],[-81.30876,28.57131],[-81.30877,28.57317],[-81.31097,28.57316],[-81.31077,28.57515],[-81.31094,28.57527],[-81.31521,28.57522],[-81.31532,28.58162],[-81.31551,28.58179],[-81.31948,28.58198],[-81.32465,28.58179],[-81.32463,28.58086],[-81.32765,28.58077],[-81.32756,28.57963],[-81.32776,28.57956],[-81.33075,28.57974],[-81.3324,28.57888],[-81.34022,28.5788],[-81.34025,28.58077],[-81.33849,28.58079],[-81.33852,28.58253],[-81.33907,28.58278],[-81.33963,28.58278],[-81.33964,28.58341],[-81.34016,28.58367],[-81.3402,28.58608],[-81.34433,28.58604],[-81.34444,28.59377],[-81.34572,28.59532]]]}},{"type":"Feature","properties":{"SCHOOL":"NORTHLAKE PARK","TYPE":"ES","ADDR":"9055 NorthLake Pkwy, Orlando 32827","WEB":"https://northlakees.ocps.net","PHONE":"407.852.3500","SLNG":-81.26268,"SLAT":28.42182},"geometry":{"type":"Polygon","coordinates":[[[-81.3293,28.4514],[-81.30111,28.45145],[-81.28666,28.44932],[-81.28814,28.4431],[-81.26084,28.44314],[-81.26068,28.44326],[-81.2606,28.44855],[-81.25623,28.44893],[-81.24842,28.45107],[-81.24424,28.45134],[-81.24381,28.41841],[-81.24318,28.41705],[-81.24294,28.41575],[-81.24311,28.41052],[-81.24351,28.41058],[-81.24374,28.41088],[-81.2472,28.4109],[-81.24726,28.41197],[-81.24899,28.41167],[-81.25085,28.41053],[-81.25328,28.41016],[-81.25371,28.40978],[-81.25414,28.40855],[-81.2541,28.4072],[-81.25645,28.40722],[-81.25669,28.40868],[-81.25869,28.40911],[-81.25867,28.40926],[-81.25959,28.40967],[-81.25965,28.41025],[-81.26043,28.41053],[-81.26041,28.41072],[-81.26213,28.41088],[-81.263,28.41362],[-81.26382,28.41455],[-81.26464,28.41507],[-81.26475,28.41497],[-81.26723,28.41582],[-81.27065,28.41598],[-81.27163,28.4159],[-81.27133,28.41459],[-81.27672,28.41461],[-81.27684,28.41538],[-81.27923,28.41477],[-81.2804,28.41383],[-81.2821,28.41167],[-81.28236,28.40921],[-81.28195,28.407],[-81.29021,28.4071],[-81.29007,28.40284],[-81.29051,28.40176],[-81.29143,28.40091],[-81.29238,28.40051],[-81.30447,28.39726],[-81.31002,28.39716],[-81.31016,28.39068],[-81.30997,28.38966],[-81.30902,28.3872],[-81.30877,28.38567],[-81.30931,28.3788],[-81.30947,28.38191],[-81.30985,28.38281],[-81.31036,28.38342],[-81.32308,28.39249],[-81.32849,28.39578],[-81.33152,28.39675],[-81.33252,28.39744],[-81.33313,28.3985],[-81.33366,28.40171],[-81.3355,28.40492],[-81.3433,28.41218],[-81.34203,28.41331],[-81.34101,28.41512],[-81.34032,28.41582],[-81.33915,28.41636],[-81.33697,28.41652],[-81.33612,28.41685],[-81.33516,28.41756],[-81.33461,28.41849],[-81.33482,28.44124],[-81.33467,28.44194],[-81.3339,28.44296],[-81.33365,28.44364],[-81.33345,28.45118],[-81.3293,28.4514]]]}},{"type":"Feature","properties":{"SCHOOL":"DOVER SHORES","TYPE":"ES","ADDR":"1200 Gaston Foster Rd, Orlando 32812","WEB":"https://dovershoreses.ocps.net","PHONE":"407.249.6330","SLNG":-81.32598,"SLAT":28.52704},"geometry":{"type":"Polygon","coordinates":[[[-81.33099,28.51878],[-81.33114,28.53162],[-81.33527,28.53154],[-81.33525,28.53063],[-81.33691,28.53061],[-81.33715,28.53152],[-81.33733,28.53152],[-81.33736,28.53471],[-81.33879,28.53484],[-81.34108,28.53563],[-81.34156,28.53637],[-81.34173,28.53837],[-81.32974,28.53836],[-81.32276,28.53957],[-81.31885,28.53987],[-81.31879,28.53504],[-81.31818,28.53468],[-81.31798,28.53431],[-81.31805,28.53398],[-81.31745,28.53369],[-81.31719,28.5333],[-81.3173,28.53168],[-81.31151,28.53174],[-81.31155,28.53495],[-81.31196,28.53494],[-81.31197,28.53536],[-81.31052,28.53537],[-81.31035,28.5146],[-81.31445,28.51457],[-81.31609,28.51478],[-81.31955,28.51482],[-81.32044,28.51517],[-81.32199,28.51631],[-81.32331,28.51659],[-81.32332,28.51701],[-81.32684,28.51699],[-81.32686,28.51881],[-81.33099,28.51878]]]}},{"type":"Feature","properties":{"SCHOOL":"MOLLIE RAY","TYPE":"ES","ADDR":"2000 Beecher St, Orlando 32808","WEB":"https://mollierayes.ocps.net","PHONE":"407.296.6460","SLNG":-81.4497,"SLAT":28.57086},"geometry":{"type":"Polygon","coordinates":[[[-81.44328,28.57801],[-81.44302,28.56806],[-81.43989,28.56807],[-81.43985,28.56697],[-81.43884,28.56698],[-81.4388,28.56436],[-81.43818,28.56437],[-81.43817,28.56338],[-81.43486,28.56339],[-81.43487,28.56412],[-81.43466,28.56412],[-81.43468,28.56609],[-81.43375,28.5661],[-81.43376,28.56701],[-81.43058,28.56705],[-81.4305,28.55982],[-81.44288,28.55974],[-81.44278,28.55255],[-81.44753,28.55252],[-81.44763,28.55549],[-81.44975,28.56006],[-81.44993,28.56294],[-81.45211,28.56853],[-81.45218,28.5736],[-81.45149,28.5762],[-81.4515,28.57796],[-81.44328,28.57801]]]}},{"type":"Feature","properties":{"SCHOOL":"SUNSHINE","TYPE":"ES","ADDR":"13225 International Dr, Orlando 32821","WEB":"https://sunshinees.ocps.net","PHONE":"407.778.3850","SLNG":-81.48608,"SLAT":28.37752},"geometry":{"type":"Polygon","coordinates":[[[-81.42282,28.42197],[-81.42285,28.41437],[-81.42334,28.41242],[-81.42474,28.40934],[-81.42515,28.40689],[-81.42507,28.39204],[-81.43322,28.39201],[-81.43322,28.39106],[-81.43207,28.38653],[-81.43315,28.38467],[-81.43352,28.3812],[-81.43428,28.37914],[-81.43598,28.37818],[-81.43744,28.375],[-81.43749,28.37355],[-81.45274,28.37365],[-81.45272,28.3716],[-81.45341,28.37168],[-81.45422,28.37136],[-81.45507,28.37135],[-81.45598,28.37106],[-81.4569,28.37066],[-81.45709,28.37023],[-81.45793,28.36973],[-81.4578,28.35591],[-81.46243,28.35486],[-81.46244,28.34728],[-81.49429,28.34718],[-81.49495,28.34698],[-81.49643,28.34699],[-81.49643,28.34718],[-81.53172,28.34729],[-81.47869,28.40643],[-81.47457,28.40642],[-81.47475,28.40598],[-81.46793,28.40411],[-81.46509,28.40305],[-81.45955,28.40205],[-81.45787,28.40141],[-81.45666,28.4036],[-81.45614,28.40514],[-81.45605,28.40954],[-81.45663,28.41165],[-81.45868,28.41462],[-81.45947,28.41642],[-81.45981,28.41771],[-81.45988,28.421],[-81.42643,28.42124],[-81.42462,28.42142],[-81.42282,28.42197]]]}},{"type":"Feature","properties":{"SCHOOL":"LOVELL","TYPE":"ES","ADDR":"815 Roger Williams Rd, Apopka 32703","WEB":"https://lovelles.ocps.net","PHONE":"407.884.2235","SLNG":-81.4836,"SLAT":28.66846},"geometry":{"type":"Polygon","coordinates":[[[-81.50945,28.67674],[-81.48469,28.67677],[-81.48468,28.67301],[-81.46821,28.67292],[-81.46845,28.67186],[-81.46795,28.6698],[-81.46796,28.6659],[-81.46828,28.66501],[-81.46971,28.66284],[-81.47014,28.6585],[-81.468,28.65852],[-81.46801,28.65755],[-81.46701,28.65692],[-81.46687,28.6571],[-81.46594,28.65655],[-81.46524,28.65653],[-81.46521,28.65749],[-81.46387,28.65746],[-81.46385,28.66334],[-81.4633,28.66335],[-81.4632,28.66486],[-81.46267,28.66486],[-81.46267,28.6653],[-81.4621,28.6653],[-81.4621,28.6658],[-81.45969,28.66582],[-81.45972,28.64461],[-81.47055,28.65483],[-81.47631,28.65486],[-81.47631,28.65514],[-81.47686,28.65513],[-81.47723,28.65501],[-81.47722,28.65485],[-81.48709,28.65483],[-81.49078,28.65881],[-81.49077,28.66027],[-81.48872,28.66027],[-81.48872,28.66209],[-81.49269,28.66211],[-81.4927,28.66109],[-81.49423,28.6628],[-81.49914,28.66565],[-81.49947,28.66565],[-81.49946,28.66513],[-81.50068,28.66517],[-81.50069,28.66565],[-81.50114,28.66565],[-81.50114,28.66513],[-81.50252,28.66513],[-81.50252,28.66467],[-81.50301,28.66467],[-81.50437,28.66564],[-81.50533,28.66565],[-81.50533,28.6654],[-81.50564,28.6654],[-81.50563,28.66517],[-81.50675,28.66517],[-81.50676,28.66565],[-81.5093,28.66573],[-81.51012,28.66564],[-81.51011,28.66513],[-81.51072,28.66513],[-81.51073,28.66537],[-81.5111,28.66537],[-81.51111,28.66565],[-81.51179,28.66565],[-81.51178,28.66524],[-81.5122,28.66514],[-81.51367,28.66514],[-81.51369,28.66565],[-81.51414,28.66565],[-81.51413,28.66514],[-81.51489,28.66501],[-81.51489,28.66515],[-81.5152,28.66515],[-81.51522,28.66588],[-81.51553,28.66588],[-81.51554,28.66639],[-81.51498,28.66639],[-81.51498,28.66653],[-81.51539,28.66653],[-81.5154,28.6669],[-81.5158,28.6669],[-81.51579,28.66639],[-81.51625,28.66639],[-81.51626,28.6669],[-81.51641,28.6669],[-81.5164,28.66639],[-81.51762,28.66653],[-81.51776,28.66695],[-81.51843,28.66683],[-81.51958,28.66639],[-81.52054,28.66569],[-81.52156,28.66676],[-81.52179,28.66734],[-81.52178,28.66948],[-81.51971,28.66949],[-81.51967,28.67129],[-81.51768,28.67129],[-81.51767,28.6718],[-81.51706,28.6718],[-81.51707,28.6713],[-81.51362,28.6713],[-81.51362,28.67243],[-81.51153,28.67094],[-81.51153,28.67134],[-81.51098,28.67102],[-81.51066,28.67137],[-81.50945,28.67134],[-81.50945,28.67674]]]}},{"type":"Feature","properties":{"SCHOOL":"SPRING LAKE","TYPE":"ES","ADDR":"1105 Sarah Lee Ln, Ocoee 34761","WEB":"https://springlakees.ocps.net","PHONE":"407.877.5047","SLNG":-81.52391,"SLAT":28.58784},"geometry":{"type":"Polygon","coordinates":[[[-81.52403,28.59561],[-81.52392,28.58834],[-81.52183,28.58835],[-81.52167,28.58046],[-81.52245,28.57928],[-81.52306,28.57979],[-81.52386,28.57978],[-81.52383,28.58284],[-81.52595,28.58283],[-81.52597,28.58393],[-81.53256,28.58086],[-81.53401,28.58168],[-81.53454,28.58167],[-81.53601,28.58078],[-81.55082,28.5807],[-81.55085,28.58769],[-81.55275,28.59335],[-81.55301,28.59512],[-81.54264,28.5952],[-81.54263,28.59457],[-81.53798,28.5946],[-81.53798,28.59428],[-81.53627,28.5943],[-81.53626,28.59389],[-81.53433,28.59387],[-81.53434,28.59427],[-81.53401,28.59428],[-81.53404,28.59528],[-81.52403,28.59561]]]}},{"type":"Feature","properties":{"SCHOOL":"LANCASTER","TYPE":"ES","ADDR":"6700 Sheryl Ann Dr, Orlando 32809","WEB":"https://lancasteres.ocps.net","PHONE":"407.858.3130","SLNG":-81.37953,"SLAT":28.46242},"geometry":{"type":"Polygon","coordinates":[[[-81.39131,28.48698],[-81.3913,28.4848],[-81.39063,28.48451],[-81.38999,28.48451],[-81.39032,28.48394],[-81.39017,28.48335],[-81.39026,28.4822],[-81.38976,28.48071],[-81.3899,28.48046],[-81.38937,28.47982],[-81.38881,28.47836],[-81.38901,28.47784],[-81.38936,28.47777],[-81.38934,28.47747],[-81.38855,28.47748],[-81.38855,28.47803],[-81.38435,28.4781],[-81.38434,28.47643],[-81.37635,28.47643],[-81.37636,28.47442],[-81.3766,28.47422],[-81.37659,28.47387],[-81.37612,28.47415],[-81.37612,28.47279],[-81.36926,28.47286],[-81.36784,28.46792],[-81.36749,28.46482],[-81.36559,28.45801],[-81.36701,28.458],[-81.36702,28.45822],[-81.36771,28.45825],[-81.38421,28.45808],[-81.38421,28.45852],[-81.3847,28.45851],[-81.38496,28.45891],[-81.38488,28.45925],[-81.38587,28.45925],[-81.38587,28.45888],[-81.38676,28.45897],[-81.38649,28.45983],[-81.38733,28.46003],[-81.38728,28.46017],[-81.3882,28.46013],[-81.38831,28.45977],[-81.39021,28.46007],[-81.39003,28.46072],[-81.39109,28.46094],[-81.39435,28.46092],[-81.39547,28.46117],[-81.39555,28.4609],[-81.39594,28.461],[-81.3956,28.46274],[-81.39726,28.46317],[-81.39881,28.45742],[-81.40079,28.45777],[-81.39969,28.46166],[-81.40164,28.462],[-81.40239,28.46248],[-81.40162,28.4632],[-81.40079,28.46481],[-81.40081,28.47254],[-81.39666,28.47257],[-81.39677,28.48588],[-81.3946,28.48588],[-81.3946,28.48607],[-81.39382,28.48608],[-81.39294,28.48698],[-81.39131,28.48698]]]}},{"type":"Feature","properties":{"SCHOOL":"ROLLING HILLS","TYPE":"ES","ADDR":"4903 Donovan St, Orlando 32808","WEB":"https://rollinghillses.ocps.net","PHONE":"407.296.6530","SLNG":-81.44705,"SLAT":28.59062},"geometry":{"type":"Polygon","coordinates":[[[-81.45178,28.61132],[-81.45141,28.59635],[-81.44324,28.59627],[-81.44325,28.59274],[-81.4412,28.59273],[-81.44119,28.58909],[-81.43094,28.58903],[-81.43081,28.57808],[-81.43579,28.57792],[-81.45514,28.57796],[-81.45524,28.58532],[-81.45557,28.58532],[-81.45549,28.59646],[-81.45952,28.59648],[-81.45952,28.59676],[-81.46115,28.59672],[-81.46134,28.59666],[-81.46134,28.59643],[-81.46204,28.59641],[-81.46211,28.59669],[-81.46375,28.59669],[-81.46378,28.60362],[-81.46171,28.60377],[-81.46172,28.6055],[-81.45976,28.60557],[-81.45979,28.61107],[-81.45178,28.61132]]]}},{"type":"Feature","properties":{"SCHOOL":"HIAWASSEE","TYPE":"ES","ADDR":"6800 Hennepin Blvd, Orlando 32818","WEB":"https://hiawasseees.ocps.net","PHONE":"407.296.6410","SLNG":-81.47318,"SLAT":28.56735},"geometry":{"type":"Polygon","coordinates":[[[-81.46569,28.57778],[-81.46566,28.57233],[-81.4645,28.57236],[-81.46444,28.57082],[-81.46418,28.57083],[-81.46416,28.56941],[-81.46458,28.56926],[-81.46456,28.56866],[-81.46564,28.56862],[-81.46562,28.56677],[-81.46448,28.56681],[-81.46445,28.56553],[-81.46455,28.56465],[-81.4655,28.56478],[-81.4656,28.56498],[-81.46614,28.5651],[-81.4672,28.56505],[-81.46721,28.56425],[-81.4669,28.5641],[-81.46708,28.5636],[-81.46729,28.56359],[-81.46718,28.56124],[-81.46756,28.56113],[-81.46756,28.56043],[-81.46711,28.56034],[-81.46756,28.56024],[-81.46756,28.55951],[-81.46466,28.55956],[-81.46473,28.5592],[-81.4645,28.5592],[-81.46449,28.55765],[-81.46406,28.55766],[-81.46407,28.55323],[-81.4645,28.55322],[-81.4645,28.5522],[-81.4759,28.55209],[-81.47591,28.56121],[-81.48002,28.56119],[-81.48003,28.56298],[-81.48426,28.56296],[-81.48425,28.56264],[-81.48822,28.56262],[-81.48822,28.56294],[-81.48843,28.56294],[-81.48849,28.57386],[-81.49096,28.57385],[-81.49102,28.57754],[-81.48323,28.57761],[-81.48025,28.57746],[-81.46569,28.57778]]]}},{"type":"Feature","properties":{"SCHOOL":"PRAIRIE LAKE","TYPE":"ES","ADDR":"8723 Hackney Prairie Rd, Orlando 32818","WEB":"https://prairielakees.ocps.net","PHONE":"407.884.2220","SLNG":-81.50432,"SLAT":28.59993},"geometry":{"type":"Polygon","coordinates":[[[-81.55363,28.59978],[-81.55337,28.60105],[-81.554,28.6009],[-81.55501,28.60099],[-81.55685,28.60227],[-81.55753,28.60179],[-81.55952,28.60102],[-81.56102,28.60007],[-81.56158,28.59927],[-81.56166,28.59651],[-81.56108,28.59559],[-81.56167,28.59506],[-81.5671,28.59501],[-81.5671,28.59752],[-81.5743,28.59746],[-81.57334,28.59808],[-81.57273,28.59801],[-81.57302,28.59833],[-81.57248,28.59833],[-81.57259,28.59848],[-81.57237,28.59879],[-81.57157,28.59895],[-81.57154,28.59907],[-81.57198,28.59906],[-81.57192,28.59932],[-81.57113,28.60021],[-81.57075,28.60034],[-81.57074,28.60053],[-81.56979,28.60134],[-81.56986,28.60145],[-81.56934,28.6017],[-81.56867,28.60241],[-81.56794,28.60273],[-81.56788,28.60297],[-81.56707,28.60364],[-81.56501,28.60463],[-81.56449,28.60543],[-81.56387,28.60579],[-81.56464,28.60579],[-81.5607,28.60937],[-81.56066,28.60959],[-81.56046,28.6096],[-81.56058,28.60971],[-81.56042,28.60977],[-81.56014,28.61076],[-81.56002,28.61238],[-81.55965,28.61284],[-81.55952,28.61339],[-81.55914,28.61373],[-81.55911,28.61786],[-81.554,28.6179],[-81.55181,28.61983],[-81.5485,28.61985],[-81.54849,28.61793],[-81.54525,28.61795],[-81.54444,28.62163],[-81.5202,28.6219],[-81.50536,28.62185],[-81.50536,28.62248],[-81.50663,28.62247],[-81.50646,28.6233],[-81.50664,28.62467],[-81.50643,28.62495],[-81.50537,28.62495],[-81.50528,28.62954],[-81.50594,28.62954],[-81.50594,28.63012],[-81.50529,28.63012],[-81.50529,28.63106],[-81.50927,28.63103],[-81.50923,28.63656],[-81.5134,28.63658],[-81.51342,28.62921],[-81.51767,28.62921],[-81.51766,28.63278],[-81.52172,28.63295],[-81.52171,28.63661],[-81.52584,28.63662],[-81.52582,28.64026],[-81.5021,28.64028],[-81.49803,28.63102],[-81.49786,28.63103],[-81.4971,28.62928],[-81.4888,28.62932],[-81.48867,28.61809],[-81.48991,28.61808],[-81.48986,28.6147],[-81.4906,28.6147],[-81.49058,28.61331],[-81.49068,28.61426],[-81.49137,28.61425],[-81.49139,28.61291],[-81.49227,28.61269],[-81.49226,28.61238],[-81.49417,28.61241],[-81.49415,28.61114],[-81.4919,28.61115],[-81.49189,28.61042],[-81.49268,28.61041],[-81.49272,28.60849],[-81.49404,28.60849],[-81.49407,28.60675],[-81.49275,28.60675],[-81.49281,28.603],[-81.4899,28.60303],[-81.48988,28.6004],[-81.4845,28.60044],[-81.4845,28.59953],[-81.47826,28.59957],[-81.47817,28.59308],[-81.48862,28.59302],[-81.48861,28.5922],[-81.49682,28.59215],[-81.49683,28.58848],[-81.50857,28.58839],[-81.52177,28.58533],[-81.52183,28.58835],[-81.52392,28.58834],[-81.52403,28.59561],[-81.53404,28.59528],[-81.53401,28.59428],[-81.53434,28.59427],[-81.53433,28.59387],[-81.53626,28.59389],[-81.53627,28.5943],[-81.53798,28.59428],[-81.53798,28.5946],[-81.54263,28.59457],[-81.54264,28.5952],[-81.55301,28.59512],[-81.55344,28.59983],[-81.55363,28.59978]]]}},{"type":"Feature","properties":{"SCHOOL":"VENTURA","TYPE":"ES","ADDR":"4400 Woodgate Blvd, Orlando 32822","WEB":"https://venturaes.ocps.net","PHONE":"407.249.6400","SLNG":-81.29803,"SLAT":28.50254},"geometry":{"type":"Polygon","coordinates":[[[-81.2896,28.5063],[-81.28957,28.49977],[-81.28613,28.49979],[-81.28613,28.49899],[-81.29368,28.49903],[-81.29365,28.49169],[-81.29778,28.49167],[-81.29777,28.48983],[-81.29469,28.48984],[-81.29468,28.48808],[-81.29678,28.48808],[-81.29678,28.48915],[-81.29776,28.48914],[-81.29771,28.48068],[-81.3101,28.48058],[-81.31042,28.48078],[-81.31048,28.48793],[-81.31017,28.48793],[-81.31016,28.48967],[-81.31041,28.52356],[-81.292,28.51675],[-81.28973,28.5157],[-81.28972,28.51504],[-81.29379,28.51503],[-81.29377,28.51371],[-81.29196,28.5124],[-81.29195,28.51064],[-81.2908,28.5102],[-81.2896,28.5063]]]}},{"type":"Feature","properties":{"SCHOOL":"ARBOR RIDGE","TYPE":"K8","ADDR":"2900 Logandale Dr, Orlando 32817","WEB":"https://arborridgek8.ocps.net","PHONE":"407.672.3110","SLNG":-81.25348,"SLAT":28.58763},"geometry":{"type":"Polygon","coordinates":[[[-81.2489,28.61227],[-81.24807,28.61172],[-81.24663,28.61186],[-81.24623,28.61206],[-81.24621,28.6119],[-81.24527,28.61198],[-81.24481,28.61189],[-81.24481,28.61162],[-81.22469,28.61178],[-81.22525,28.61079],[-81.22574,28.61081],[-81.22595,28.61049],[-81.22564,28.61009],[-81.22584,28.60988],[-81.22763,28.60906],[-81.2275,28.60865],[-81.22613,28.60866],[-81.22601,28.605],[-81.22628,28.6013],[-81.22823,28.60129],[-81.22836,28.59944],[-81.22639,28.59945],[-81.22642,28.5989],[-81.22563,28.59891],[-81.22566,28.59761],[-81.24468,28.59748],[-81.24514,28.58982],[-81.24501,28.57826],[-81.24638,28.57799],[-81.24767,28.57744],[-81.24913,28.57658],[-81.24912,28.57556],[-81.25005,28.57557],[-81.2507,28.57478],[-81.25101,28.57351],[-81.25104,28.57201],[-81.25073,28.57143],[-81.25073,28.56865],[-81.25323,28.56841],[-81.2534,28.57035],[-81.25513,28.57338],[-81.25533,28.5789],[-81.25567,28.58002],[-81.25717,28.58172],[-81.25914,28.58302],[-81.26145,28.58017],[-81.26152,28.58288],[-81.26255,28.58288],[-81.26257,28.58652],[-81.26569,28.58653],[-81.26573,28.59099],[-81.26544,28.591],[-81.26559,28.59111],[-81.26479,28.59159],[-81.26376,28.5915],[-81.26286,28.59203],[-81.26229,28.5927],[-81.26232,28.59291],[-81.26262,28.59293],[-81.26252,28.59329],[-81.26228,28.59329],[-81.26235,28.5946],[-81.26198,28.59476],[-81.26226,28.59559],[-81.26222,28.59741],[-81.25452,28.59723],[-81.24992,28.59734],[-81.25024,28.59902],[-81.25093,28.60061],[-81.2572,28.60803],[-81.25808,28.60977],[-81.25845,28.61153],[-81.24889,28.6116],[-81.2489,28.61227]]]}},{"type":"Feature","properties":{"SCHOOL":"CLAY SPRINGS","TYPE":"ES","ADDR":"555 N Wekiva Springs Rd, Apopka 32712","WEB":"https://clayspringses.ocps.net","PHONE":"407.884.2275","SLNG":-81.46579,"SLAT":28.68915},"geometry":{"type":"Polygon","coordinates":[[[-81.467,28.70952],[-81.45954,28.7094],[-81.45969,28.66582],[-81.4621,28.6658],[-81.4621,28.6653],[-81.46267,28.6653],[-81.46267,28.66486],[-81.4632,28.66486],[-81.4633,28.66335],[-81.46385,28.66334],[-81.46387,28.65746],[-81.46521,28.65749],[-81.46524,28.65653],[-81.46594,28.65655],[-81.46687,28.6571],[-81.46701,28.65692],[-81.46801,28.65755],[-81.468,28.65852],[-81.47014,28.6585],[-81.46971,28.66284],[-81.46828,28.66501],[-81.46796,28.6659],[-81.46795,28.6698],[-81.46845,28.67186],[-81.46821,28.67292],[-81.48468,28.67301],[-81.48464,28.67664],[-81.48479,28.67682],[-81.4975,28.67683],[-81.49749,28.67819],[-81.49701,28.67819],[-81.497,28.68391],[-81.50109,28.68392],[-81.50095,28.69488],[-81.49991,28.69488],[-81.49991,28.69561],[-81.49961,28.69562],[-81.49961,28.69631],[-81.49887,28.69631],[-81.49887,28.6966],[-81.49577,28.6966],[-81.49577,28.69471],[-81.48847,28.69471],[-81.48849,28.69297],[-81.4845,28.69299],[-81.48458,28.68751],[-81.47835,28.68752],[-81.47831,28.6912],[-81.47708,28.69121],[-81.47705,28.69357],[-81.4763,28.69357],[-81.47629,28.69401],[-81.47731,28.69401],[-81.4773,28.69484],[-81.47628,28.69484],[-81.47622,28.69847],[-81.46813,28.69839],[-81.46841,28.6997],[-81.46783,28.70207],[-81.46763,28.70919],[-81.467,28.70952]]]}},{"type":"Feature","properties":{"SCHOOL":"ROCK SPRINGS","TYPE":"ES","ADDR":"2400 N Rock Springs Rd, Apopka 32712","WEB":"https://rockspringses.ocps.net","PHONE":"407.884.2242","SLNG":-81.51117,"SLAT":28.72001},"geometry":{"type":"Polygon","coordinates":[[[-81.48458,28.68751],[-81.4845,28.69299],[-81.48849,28.69297],[-81.48847,28.69471],[-81.49577,28.69471],[-81.49577,28.6966],[-81.49887,28.6966],[-81.49887,28.69631],[-81.49961,28.69631],[-81.49961,28.69562],[-81.49991,28.69561],[-81.49991,28.69488],[-81.50403,28.69489],[-81.50401,28.69564],[-81.50511,28.69611],[-81.50512,28.6957],[-81.50844,28.6957],[-81.50847,28.69489],[-81.50936,28.69489],[-81.50919,28.70588],[-81.52525,28.70632],[-81.52536,28.70765],[-81.52581,28.7082],[-81.52594,28.7087],[-81.52582,28.70995],[-81.52537,28.71061],[-81.52557,28.72825],[-81.5214,28.72822],[-81.52142,28.73553],[-81.51315,28.7355],[-81.51314,28.73188],[-81.50902,28.7319],[-81.50903,28.74829],[-81.51313,28.74829],[-81.51313,28.75012],[-81.51722,28.75011],[-81.51733,28.75732],[-81.51777,28.75804],[-81.51888,28.75804],[-81.51888,28.75828],[-81.51935,28.75828],[-81.51936,28.75919],[-81.52142,28.75919],[-81.52144,28.76103],[-81.52566,28.76104],[-81.52572,28.7721],[-81.52479,28.7721],[-81.52619,28.77443],[-81.52655,28.77732],[-81.52742,28.77926],[-81.53192,28.77912],[-81.53192,28.78394],[-81.53274,28.78413],[-81.53314,28.78447],[-81.53324,28.78608],[-81.47739,28.7862],[-81.46946,28.78579],[-81.46138,28.78567],[-81.41453,28.78557],[-81.41437,28.78498],[-81.41514,28.78449],[-81.41533,28.78301],[-81.41558,28.78249],[-81.41546,28.78074],[-81.41514,28.78026],[-81.41535,28.77859],[-81.41493,28.77797],[-81.41469,28.77681],[-81.41492,28.77618],[-81.4149,28.77464],[-81.41585,28.77363],[-81.4158,28.77313],[-81.41555,28.77288],[-81.41582,28.77191],[-81.41572,28.77126],[-81.4164,28.76965],[-81.41615,28.76751],[-81.41564,28.76651],[-81.41584,28.76449],[-81.41531,28.76393],[-81.41521,28.76353],[-81.41554,28.76232],[-81.41567,28.75976],[-81.41632,28.75848],[-81.41627,28.75792],[-81.41659,28.7566],[-81.41647,28.75545],[-81.41673,28.75505],[-81.41728,28.75489],[-81.41749,28.75262],[-81.41792,28.75173],[-81.41845,28.74887],[-81.41891,28.74827],[-81.41908,28.74563],[-81.4197,28.74461],[-81.42006,28.74246],[-81.42096,28.74075],[-81.42189,28.73974],[-81.42223,28.73807],[-81.42386,28.73521],[-81.42682,28.7325],[-81.42788,28.7309],[-81.42996,28.72886],[-81.43028,28.72755],[-81.42992,28.72688],[-81.43013,28.72662],[-81.43036,28.72666],[-81.43124,28.7256],[-81.4317,28.72564],[-81.43405,28.72293],[-81.43654,28.72125],[-81.43685,28.72048],[-81.43772,28.71956],[-81.43772,28.71893],[-81.43856,28.71723],[-81.44023,28.71625],[-81.44142,28.7151],[-81.44328,28.71454],[-81.44428,28.7139],[-81.44571,28.71362],[-81.44648,28.71374],[-81.44705,28.71468],[-81.44782,28.7153],[-81.44879,28.71531],[-81.45068,28.71433],[-81.45288,28.7144],[-81.45396,28.71423],[-81.45497,28.71442],[-81.45594,28.71423],[-81.45811,28.71423],[-81.45955,28.71302],[-81.45954,28.7094],[-81.467,28.70952],[-81.46747,28.70935],[-81.46773,28.70886],[-81.46783,28.70207],[-81.46841,28.69974],[-81.46813,28.69839],[-81.47622,28.69847],[-81.47628,28.69484],[-81.4773,28.69484],[-81.47731,28.69401],[-81.47629,28.69401],[-81.4763,28.69357],[-81.47705,28.69357],[-81.47708,28.69121],[-81.47831,28.6912],[-81.47835,28.68752],[-81.48458,28.68751]]]}},{"type":"Feature","properties":{"SCHOOL":"WESTPOINTE","TYPE":"ES","ADDR":"7525 Westpointe Blvd, Orlando 32835","WEB":"https://westpointees.ocps.net","PHONE":"407.866.1278","SLNG":-81.48935,"SLAT":28.5206},"geometry":{"type":"Polygon","coordinates":[[[-81.46756,28.52789],[-81.46756,28.5262],[-81.45926,28.5263],[-81.45905,28.5105],[-81.45971,28.51063],[-81.46055,28.51177],[-81.46136,28.51211],[-81.46215,28.51195],[-81.46292,28.51132],[-81.46332,28.51172],[-81.46386,28.51146],[-81.46679,28.51134],[-81.46759,28.5109],[-81.46825,28.50925],[-81.46797,28.50919],[-81.46752,28.5082],[-81.46868,28.50775],[-81.46938,28.5081],[-81.47058,28.51023],[-81.47143,28.51014],[-81.47259,28.50938],[-81.47327,28.50947],[-81.47333,28.50911],[-81.47514,28.50909],[-81.47756,28.50837],[-81.47964,28.50835],[-81.47968,28.51079],[-81.48018,28.5106],[-81.48046,28.51078],[-81.48122,28.51077],[-81.48135,28.51198],[-81.48608,28.51193],[-81.48589,28.50828],[-81.48414,28.50513],[-81.48383,28.50407],[-81.48378,28.50293],[-81.5049,28.51877],[-81.50312,28.52123],[-81.50065,28.52014],[-81.4992,28.51927],[-81.49831,28.519],[-81.4936,28.51895],[-81.49084,28.51852],[-81.4881,28.51901],[-81.48807,28.52003],[-81.48633,28.52004],[-81.48415,28.51852],[-81.48181,28.52135],[-81.47981,28.52198],[-81.47718,28.5238],[-81.47621,28.52356],[-81.47604,28.52295],[-81.47486,28.52387],[-81.47361,28.52388],[-81.4736,28.52296],[-81.47257,28.52297],[-81.47268,28.5248],[-81.47248,28.52534],[-81.47203,28.52581],[-81.46898,28.52751],[-81.46756,28.52789]]]}},{"type":"Feature","properties":{"SCHOOL":"WINDY RIDGE","TYPE":"K8","ADDR":"3900 Beech Tree Dr, Orlando 32835","WEB":"https://windyridgek8.ocps.net","PHONE":"407.296.5100","SLNG":-81.49867,"SLAT":28.50271},"geometry":{"type":"Polygon","coordinates":[[[-81.50782,28.52096],[-81.48377,28.50294],[-81.48383,28.50407],[-81.48414,28.50513],[-81.48589,28.50828],[-81.48608,28.51193],[-81.48135,28.51198],[-81.48122,28.51077],[-81.48046,28.51078],[-81.48018,28.5106],[-81.47968,28.51079],[-81.47964,28.50835],[-81.47756,28.50837],[-81.47514,28.50909],[-81.47333,28.50911],[-81.47327,28.50947],[-81.47259,28.50938],[-81.47143,28.51014],[-81.47058,28.51023],[-81.46938,28.5081],[-81.4686,28.50775],[-81.46752,28.5082],[-81.46797,28.50919],[-81.46825,28.50925],[-81.46759,28.5109],[-81.46679,28.51134],[-81.46386,28.51146],[-81.46332,28.51172],[-81.46292,28.51132],[-81.4618,28.51209],[-81.46087,28.51198],[-81.45971,28.51063],[-81.45905,28.5105],[-81.45895,28.49392],[-81.46646,28.49367],[-81.50855,28.49361],[-81.50848,28.49693],[-81.50762,28.50154],[-81.5085,28.50638],[-81.50864,28.51925],[-81.50841,28.52015],[-81.50782,28.52096]]]}},{"type":"Feature","properties":{"SCHOOL":"BAY MEADOWS","TYPE":"ES","ADDR":"9150 Apopka Vineland Rd, Orlando 32836","WEB":"https://baymeadowses.ocps.net","PHONE":"407.876.7500","SLNG":-81.50599,"SLAT":28.43439},"geometry":{"type":"Polygon","coordinates":[[[-81.49979,28.45051],[-81.49978,28.44997],[-81.47436,28.44998],[-81.47427,28.43225],[-81.48317,28.43227],[-81.48316,28.42988],[-81.48727,28.42984],[-81.48727,28.42853],[-81.48933,28.42853],[-81.48932,28.42696],[-81.49029,28.42621],[-81.49138,28.4262],[-81.49138,28.42802],[-81.49422,28.42802],[-81.49452,28.42735],[-81.49548,28.42706],[-81.49548,28.4262],[-81.49609,28.42607],[-81.49608,28.42568],[-81.49547,28.42552],[-81.49546,28.42266],[-81.49794,28.42084],[-81.50318,28.4208],[-81.50354,28.42063],[-81.50344,28.41519],[-81.51197,28.41508],[-81.51208,28.4115],[-81.51395,28.41149],[-81.51396,28.41349],[-81.51505,28.41349],[-81.51515,28.4179],[-81.51204,28.41792],[-81.51201,28.42067],[-81.52455,28.42062],[-81.52451,28.43536],[-81.52624,28.43535],[-81.52572,28.43761],[-81.52292,28.43749],[-81.5224,28.43777],[-81.52311,28.43839],[-81.52283,28.43889],[-81.52095,28.43928],[-81.51891,28.44023],[-81.51613,28.44297],[-81.51608,28.4437],[-81.51645,28.44497],[-81.51421,28.44497],[-81.51367,28.44458],[-81.51241,28.44714],[-81.51107,28.44829],[-81.50667,28.44865],[-81.50358,28.44986],[-81.50247,28.45004],[-81.50185,28.45046],[-81.49979,28.45051]]]}},{"type":"Feature","properties":{"SCHOOL":"JOHN YOUNG","TYPE":"ES","ADDR":"12550 Marsfield Ave, Orlando 32837","WEB":"https://johnyounges.ocps.net","PHONE":"407.858.3120","SLNG":-81.42309,"SLAT":28.3839},"geometry":{"type":"Polygon","coordinates":[[[-81.40459,28.39757],[-81.40449,28.37263],[-81.41106,28.37498],[-81.41341,28.37538],[-81.41551,28.3755],[-81.41812,28.37536],[-81.42061,28.3749],[-81.42305,28.37412],[-81.4258,28.3727],[-81.42579,28.37631],[-81.43692,28.37625],[-81.43598,28.37818],[-81.43428,28.37914],[-81.43352,28.3812],[-81.43315,28.38467],[-81.43207,28.38653],[-81.43322,28.39106],[-81.43322,28.39201],[-81.42507,28.39204],[-81.42508,28.39696],[-81.42037,28.39697],[-81.41906,28.39651],[-81.41739,28.39524],[-81.41602,28.39462],[-81.41493,28.39444],[-81.41212,28.39445],[-81.41069,28.39467],[-81.40958,28.39514],[-81.4076,28.39686],[-81.40681,28.39732],[-81.40597,28.39755],[-81.40459,28.39757]]]}},{"type":"Feature","properties":{"SCHOOL":"WATERFORD","TYPE":"ES","ADDR":"12950 Lake Underhill Rd, Orlando 32828","WEB":"https://waterfordes.ocps.net","PHONE":"407.249.6410","SLNG":-81.19744,"SLAT":28.54305},"geometry":{"type":"Polygon","coordinates":[[[-81.18645,28.55451],[-81.17822,28.55444],[-81.17805,28.53971],[-81.18637,28.53968],[-81.18635,28.53783],[-81.18738,28.53782],[-81.18736,28.53598],[-81.18839,28.53597],[-81.18842,28.53877],[-81.19048,28.53875],[-81.19045,28.53595],[-81.19252,28.53593],[-81.19255,28.53962],[-81.19451,28.53961],[-81.19448,28.53889],[-81.19463,28.53889],[-81.19443,28.5377],[-81.19459,28.5377],[-81.1945,28.52465],[-81.20034,28.52478],[-81.20171,28.52506],[-81.20284,28.52557],[-81.20412,28.52659],[-81.20498,28.52789],[-81.20764,28.53619],[-81.20789,28.53751],[-81.20779,28.53862],[-81.20738,28.53975],[-81.20466,28.54327],[-81.20398,28.54458],[-81.20381,28.54575],[-81.20387,28.54999],[-81.19381,28.55215],[-81.19274,28.55254],[-81.19157,28.55326],[-81.19086,28.55418],[-81.19063,28.55522],[-81.19109,28.55969],[-81.19084,28.56168],[-81.18648,28.56164],[-81.18645,28.55451]]]}},{"type":"Feature","properties":{"SCHOOL":"LITTLE RIVER","TYPE":"ES","ADDR":"100 Caswell Dr, Orlando 32825","WEB":"https://littleriveres.ocps.net","PHONE":"407.249.6360","SLNG":-81.27075,"SLAT":28.54581},"geometry":{"type":"Polygon","coordinates":[[[-81.26618,28.56838],[-81.26117,28.56838],[-81.26108,28.56102],[-81.26315,28.56103],[-81.26309,28.55557],[-81.26102,28.55556],[-81.261,28.55375],[-81.26135,28.55375],[-81.26134,28.55338],[-81.261,28.55338],[-81.26093,28.5474],[-81.24851,28.54741],[-81.24847,28.54116],[-81.24579,28.54119],[-81.24578,28.53935],[-81.28577,28.53916],[-81.28598,28.55736],[-81.28186,28.55739],[-81.28186,28.5567],[-81.27943,28.55672],[-81.2792,28.5556],[-81.27773,28.55561],[-81.27771,28.55376],[-81.26534,28.55382],[-81.26776,28.55626],[-81.2683,28.55732],[-81.26859,28.55865],[-81.26618,28.56838]]]}},{"type":"Feature","properties":{"SCHOOL":"WINEGARD","TYPE":"ES","ADDR":"7055 Winegard Rd, Orlando 32809","WEB":"https://wingardes.ocps.net","PHONE":"407.858.3200","SLNG":-81.38204,"SLAT":28.45377},"geometry":{"type":"Polygon","coordinates":[[[-81.40883,28.4333],[-81.41125,28.43605],[-81.42102,28.45041],[-81.40896,28.45046],[-81.40899,28.45629],[-81.39929,28.45641],[-81.39903,28.45739],[-81.39881,28.45742],[-81.39726,28.46317],[-81.3956,28.46274],[-81.39594,28.461],[-81.39555,28.4609],[-81.39547,28.46117],[-81.39435,28.46092],[-81.39109,28.46094],[-81.39003,28.46072],[-81.39021,28.46007],[-81.38831,28.45977],[-81.3882,28.46013],[-81.38728,28.46017],[-81.38733,28.46003],[-81.38649,28.45983],[-81.38676,28.45897],[-81.38587,28.45888],[-81.38587,28.45925],[-81.38488,28.45925],[-81.38496,28.45891],[-81.3847,28.45851],[-81.38421,28.45852],[-81.38421,28.45808],[-81.36771,28.45825],[-81.36702,28.45822],[-81.36701,28.458],[-81.36559,28.45801],[-81.36395,28.45225],[-81.36374,28.45034],[-81.3673,28.43807],[-81.36751,28.43621],[-81.40152,28.43599],[-81.40272,28.4351],[-81.40387,28.43459],[-81.40883,28.4333]]]}},{"type":"Feature","properties":{"SCHOOL":"DOMMERICH","TYPE":"ES","ADDR":"601 N. Thistle Ln, Maitland 32751","WEB":"https://dommeriches.ocps.net","PHONE":"407.623.1407","SLNG":-81.33985,"SLAT":28.63176},"geometry":{"type":"Polygon","coordinates":[[[-81.34623,28.6103],[-81.34846,28.61029],[-81.34858,28.61393],[-81.35389,28.6139],[-81.35384,28.6102],[-81.36044,28.61015],[-81.36046,28.61075],[-81.36117,28.61075],[-81.36117,28.61041],[-81.36198,28.61058],[-81.36197,28.6102],[-81.36261,28.6102],[-81.36262,28.61058],[-81.36302,28.61057],[-81.36303,28.61022],[-81.36329,28.61028],[-81.3631,28.60995],[-81.3637,28.60962],[-81.36515,28.61181],[-81.36725,28.61174],[-81.36718,28.61147],[-81.368,28.61147],[-81.36792,28.61173],[-81.36902,28.61172],[-81.36905,28.61004],[-81.37143,28.61],[-81.3714,28.61168],[-81.37765,28.61168],[-81.37774,28.61802],[-81.377,28.61803],[-81.377,28.61841],[-81.37564,28.61822],[-81.37564,28.61854],[-81.37528,28.61854],[-81.37455,28.61844],[-81.37259,28.61769],[-81.37048,28.61786],[-81.36848,28.6185],[-81.36553,28.61857],[-81.36551,28.61929],[-81.36411,28.6193],[-81.36387,28.61993],[-81.36356,28.62006],[-81.35834,28.62024],[-81.35834,28.62123],[-81.35257,28.62125],[-81.35239,28.62723],[-81.35181,28.6274],[-81.35308,28.63141],[-81.35334,28.63936],[-81.32848,28.63963],[-81.32799,28.61657],[-81.32873,28.61656],[-81.32871,28.61596],[-81.3356,28.61587],[-81.3356,28.61536],[-81.33544,28.61536],[-81.33544,28.61498],[-81.3356,28.61498],[-81.33557,28.61293],[-81.3361,28.61292],[-81.33597,28.61241],[-81.33672,28.61194],[-81.33681,28.6125],[-81.33621,28.61251],[-81.33621,28.61323],[-81.33677,28.61323],[-81.33678,28.61353],[-81.33865,28.61351],[-81.33865,28.61396],[-81.33935,28.61395],[-81.33931,28.61364],[-81.34,28.61363],[-81.34049,28.61336],[-81.34028,28.61283],[-81.34041,28.612],[-81.3408,28.61186],[-81.34143,28.61112],[-81.34322,28.61097],[-81.34511,28.61171],[-81.34547,28.61136],[-81.34565,28.61044],[-81.34623,28.60992],[-81.34623,28.6103]]]}},{"type":"Feature","properties":{"SCHOOL":"HUNTERS CREEK","TYPE":"ES","ADDR":"4650 Town Center Blvd, Orlando 32837","WEB":"https://hunterscreekes.ocps.net","PHONE":"407.858.4610","SLNG":-81.43169,"SLAT":28.35893},"geometry":{"type":"Polygon","coordinates":[[[-81.4258,28.3727],[-81.42579,28.37143],[-81.42379,28.3726],[-81.42271,28.37261],[-81.42252,28.3725],[-81.42264,28.37216],[-81.42246,28.37201],[-81.4217,28.37219],[-81.42104,28.37157],[-81.42044,28.37176],[-81.41954,28.37085],[-81.41919,28.36975],[-81.41806,28.36872],[-81.41783,28.36793],[-81.41843,28.36728],[-81.41826,28.36665],[-81.41793,28.36679],[-81.41688,28.36348],[-81.41686,28.36258],[-81.41879,28.36135],[-81.4208,28.36057],[-81.42104,28.36101],[-81.42135,28.36087],[-81.42157,28.36119],[-81.42211,28.36095],[-81.42031,28.35761],[-81.41982,28.35599],[-81.41967,28.35474],[-81.41964,28.34794],[-81.44605,28.34792],[-81.44521,28.3494],[-81.44405,28.35054],[-81.44311,28.351],[-81.44318,28.35186],[-81.44499,28.35119],[-81.44532,28.35219],[-81.44631,28.35399],[-81.44487,28.35637],[-81.44228,28.35964],[-81.43981,28.36086],[-81.43784,28.36221],[-81.42858,28.37061],[-81.4258,28.3727]]]}},{"type":"Feature","properties":{"SCHOOL":"LAKE SYBELIA","TYPE":"ES","ADDR":"600 Sandspur Rd, Maitland 32751","WEB":"https://lakesybeliaes.ocps.net","PHONE":"407.623.1445","SLNG":-81.37123,"SLAT":28.63141},"geometry":{"type":"Polygon","coordinates":[[[-81.36166,28.64042],[-81.36164,28.63933],[-81.35334,28.63936],[-81.35308,28.63141],[-81.35181,28.6274],[-81.35239,28.62723],[-81.35257,28.62125],[-81.35834,28.62123],[-81.35834,28.62024],[-81.36337,28.6201],[-81.36387,28.61993],[-81.36411,28.6193],[-81.36551,28.61929],[-81.36553,28.61857],[-81.36848,28.6185],[-81.36991,28.618],[-81.36995,28.61878],[-81.37035,28.61878],[-81.37038,28.61934],[-81.37127,28.61918],[-81.37128,28.61947],[-81.3716,28.61976],[-81.37428,28.6199],[-81.37431,28.62114],[-81.37365,28.62151],[-81.37365,28.62243],[-81.37777,28.62244],[-81.37778,28.62305],[-81.37856,28.62304],[-81.37848,28.62343],[-81.37872,28.62365],[-81.3792,28.62336],[-81.37934,28.62347],[-81.37936,28.62495],[-81.38001,28.62494],[-81.38002,28.62551],[-81.38306,28.62548],[-81.38304,28.6241],[-81.38456,28.62409],[-81.38456,28.62333],[-81.38665,28.62334],[-81.38665,28.62524],[-81.38809,28.62518],[-81.39031,28.62404],[-81.39046,28.62363],[-81.39032,28.62276],[-81.39081,28.62223],[-81.39592,28.62204],[-81.39843,28.62141],[-81.40021,28.6214],[-81.40028,28.62206],[-81.41079,28.62202],[-81.41081,28.62336],[-81.41421,28.62336],[-81.41425,28.62381],[-81.415,28.62373],[-81.41504,28.63529],[-81.41526,28.64006],[-81.36166,28.64042]]]}},{"type":"Feature","properties":{"SCHOOL":"WINDERMERE","TYPE":"ES","ADDR":"11125 Park Ave, Windermere 34786","WEB":"https://windermerees.ocps.net","PHONE":"407.876.7520","SLNG":-81.54435,"SLAT":28.50851},"geometry":{"type":"Polygon","coordinates":[[[-81.54904,28.51924],[-81.54903,28.51882],[-81.54575,28.51887],[-81.54573,28.51797],[-81.54152,28.51804],[-81.54216,28.51544],[-81.54083,28.51544],[-81.54087,28.51622],[-81.53737,28.51622],[-81.53729,28.51165],[-81.53527,28.51169],[-81.53533,28.51482],[-81.53452,28.51482],[-81.53449,28.51354],[-81.52917,28.51356],[-81.52914,28.51174],[-81.52504,28.51175],[-81.52516,28.50446],[-81.51685,28.50445],[-81.51686,28.50203],[-81.5159,28.50203],[-81.5159,28.50219],[-81.51484,28.5022],[-81.51484,28.50469],[-81.51427,28.50491],[-81.5141,28.50483],[-81.51345,28.50307],[-81.51271,28.50308],[-81.51239,28.50346],[-81.51185,28.50353],[-81.51047,28.50306],[-81.5099,28.50369],[-81.50798,28.50369],[-81.50768,28.50233],[-81.50769,28.50056],[-81.50854,28.49617],[-81.50856,28.4838],[-81.50955,28.4837],[-81.51017,28.48311],[-81.51109,28.48383],[-81.51155,28.48267],[-81.512,28.48278],[-81.51679,28.47902],[-81.52548,28.47894],[-81.52542,28.47833],[-81.52501,28.47749],[-81.52552,28.4765],[-81.52554,28.47556],[-81.52538,28.47522],[-81.52559,28.47461],[-81.5249,28.4741],[-81.5237,28.47389],[-81.52308,28.47358],[-81.52318,28.47287],[-81.52219,28.47129],[-81.52181,28.46928],[-81.524,28.46944],[-81.52564,28.46898],[-81.52603,28.46866],[-81.52749,28.46613],[-81.52741,28.4646],[-81.52908,28.46162],[-81.5281,28.46153],[-81.52757,28.46111],[-81.52756,28.46048],[-81.52686,28.4593],[-81.52639,28.45889],[-81.52538,28.45536],[-81.52576,28.45491],[-81.52666,28.4546],[-81.52856,28.45453],[-81.53108,28.45378],[-81.5315,28.45377],[-81.53252,28.45419],[-81.53331,28.4541],[-81.53564,28.44996],[-81.53428,28.44841],[-81.53316,28.44768],[-81.53284,28.4472],[-81.5329,28.44659],[-81.53175,28.44565],[-81.53136,28.44482],[-81.53132,28.44404],[-81.5309,28.44327],[-81.53114,28.44208],[-81.53093,28.44173],[-81.53113,28.44154],[-81.53104,28.44119],[-81.53631,28.43761],[-81.54295,28.44126],[-81.54512,28.44226],[-81.55379,28.445],[-81.55374,28.45711],[-81.55583,28.45709],[-81.55582,28.45891],[-81.55372,28.45893],[-81.5537,28.46063],[-81.55305,28.46063],[-81.55305,28.46092],[-81.54948,28.46094],[-81.5494,28.46448],[-81.56145,28.46427],[-81.56131,28.4678],[-81.56621,28.46771],[-81.56622,28.47043],[-81.56747,28.47043],[-81.56747,28.47133],[-81.57452,28.47129],[-81.57454,28.47311],[-81.57473,28.47327],[-81.58283,28.47299],[-81.58294,28.48922],[-81.58352,28.49035],[-81.58654,28.49324],[-81.58703,28.49438],[-81.58705,28.50026],[-81.57464,28.5005],[-81.57465,28.50308],[-81.57433,28.50374],[-81.57369,28.50404],[-81.57091,28.50407],[-81.57061,28.50424],[-81.57063,28.51865],[-81.56474,28.51864],[-81.56472,28.51511],[-81.56216,28.51584],[-81.56102,28.51661],[-81.55739,28.51644],[-81.5575,28.51751],[-81.55737,28.51844],[-81.55411,28.51847],[-81.55411,28.51875],[-81.55133,28.51879],[-81.55134,28.5192],[-81.54904,28.51924]]]}},{"type":"Feature","properties":{"SCHOOL":"RIVERSIDE","TYPE":"ES","ADDR":"3125 Pembrook Ave, Orlando 32810","WEB":"https://riversidees.ocps.net","PHONE":"407.296.6520","SLNG":-81.42059,"SLAT":28.63381},"geometry":{"type":"Polygon","coordinates":[[[-81.41502,28.6256],[-81.41596,28.62552],[-81.41596,28.62497],[-81.41787,28.62514],[-81.41828,28.62225],[-81.41818,28.62112],[-81.41705,28.62112],[-81.41704,28.62045],[-81.41561,28.62045],[-81.4156,28.61978],[-81.41495,28.61978],[-81.41483,28.61077],[-81.41518,28.61026],[-81.41818,28.61259],[-81.41951,28.61335],[-81.42525,28.61509],[-81.4261,28.61442],[-81.43242,28.61274],[-81.44284,28.61279],[-81.45015,28.61142],[-81.45178,28.61132],[-81.45166,28.61712],[-81.45183,28.62541],[-81.44977,28.62545],[-81.44809,28.62391],[-81.44594,28.62306],[-81.44488,28.62142],[-81.4442,28.62124],[-81.44319,28.62023],[-81.44232,28.62079],[-81.44206,28.62044],[-81.44165,28.62057],[-81.44157,28.62008],[-81.43954,28.6201],[-81.43953,28.62135],[-81.43696,28.6208],[-81.43619,28.6204],[-81.43399,28.61978],[-81.43145,28.61836],[-81.4314,28.62198],[-81.4334,28.62197],[-81.43339,28.62422],[-81.43544,28.62421],[-81.43552,28.63599],[-81.4353,28.63707],[-81.43559,28.63819],[-81.43558,28.64016],[-81.41526,28.64006],[-81.41504,28.63529],[-81.41502,28.6256]]]}},{"type":"Feature","properties":{"SCHOOL":"SADLER","TYPE":"ES","ADDR":"4000 W Oak Ridge Rd, Orlando 32809","WEB":"https://sadleres.ocps.net","PHONE":"407.354.2620","SLNG":-81.42667,"SLAT":28.47083},"geometry":{"type":"Polygon","coordinates":[[[-81.41742,28.48694],[-81.41748,28.47236],[-81.41641,28.47236],[-81.40081,28.47255],[-81.40079,28.46481],[-81.40162,28.4632],[-81.40239,28.46248],[-81.40164,28.462],[-81.39969,28.46166],[-81.40079,28.45777],[-81.39903,28.45739],[-81.39929,28.45641],[-81.40899,28.45629],[-81.40896,28.45046],[-81.42102,28.45041],[-81.42245,28.45233],[-81.42422,28.45408],[-81.44222,28.46976],[-81.44435,28.47207],[-81.4239,28.4723],[-81.42402,28.47666],[-81.42361,28.47666],[-81.42363,28.4796],[-81.41754,28.47966],[-81.41742,28.48694]]]}},{"type":"Feature","properties":{"SCHOOL":"ROSEMONT","TYPE":"ES","ADDR":"4650 Point Look Out Rd, Orlando 32808","WEB":"https://rosemontes.ocps.net","PHONE":"407.522.6050","SLNG":-81.44016,"SLAT":28.60367},"geometry":{"type":"Polygon","coordinates":[[[-81.43619,28.61265],[-81.43233,28.61276],[-81.42849,28.61045],[-81.42915,28.6096],[-81.43142,28.60961],[-81.43135,28.60655],[-81.43161,28.60655],[-81.43189,28.60377],[-81.43105,28.60364],[-81.43107,28.60274],[-81.42878,28.60271],[-81.42753,28.6022],[-81.42573,28.60202],[-81.42551,28.60246],[-81.4247,28.60196],[-81.42419,28.60121],[-81.42406,28.60046],[-81.42439,28.59912],[-81.42432,28.5978],[-81.42461,28.59718],[-81.42515,28.59672],[-81.42416,28.59637],[-81.42286,28.5977],[-81.42273,28.59124],[-81.42688,28.59121],[-81.42687,28.58901],[-81.44119,28.58909],[-81.4412,28.59273],[-81.44325,28.59274],[-81.44324,28.59627],[-81.45141,28.59635],[-81.45178,28.61132],[-81.45015,28.61142],[-81.44284,28.61279],[-81.43619,28.61265]]]}},{"type":"Feature","properties":{"SCHOOL":"APOPKA","TYPE":"ES","ADDR":"311 Vick Rd, Apopka 32713","WEB":"https://apopkaes.ocps.net","PHONE":"407.884.2200","SLNG":-81.52472,"SLAT":28.6843},"geometry":{"type":"Polygon","coordinates":[[[-81.52537,28.71069],[-81.52582,28.70994],[-81.52594,28.70873],[-81.52581,28.70821],[-81.52536,28.70765],[-81.52525,28.70653],[-81.52567,28.69328],[-81.52446,28.69311],[-81.52439,28.69122],[-81.51939,28.69116],[-81.51948,28.6889],[-81.51917,28.68885],[-81.51952,28.6875],[-81.51957,28.68166],[-81.51687,28.68166],[-81.51685,28.68264],[-81.51566,28.68265],[-81.51564,28.68437],[-81.51273,28.68437],[-81.51274,28.68396],[-81.51021,28.68397],[-81.51024,28.68273],[-81.50943,28.68273],[-81.50945,28.67134],[-81.51066,28.67137],[-81.51098,28.67102],[-81.51153,28.67134],[-81.51153,28.67094],[-81.51362,28.67243],[-81.51362,28.6713],[-81.51707,28.6713],[-81.51706,28.6718],[-81.51767,28.6718],[-81.51768,28.67129],[-81.51967,28.67129],[-81.51971,28.66949],[-81.52574,28.66947],[-81.52566,28.67062],[-81.52634,28.67062],[-81.52701,28.66364],[-81.52752,28.66103],[-81.52882,28.66065],[-81.53304,28.65831],[-81.53365,28.65739],[-81.53436,28.6547],[-81.54653,28.65465],[-81.54651,28.64731],[-81.5491,28.6473],[-81.54989,28.64594],[-81.55251,28.64447],[-81.55301,28.6439],[-81.55327,28.64321],[-81.55318,28.64218],[-81.55332,28.64218],[-81.55273,28.64048],[-81.55223,28.63979],[-81.55041,28.63808],[-81.55004,28.63722],[-81.55,28.6363],[-81.55244,28.63629],[-81.55404,28.63749],[-81.55371,28.63768],[-81.55416,28.63762],[-81.55457,28.63812],[-81.55562,28.63843],[-81.55628,28.63882],[-81.55656,28.63929],[-81.55892,28.63993],[-81.56047,28.64164],[-81.5631,28.64291],[-81.56604,28.6435],[-81.56858,28.64344],[-81.5701,28.64397],[-81.57032,28.64389],[-81.57066,28.64437],[-81.57102,28.6455],[-81.57386,28.64742],[-81.57996,28.65051],[-81.58742,28.65293],[-81.59225,28.65711],[-81.59245,28.65763],[-81.59259,28.66234],[-81.59367,28.66725],[-81.59444,28.66897],[-81.55044,28.66927],[-81.55025,28.67238],[-81.54974,28.67296],[-81.54821,28.67362],[-81.54761,28.67418],[-81.5474,28.67486],[-81.54781,28.6765],[-81.54633,28.67649],[-81.5462,28.6813],[-81.54582,28.68214],[-81.54619,28.68302],[-81.54634,28.68636],[-81.54869,28.68755],[-81.54723,28.68904],[-81.5469,28.68992],[-81.54692,28.69101],[-81.54668,28.69189],[-81.5472,28.69202],[-81.54709,28.69308],[-81.54637,28.69445],[-81.54631,28.707],[-81.54228,28.70707],[-81.54231,28.71339],[-81.53403,28.71365],[-81.5254,28.7136],[-81.52537,28.71069]]]}},{"type":"Feature","properties":{"SCHOOL":"MAXEY","TYPE":"ES","ADDR":"602 E. Storey Rd, Winter Garden 34787","WEB":"https://maxeyes.ocps.net","PHONE":"407.877.5020","SLNG":-81.57628,"SLAT":28.55753},"geometry":{"type":"Polygon","coordinates":[[[-81.55646,28.59498],[-81.55738,28.59297],[-81.5576,28.59189],[-81.55688,28.56908],[-81.55733,28.567],[-81.55922,28.5621],[-81.55978,28.55871],[-81.55957,28.55569],[-81.55729,28.54418],[-81.55845,28.54417],[-81.5584,28.53882],[-81.56672,28.53864],[-81.5666,28.53685],[-81.58337,28.53678],[-81.58354,28.56205],[-81.57526,28.56207],[-81.57527,28.56484],[-81.57112,28.56488],[-81.57111,28.56402],[-81.56696,28.56406],[-81.56707,28.58653],[-81.56695,28.58738],[-81.56637,28.58834],[-81.56638,28.59044],[-81.56005,28.59045],[-81.55954,28.59171],[-81.55842,28.5933],[-81.55726,28.5946],[-81.55646,28.59498]]]}},{"type":"Feature","properties":{"SCHOOL":"SOUTHWOOD","TYPE":"ES","ADDR":"12600 Bisted Dr, Orlando 32824","WEB":"https://southwoodes.ocps.net","PHONE":"407.858.2230","SLNG":-81.38343,"SLAT":28.38467},"geometry":{"type":"Polygon","coordinates":[[[-81.37614,28.40771],[-81.37597,28.40689],[-81.3754,28.40648],[-81.37679,28.40486],[-81.37715,28.40337],[-81.37572,28.39906],[-81.37541,28.39728],[-81.37505,28.39265],[-81.37034,28.39293],[-81.36757,28.39242],[-81.36792,28.39125],[-81.36563,28.39026],[-81.36158,28.38781],[-81.3592,28.38714],[-81.35906,28.37783],[-81.36155,28.37782],[-81.36155,28.37753],[-81.36187,28.37734],[-81.36194,28.37703],[-81.36444,28.37715],[-81.36456,28.37601],[-81.36499,28.37467],[-81.36693,28.37137],[-81.36709,28.3704],[-81.36698,28.36877],[-81.37233,28.36835],[-81.39001,28.36819],[-81.39237,28.3685],[-81.39528,28.36916],[-81.40449,28.37263],[-81.40464,28.40742],[-81.40181,28.40744],[-81.40074,28.40674],[-81.39319,28.40666],[-81.39077,28.40669],[-81.39077,28.40766],[-81.37614,28.40771]]]}},{"type":"Feature","properties":{"SCHOOL":"HUNGERFORD","TYPE":"ES","ADDR":"230 College Ave, Maitland 32751","WEB":"https://hungerfordes.ocps.net","PHONE":"407.623.1430","SLNG":-81.38328,"SLAT":28.61452},"geometry":{"type":"Polygon","coordinates":[[[-81.38002,28.62539],[-81.38001,28.62494],[-81.37936,28.62495],[-81.37934,28.62347],[-81.3792,28.62336],[-81.37872,28.62365],[-81.37848,28.62343],[-81.37856,28.62304],[-81.37778,28.62305],[-81.37777,28.62244],[-81.37365,28.62243],[-81.37365,28.62151],[-81.37431,28.62114],[-81.37428,28.6199],[-81.3716,28.61976],[-81.37128,28.61947],[-81.37127,28.61918],[-81.37038,28.61934],[-81.37035,28.61878],[-81.36995,28.61878],[-81.36991,28.618],[-81.37198,28.61768],[-81.37295,28.61777],[-81.3751,28.61854],[-81.37564,28.61854],[-81.37564,28.61822],[-81.377,28.61841],[-81.377,28.61803],[-81.37774,28.61802],[-81.37765,28.61168],[-81.3714,28.61168],[-81.37143,28.61],[-81.36905,28.61004],[-81.36902,28.61172],[-81.36792,28.61173],[-81.368,28.61147],[-81.36718,28.61147],[-81.36725,28.61174],[-81.36515,28.61181],[-81.36349,28.60935],[-81.36128,28.60738],[-81.36128,28.60703],[-81.3625,28.60668],[-81.36249,28.60599],[-81.36363,28.60599],[-81.36362,28.6055],[-81.36402,28.6055],[-81.36401,28.60599],[-81.38647,28.60593],[-81.3866,28.61154],[-81.39417,28.61146],[-81.39419,28.61281],[-81.39597,28.61361],[-81.39599,28.6149],[-81.39803,28.61487],[-81.39811,28.6185],[-81.39991,28.6185],[-81.40021,28.6214],[-81.3976,28.62152],[-81.3961,28.62202],[-81.39417,28.6222],[-81.39081,28.62223],[-81.39032,28.62276],[-81.39046,28.62363],[-81.39031,28.62404],[-81.38877,28.62495],[-81.38798,28.6252],[-81.38665,28.62524],[-81.38665,28.62334],[-81.38456,28.62333],[-81.38456,28.62409],[-81.38304,28.6241],[-81.38306,28.62548],[-81.38002,28.62539]]]}},{"type":"Feature","properties":{"SCHOOL":"WHEATLEY","TYPE":"ES","ADDR":"1475 Marvin C Zander Ave, Apopka 32703","WEB":"https://wheatleyes.ocps.net","PHONE":"407.884.2250","SLNG":-81.51242,"SLAT":28.65608},"geometry":{"type":"Polygon","coordinates":[[[-81.54653,28.65465],[-81.53436,28.6547],[-81.53365,28.65739],[-81.53304,28.65831],[-81.52882,28.66065],[-81.52752,28.66103],[-81.52701,28.66364],[-81.52634,28.67062],[-81.52566,28.67062],[-81.52574,28.66947],[-81.52178,28.66948],[-81.52174,28.66708],[-81.52054,28.66569],[-81.51927,28.66654],[-81.51776,28.66695],[-81.51762,28.66653],[-81.51702,28.66653],[-81.51701,28.66639],[-81.5164,28.66639],[-81.51641,28.6669],[-81.51626,28.6669],[-81.51625,28.66639],[-81.51579,28.66639],[-81.5158,28.6669],[-81.5154,28.6669],[-81.51539,28.66653],[-81.51498,28.66653],[-81.51498,28.66639],[-81.51554,28.66639],[-81.51553,28.66588],[-81.51522,28.66588],[-81.5152,28.66515],[-81.51489,28.66515],[-81.51489,28.66501],[-81.51413,28.66514],[-81.51414,28.66565],[-81.51369,28.66565],[-81.51367,28.66514],[-81.5122,28.66514],[-81.51178,28.66524],[-81.51179,28.66565],[-81.51111,28.66565],[-81.5111,28.66537],[-81.51073,28.66537],[-81.51072,28.66513],[-81.51011,28.66513],[-81.51012,28.66564],[-81.5093,28.66573],[-81.50676,28.66565],[-81.50675,28.66517],[-81.50563,28.66517],[-81.50564,28.6654],[-81.50533,28.6654],[-81.50533,28.66565],[-81.50437,28.66564],[-81.50301,28.66467],[-81.50252,28.66467],[-81.50252,28.66513],[-81.50114,28.66513],[-81.50114,28.66565],[-81.50069,28.66565],[-81.50068,28.66517],[-81.49978,28.66513],[-81.49946,28.66513],[-81.49947,28.66565],[-81.49914,28.66565],[-81.49401,28.66263],[-81.4927,28.66109],[-81.4927,28.65944],[-81.49125,28.65845],[-81.49271,28.65845],[-81.49273,28.65479],[-81.49296,28.65478],[-81.49296,28.65296],[-81.49515,28.65295],[-81.49515,28.65207],[-81.49489,28.65207],[-81.4949,28.65025],[-81.49297,28.65025],[-81.49297,28.64934],[-81.49695,28.64934],[-81.49699,28.6439],[-81.49904,28.6439],[-81.49906,28.64195],[-81.49701,28.64081],[-81.49707,28.64028],[-81.49289,28.64038],[-81.49288,28.63663],[-81.48876,28.63663],[-81.48875,28.63269],[-81.48836,28.6329],[-81.48752,28.63289],[-81.48751,28.62905],[-81.48874,28.62904],[-81.48874,28.63114],[-81.49079,28.63113],[-81.49249,28.62931],[-81.4971,28.62928],[-81.49786,28.63103],[-81.49803,28.63102],[-81.5021,28.64028],[-81.52582,28.64026],[-81.52584,28.63662],[-81.52171,28.63661],[-81.52172,28.63295],[-81.51766,28.63278],[-81.51767,28.62921],[-81.51342,28.62921],[-81.5134,28.63658],[-81.50923,28.63656],[-81.50927,28.63103],[-81.50529,28.63106],[-81.50529,28.63012],[-81.50594,28.63012],[-81.50594,28.62954],[-81.50528,28.62954],[-81.50537,28.62495],[-81.50643,28.62495],[-81.50664,28.62467],[-81.50646,28.6233],[-81.50663,28.62247],[-81.50536,28.62248],[-81.50536,28.62185],[-81.5202,28.6219],[-81.54444,28.62163],[-81.54525,28.61795],[-81.54849,28.61793],[-81.5485,28.61985],[-81.55181,28.61983],[-81.55085,28.62067],[-81.54967,28.62483],[-81.54996,28.62531],[-81.55001,28.62628],[-81.54984,28.62669],[-81.55149,28.63458],[-81.55244,28.63629],[-81.55,28.6363],[-81.54999,28.63688],[-81.55049,28.63819],[-81.55267,28.64037],[-81.55332,28.64218],[-81.55318,28.64218],[-81.55329,28.64306],[-81.55269,28.64431],[-81.55004,28.6458],[-81.54946,28.64647],[-81.5491,28.6473],[-81.54651,28.64731],[-81.54653,28.65465]]]}},{"type":"Feature","properties":{"SCHOOL":"SUNRISE","TYPE":"ES","ADDR":"101 Lone Palm Rd, Orlando 32828","WEB":"https://sunrisees.ocps.net","PHONE":"407.384.1585","SLNG":-81.17586,"SLAT":28.53504},"geometry":{"type":"Polygon","coordinates":[[[-81.16561,28.53605],[-81.16552,28.53971],[-81.16135,28.5397],[-81.16128,28.52508],[-81.18992,28.52496],[-81.18992,28.52243],[-81.18636,28.51459],[-81.19447,28.51452],[-81.19459,28.5377],[-81.19443,28.5377],[-81.19463,28.53889],[-81.19448,28.53889],[-81.19451,28.53961],[-81.19255,28.53962],[-81.19252,28.53593],[-81.19045,28.53595],[-81.19048,28.53875],[-81.18842,28.53877],[-81.18839,28.53597],[-81.18736,28.53598],[-81.18738,28.53782],[-81.18635,28.53783],[-81.18637,28.53968],[-81.1697,28.53972],[-81.16967,28.53605],[-81.16561,28.53605]]]}},{"type":"Feature","properties":{"SCHOOL":"ALOMA","TYPE":"ES","ADDR":"2949 Scarlet Rd, Winter Park 32792","WEB":"https://alomaes.ocps.net","PHONE":"407.672.3100","SLNG":-81.30867,"SLAT":28.59844},"geometry":{"type":"Polygon","coordinates":[[[-81.29914,28.60638],[-81.29898,28.59745],[-81.2794,28.59753],[-81.27743,28.59807],[-81.27391,28.59988],[-81.27231,28.60014],[-81.27087,28.60001],[-81.26372,28.59766],[-81.26222,28.59741],[-81.26226,28.59559],[-81.26198,28.59476],[-81.26235,28.5946],[-81.26228,28.59329],[-81.26252,28.59329],[-81.26262,28.59293],[-81.26232,28.59291],[-81.26229,28.59272],[-81.26286,28.59203],[-81.26381,28.59148],[-81.264,28.59164],[-81.26467,28.59161],[-81.26553,28.59117],[-81.26544,28.591],[-81.26573,28.59099],[-81.26571,28.59017],[-81.26989,28.5902],[-81.26988,28.58972],[-81.27167,28.58974],[-81.2722,28.58942],[-81.27401,28.5894],[-81.27397,28.58657],[-81.28636,28.58653],[-81.28636,28.58593],[-81.28738,28.58591],[-81.28769,28.58624],[-81.288,28.58591],[-81.2905,28.58588],[-81.29051,28.58648],[-81.3039,28.5863],[-81.30395,28.58855],[-81.30453,28.58846],[-81.30469,28.5882],[-81.30701,28.58833],[-81.30696,28.58624],[-81.31349,28.58625],[-81.31356,28.58907],[-81.31396,28.58904],[-81.31434,28.58945],[-81.31425,28.58974],[-81.31396,28.58983],[-81.31397,28.5902],[-81.31358,28.5902],[-81.31363,28.59258],[-81.31396,28.59258],[-81.31429,28.59351],[-81.31429,28.59459],[-81.31403,28.59459],[-81.31403,28.59496],[-81.31438,28.59496],[-81.31438,28.59532],[-81.314,28.59532],[-81.31383,28.59677],[-81.31461,28.59668],[-81.3147,28.59686],[-81.31503,28.59663],[-81.31538,28.59701],[-81.31516,28.59716],[-81.31539,28.59719],[-81.3156,28.59763],[-81.31636,28.60023],[-81.31657,28.60026],[-81.31635,28.6004],[-81.31645,28.60078],[-81.31705,28.60078],[-81.31728,28.60155],[-81.31671,28.60165],[-81.31689,28.60224],[-81.29914,28.60638]]]}},{"type":"Feature","properties":{"SCHOOL":"IVEY LANE","TYPE":"ES","ADDR":"209 Silverton St, Orlando 32811","WEB":"https://iveylanees.ocps.net","PHONE":"407.296.6420","SLNG":-81.43699,"SLAT":28.54439},"geometry":{"type":"Polygon","coordinates":[[[-81.43041,28.55264],[-81.43032,28.54611],[-81.42895,28.54587],[-81.42612,28.54587],[-81.42609,28.53543],[-81.433,28.53544],[-81.433,28.53289],[-81.43434,28.53289],[-81.43434,28.52785],[-81.4488,28.52775],[-81.44882,28.52872],[-81.44918,28.52872],[-81.44919,28.52992],[-81.45045,28.52943],[-81.4512,28.5294],[-81.45215,28.52971],[-81.45274,28.53034],[-81.45477,28.53034],[-81.45477,28.53125],[-81.45929,28.53121],[-81.45916,28.53254],[-81.45818,28.53629],[-81.45858,28.54529],[-81.45684,28.55063],[-81.45669,28.55236],[-81.43041,28.55264]]]}},{"type":"Feature","properties":{"SCHOOL":"RIDGEWOOD PARK","TYPE":"ES","ADDR":"3401 Pioneer Rd, Orlando 32808","WEB":"https://ridgewoodparkes.ocps.net","PHONE":"407.296.6510","SLNG":-81.46166,"SLAT":28.58571},"geometry":{"type":"Polygon","coordinates":[[[-81.45952,28.59672],[-81.45952,28.59648],[-81.45549,28.59646],[-81.45557,28.58532],[-81.45524,28.58532],[-81.45514,28.57796],[-81.47607,28.5776],[-81.47608,28.58882],[-81.47194,28.58888],[-81.47194,28.58869],[-81.47114,28.58871],[-81.47115,28.58906],[-81.46783,28.58907],[-81.46788,28.59615],[-81.46739,28.59617],[-81.46739,28.59658],[-81.46581,28.59662],[-81.4658,28.59621],[-81.46375,28.59627],[-81.46375,28.59669],[-81.46211,28.59669],[-81.46203,28.59641],[-81.46134,28.59643],[-81.46134,28.59666],[-81.46115,28.59672],[-81.45952,28.59672]]]}},{"type":"Feature","properties":{"SCHOOL":"SHENANDOAH","TYPE":"ES","ADDR":"4827 Conway Rd, Orlando 32812","WEB":"https://shenandoahes.ocps.net","PHONE":"407.858.3180","SLNG":-81.32865,"SLAT":28.48371},"geometry":{"type":"Polygon","coordinates":[[[-81.34643,28.49498],[-81.34662,28.49437],[-81.34599,28.49414],[-81.34553,28.49432],[-81.34523,28.49487],[-81.34447,28.49483],[-81.34336,28.49508],[-81.34282,28.49496],[-81.34219,28.49525],[-81.3411,28.4952],[-81.34063,28.49504],[-81.34032,28.49438],[-81.34001,28.49431],[-81.34001,28.49446],[-81.33955,28.49451],[-81.33955,28.49428],[-81.33937,28.49446],[-81.33909,28.49432],[-81.33851,28.49316],[-81.33797,28.49288],[-81.33119,28.49291],[-81.33085,28.49292],[-81.33086,28.49509],[-81.31845,28.49517],[-81.31842,28.4879],[-81.31048,28.48793],[-81.31042,28.48078],[-81.3101,28.48058],[-81.31003,28.45879],[-81.31018,28.45678],[-81.30996,28.4548],[-81.30916,28.45146],[-81.32999,28.45138],[-81.34098,28.45062],[-81.34832,28.45098],[-81.35077,28.45046],[-81.35256,28.45104],[-81.35391,28.45109],[-81.35254,28.4512],[-81.35254,28.45288],[-81.35128,28.45289],[-81.35118,28.45483],[-81.35279,28.4561],[-81.3529,28.45664],[-81.35269,28.45664],[-81.35348,28.45747],[-81.35441,28.45923],[-81.35492,28.4596],[-81.35499,28.46065],[-81.3552,28.46105],[-81.3556,28.4614],[-81.35757,28.46224],[-81.35786,28.46324],[-81.35766,28.46396],[-81.35739,28.4642],[-81.35681,28.46414],[-81.35567,28.46362],[-81.35489,28.46368],[-81.3541,28.46303],[-81.35369,28.46297],[-81.35295,28.46347],[-81.35212,28.46354],[-81.3522,28.4637],[-81.35176,28.46371],[-81.35168,28.46351],[-81.35012,28.4637],[-81.34988,28.46389],[-81.34868,28.46387],[-81.34851,28.46454],[-81.3483,28.46446],[-81.34799,28.46517],[-81.34754,28.46471],[-81.34598,28.46472],[-81.34627,28.46584],[-81.34604,28.46584],[-81.34577,28.46479],[-81.34441,28.46528],[-81.3445,28.4654],[-81.34432,28.46551],[-81.34447,28.46571],[-81.34416,28.46593],[-81.34404,28.46566],[-81.34354,28.46589],[-81.34307,28.46586],[-81.34307,28.46606],[-81.34226,28.46642],[-81.34212,28.4676],[-81.34147,28.46814],[-81.34038,28.47002],[-81.33943,28.47012],[-81.3387,28.47161],[-81.33788,28.47125],[-81.33709,28.47132],[-81.33624,28.47184],[-81.33605,28.47227],[-81.33608,28.47318],[-81.33627,28.47318],[-81.33652,28.47356],[-81.33765,28.47372],[-81.33818,28.47412],[-81.34009,28.47451],[-81.33941,28.4747],[-81.33931,28.47504],[-81.33957,28.47557],[-81.33998,28.47569],[-81.34046,28.47542],[-81.34209,28.4776],[-81.34214,28.47732],[-81.34286,28.47821],[-81.34419,28.47926],[-81.34565,28.47987],[-81.34659,28.48062],[-81.34776,28.48112],[-81.35057,28.48146],[-81.35054,28.48169],[-81.34954,28.48163],[-81.34889,28.48235],[-81.34893,28.48295],[-81.34939,28.48372],[-81.34966,28.48367],[-81.34964,28.48446],[-81.34931,28.48543],[-81.34852,28.48595],[-81.34826,28.48648],[-81.34827,28.48803],[-81.3477,28.48988],[-81.34928,28.49062],[-81.35181,28.49263],[-81.35146,28.49351],[-81.35035,28.49434],[-81.3484,28.49461],[-81.34833,28.49495],[-81.34864,28.49495],[-81.34843,28.49512],[-81.34809,28.49626],[-81.34666,28.49673],[-81.34604,28.49656],[-81.34603,28.49617],[-81.34656,28.49555],[-81.34643,28.49498]]]}},{"type":"Feature","properties":{"SCHOOL":"WEDGEFIELD SCHOOL","TYPE":"K8","ADDR":"3835 Bancroft Blvd, Orlando 32833","WEB":"https://wedgefieldk8.ocps.net/","PHONE":"321.413.2998","SLNG":-81.07429,"SLAT":28.49047},"geometry":{"type":"Polygon","coordinates":[[[-80.93279,28.54371],[-80.93207,28.5429],[-80.93222,28.54205],[-80.93288,28.54124],[-80.93423,28.54048],[-80.93488,28.54057],[-80.93527,28.5414],[-80.93581,28.54177],[-80.93896,28.54203],[-80.93919,28.5418],[-80.93963,28.5407],[-80.93895,28.53946],[-80.93903,28.53734],[-80.9395,28.53577],[-80.93929,28.53502],[-80.93866,28.53473],[-80.93778,28.53469],[-80.9372,28.53643],[-80.93678,28.53674],[-80.93624,28.53678],[-80.93579,28.53661],[-80.93556,28.5363],[-80.93542,28.53452],[-80.93522,28.53411],[-80.93465,28.5336],[-80.93405,28.53341],[-80.93364,28.53336],[-80.93285,28.53383],[-80.93253,28.53516],[-80.93219,28.53548],[-80.93155,28.53521],[-80.92905,28.53312],[-80.92855,28.5329],[-80.92725,28.53279],[-80.92481,28.53321],[-80.92336,28.53273],[-80.92105,28.52882],[-80.92104,28.52646],[-80.92062,28.5252],[-80.91955,28.52421],[-80.91744,28.52296],[-80.91629,28.52278],[-80.9152,28.52333],[-80.91302,28.52383],[-80.91205,28.52473],[-80.91139,28.52457],[-80.91054,28.5233],[-80.91097,28.52292],[-80.9125,28.52318],[-80.91245,28.52258],[-80.91197,28.52163],[-80.91101,28.52127],[-80.91046,28.52184],[-80.91006,28.52191],[-80.90724,28.52055],[-80.90682,28.51997],[-80.90795,28.51799],[-80.90697,28.51784],[-80.90603,28.51804],[-80.9057,28.51782],[-80.90543,28.51658],[-80.90553,28.51603],[-80.90595,28.51539],[-80.90688,28.51489],[-80.90715,28.51412],[-80.90671,28.51332],[-80.90559,28.51277],[-80.90659,28.51208],[-80.90661,28.51161],[-80.90518,28.5111],[-80.90445,28.51045],[-80.90415,28.51041],[-80.90384,28.51098],[-80.90335,28.51111],[-80.90196,28.51046],[-80.90151,28.51043],[-80.90008,28.51156],[-80.89899,28.50991],[-80.8984,28.50971],[-80.89731,28.50979],[-80.89592,28.50942],[-80.89476,28.51022],[-80.8935,28.51181],[-80.89271,28.51207],[-80.89149,28.51213],[-80.89054,28.51196],[-80.88572,28.51032],[-80.88497,28.50923],[-80.88451,28.50719],[-80.88413,28.50679],[-80.88329,28.5043],[-80.88299,28.50402],[-80.8813,28.50398],[-80.88101,28.50378],[-80.88091,28.50272],[-80.88027,28.50156],[-80.87985,28.50001],[-80.87989,28.4976],[-80.88025,28.497],[-80.88097,28.49665],[-80.88333,28.49616],[-80.88414,28.49555],[-80.88406,28.49487],[-80.88257,28.49149],[-80.88228,28.49115],[-80.88104,28.49134],[-80.88011,28.49102],[-80.87995,28.4907],[-80.88,28.48995],[-80.87795,28.48977],[-80.87585,28.49007],[-80.87522,28.48949],[-80.87526,28.4887],[-80.87571,28.4884],[-80.87731,28.48798],[-80.87809,28.48673],[-80.87768,28.48635],[-80.87647,28.48633],[-80.87557,28.48585],[-80.87527,28.48355],[-80.8733,28.48206],[-80.87336,28.48123],[-80.87381,28.48066],[-80.87391,28.48017],[-80.87314,28.47865],[-80.87362,28.47847],[-80.874,28.47798],[-80.87422,28.47737],[-80.87422,28.47627],[-80.87332,28.47527],[-80.87293,28.47422],[-80.87159,28.47252],[-80.87085,28.47189],[-80.87073,28.47125],[-80.87122,28.47071],[-80.87245,28.47116],[-80.87302,28.47103],[-80.8735,28.47024],[-80.87512,28.46885],[-80.87605,28.46908],[-80.87636,28.46942],[-80.8762,28.46973],[-80.87546,28.46999],[-80.87557,28.47074],[-80.87579,28.47086],[-80.87629,28.47081],[-80.87662,28.47045],[-80.87736,28.47041],[-80.87836,28.46992],[-80.87936,28.46969],[-80.8795,28.46949],[-80.87939,28.46861],[-80.87965,28.46832],[-80.88104,28.46842],[-80.88115,28.46879],[-80.88096,28.46958],[-80.88141,28.47031],[-80.88166,28.47038],[-80.88189,28.46982],[-80.88227,28.46961],[-80.88352,28.46977],[-80.8842,28.46955],[-80.88473,28.46873],[-80.88516,28.46872],[-80.88577,28.46904],[-80.88619,28.46965],[-80.88664,28.46961],[-80.88712,28.46861],[-80.88975,28.46649],[-80.8903,28.46644],[-80.89093,28.46688],[-80.89099,28.4676],[-80.89057,28.46819],[-80.89079,28.46839],[-80.8945,28.46704],[-80.89479,28.46607],[-80.89459,28.46532],[-80.89412,28.4646],[-80.89318,28.46504],[-80.89286,28.46498],[-80.89269,28.46456],[-80.89284,28.46403],[-80.89328,28.46341],[-80.8938,28.4632],[-80.89452,28.46309],[-80.89543,28.46366],[-80.89583,28.46321],[-80.89507,28.46249],[-80.89479,28.46196],[-80.89494,28.46039],[-80.89442,28.45985],[-80.8933,28.46002],[-80.89318,28.45971],[-80.89334,28.45904],[-80.89409,28.45802],[-80.8958,28.45796],[-80.89661,28.45661],[-80.89704,28.4567],[-80.89718,28.45763],[-80.89755,28.45777],[-80.89827,28.45625],[-80.89828,28.45541],[-80.89798,28.45475],[-80.89695,28.45467],[-80.89734,28.45325],[-80.89721,28.45247],[-80.89684,28.45193],[-80.89585,28.45116],[-80.89501,28.45114],[-80.89388,28.45077],[-80.89265,28.4499],[-80.89121,28.44796],[-80.89016,28.44598],[-80.8901,28.44542],[-80.89101,28.44469],[-80.89154,28.44454],[-80.89273,28.44461],[-80.89387,28.44388],[-80.89397,28.44275],[-80.89306,28.44176],[-80.89318,28.44147],[-80.89404,28.44097],[-80.89417,28.43988],[-80.89465,28.4389],[-80.89447,28.43834],[-80.8938,28.43773],[-80.89399,28.43734],[-80.89543,28.43625],[-80.89581,28.43552],[-80.89663,28.43562],[-80.89886,28.4348],[-80.89939,28.43331],[-80.89998,28.43333],[-80.90066,28.43362],[-80.90126,28.43341],[-80.90101,28.43238],[-80.90013,28.43116],[-80.89901,28.43076],[-80.89886,28.43099],[-80.89895,28.43166],[-80.89873,28.4319],[-80.89816,28.43133],[-80.89781,28.42962],[-80.89672,28.42769],[-80.89688,28.426],[-80.89769,28.42597],[-80.89867,28.42638],[-80.89888,28.42607],[-80.89816,28.4251],[-80.89739,28.42491],[-80.89666,28.42515],[-80.89629,28.42467],[-80.89645,28.42398],[-80.89699,28.42346],[-80.89704,28.42319],[-80.89678,28.42288],[-80.89632,28.42281],[-80.89572,28.42221],[-80.89549,28.42155],[-80.89569,28.42038],[-80.89551,28.41954],[-80.89387,28.41864],[-80.89258,28.41865],[-80.89225,28.41847],[-80.89164,28.41651],[-80.89107,28.41605],[-80.88999,28.41573],[-80.8884,28.41589],[-80.88797,28.41568],[-80.88784,28.41522],[-80.88837,28.41377],[-80.88798,28.4128],[-80.88492,28.41084],[-80.88471,28.40999],[-80.88499,28.40921],[-80.88489,28.40886],[-80.88442,28.40856],[-80.88322,28.40831],[-80.88286,28.40783],[-80.88271,28.40685],[-80.883,28.40622],[-80.88361,28.40602],[-80.88491,28.40632],[-80.88523,28.40536],[-80.88647,28.40424],[-80.8864,28.40383],[-80.88551,28.40262],[-80.88545,28.40225],[-80.88568,28.40095],[-80.88591,28.40049],[-80.88656,28.39998],[-80.8866,28.39963],[-80.88595,28.39889],[-80.8848,28.39846],[-80.88451,28.39813],[-80.88423,28.39686],[-80.88435,28.39604],[-80.88476,28.39564],[-80.88531,28.39557],[-80.88575,28.39583],[-80.88627,28.39659],[-80.88663,28.39663],[-80.88691,28.39628],[-80.88714,28.39409],[-80.88801,28.39327],[-80.88939,28.39322],[-80.8896,28.39301],[-80.88958,28.39232],[-80.88902,28.39066],[-80.88813,28.38925],[-80.88788,28.38847],[-80.88789,28.38755],[-80.88846,28.38604],[-80.88845,28.38548],[-80.88814,28.38523],[-80.88648,28.38504],[-80.88539,28.38445],[-80.88422,28.38327],[-80.88253,28.38209],[-80.88195,28.38061],[-80.87986,28.38056],[-80.87933,28.37748],[-80.87958,28.37704],[-80.88186,28.37545],[-80.88196,28.37522],[-80.88188,28.3748],[-80.88154,28.37459],[-80.88055,28.37529],[-80.87999,28.37511],[-80.88029,28.37354],[-80.87981,28.37262],[-80.87803,28.37208],[-80.87753,28.37224],[-80.87691,28.37307],[-80.87645,28.37336],[-80.87552,28.37341],[-80.87497,28.37324],[-80.875,28.3723],[-80.87466,28.37156],[-80.87324,28.37032],[-80.87265,28.36929],[-80.87235,28.36811],[-80.87242,28.36721],[-80.87378,28.36422],[-80.87389,28.36158],[-80.8733,28.35998],[-80.87057,28.35572],[-80.8706,28.34759],[-80.9616,28.34764],[-81.09462,28.34822],[-81.09494,28.42058],[-81.09516,28.42062],[-81.09507,28.45166],[-81.12639,28.45148],[-81.1611,28.4517],[-81.16122,28.50318],[-81.16019,28.5042],[-81.1592,28.5034],[-81.15865,28.50262],[-81.15834,28.50142],[-81.15833,28.49723],[-81.14309,28.49727],[-81.14308,28.49658],[-81.1341,28.49659],[-81.1352,28.49737],[-81.13645,28.50325],[-81.13896,28.50702],[-81.13803,28.51425],[-81.13429,28.51773],[-81.13065,28.52275],[-81.13054,28.52515],[-81.07146,28.52532],[-81.0778,28.53338],[-81.07855,28.53489],[-81.07937,28.5374],[-81.07569,28.53638],[-81.07245,28.53606],[-81.04554,28.53618],[-81.03363,28.53545],[-81.01782,28.53667],[-81.01225,28.53672],[-81.01214,28.54035],[-80.97166,28.54074],[-80.97163,28.53892],[-80.96509,28.54022],[-80.94636,28.54202],[-80.93958,28.54357],[-80.93279,28.54371]]]}},{"type":"Feature","properties":{"SCHOOL":"HIDDEN OAKS","TYPE":"ES","ADDR":"9051 Suburban Dr, Orlando 32829","WEB":"https://hiddenoakses.ocps.net","PHONE":"407.249.6350","SLNG":-81.2596,"SLAT":28.4898},"geometry":{"type":"Polygon","coordinates":[[[-81.26899,28.51001],[-81.24791,28.51009],[-81.24438,28.50243],[-81.24343,28.49897],[-81.24325,28.49307],[-81.24249,28.48956],[-81.23137,28.4896],[-81.23085,28.48822],[-81.23174,28.48822],[-81.23175,28.48457],[-81.22948,28.48458],[-81.22872,28.48311],[-81.2276,28.48198],[-81.22764,28.47365],[-81.24632,28.47355],[-81.24718,28.47623],[-81.24709,28.47835],[-81.24921,28.47851],[-81.25494,28.47846],[-81.25497,28.47866],[-81.25382,28.47991],[-81.25384,28.48814],[-81.25836,28.48812],[-81.25842,28.4878],[-81.2581,28.48724],[-81.25843,28.48597],[-81.25874,28.48619],[-81.26004,28.48605],[-81.26034,28.48666],[-81.2607,28.48666],[-81.26069,28.48081],[-81.26598,28.48081],[-81.26895,28.48411],[-81.26924,28.49531],[-81.26899,28.51001]]]}},{"type":"Feature","properties":{"SCHOOL":"PALMETTO","TYPE":"ES","ADDR":"2015 Duskin Ave, Orlando 32839","WEB":"https://palmettoes.ocps.net","PHONE":"407.858.3150","SLNG":-81.40703,"SLAT":28.48048},"geometry":{"type":"Polygon","coordinates":[[[-81.4051,28.49065],[-81.40509,28.48966],[-81.4034,28.48968],[-81.4034,28.49068],[-81.40301,28.49068],[-81.40301,28.49027],[-81.40316,28.49027],[-81.40314,28.48829],[-81.40298,28.48803],[-81.40297,28.48663],[-81.40507,28.48717],[-81.40524,28.48641],[-81.4061,28.48544],[-81.40506,28.48498],[-81.40504,28.48297],[-81.40272,28.48313],[-81.40281,28.4834],[-81.4007,28.48352],[-81.40071,28.48428],[-81.40039,28.48421],[-81.40039,28.48284],[-81.39969,28.48285],[-81.39969,28.4825],[-81.39883,28.48252],[-81.39884,28.48406],[-81.39676,28.48408],[-81.39666,28.47257],[-81.41748,28.47236],[-81.41742,28.48694],[-81.4092,28.48696],[-81.40923,28.49069],[-81.4051,28.49065]]]}},{"type":"Feature","properties":{"SCHOOL":"OAK HILL","TYPE":"ES","ADDR":"11 S Hiawassee Rd, Orlando 32835","WEB":"https://oakhilles.ocps.net","PHONE":"407.296.6470","SLNG":-81.47283,"SLAT":28.5408},"geometry":{"type":"Polygon","coordinates":[[[-81.45669,28.55236],[-81.45684,28.55063],[-81.45858,28.54529],[-81.45818,28.53629],[-81.45924,28.53207],[-81.4634,28.53205],[-81.46342,28.53404],[-81.47578,28.53393],[-81.47571,28.52852],[-81.47797,28.52768],[-81.47797,28.52754],[-81.47987,28.5276],[-81.47986,28.52659],[-81.48608,28.52654],[-81.48608,28.52605],[-81.48633,28.52605],[-81.48633,28.5253],[-81.48812,28.525],[-81.48829,28.54051],[-81.48203,28.53982],[-81.48194,28.54043],[-81.48211,28.54128],[-81.48334,28.54239],[-81.48358,28.54289],[-81.48355,28.54484],[-81.4832,28.54545],[-81.4825,28.54607],[-81.48238,28.54651],[-81.48261,28.54729],[-81.48411,28.55006],[-81.48421,28.55202],[-81.45669,28.55236]]]}},{"type":"Feature","properties":{"SCHOOL":"OCOEE","TYPE":"ES","ADDR":"400 S Lakewood Ave, Ocoee 34761","WEB":"https://ocoeees.ocps.net","PHONE":"407.877.5027","SLNG":-81.53953,"SLAT":28.56427},"geometry":{"type":"Polygon","coordinates":[[[-81.55082,28.5807],[-81.53601,28.58078],[-81.53454,28.58167],[-81.53401,28.58168],[-81.53256,28.58086],[-81.52597,28.58393],[-81.52595,28.58283],[-81.52383,28.58284],[-81.52377,28.57728],[-81.52269,28.57728],[-81.52264,28.57363],[-81.5295,28.57367],[-81.52964,28.57256],[-81.52981,28.57196],[-81.52995,28.57199],[-81.52994,28.56996],[-81.52787,28.56996],[-81.52787,28.56981],[-81.52668,28.5701],[-81.5258,28.56996],[-81.52579,28.56934],[-81.52458,28.56878],[-81.5249,28.56792],[-81.52471,28.56707],[-81.52456,28.56692],[-81.52366,28.56692],[-81.52366,28.56632],[-81.52267,28.56633],[-81.52263,28.56331],[-81.52278,28.56331],[-81.52278,28.56271],[-81.52066,28.56294],[-81.51795,28.56273],[-81.50494,28.56286],[-81.50491,28.5519],[-81.5587,28.55143],[-81.55962,28.55597],[-81.55978,28.55871],[-81.55922,28.5621],[-81.55727,28.56718],[-81.55686,28.56935],[-81.5576,28.59189],[-81.55738,28.59297],[-81.55646,28.59498],[-81.55575,28.59591],[-81.55445,28.5971],[-81.55333,28.5978],[-81.55279,28.59349],[-81.55085,28.58769],[-81.55082,28.5807]]]}},{"type":"Feature","properties":{"SCHOOL":"PINAR","TYPE":"ES","ADDR":"3701 Anthony Ln, Orlando 32822","WEB":"https://pinares.ocps.net","PHONE":"407.249.6380","SLNG":-81.27416,"SLAT":28.50496},"geometry":{"type":"Polygon","coordinates":[[[-81.27995,28.51007],[-81.26899,28.51001],[-81.26923,28.4954],[-81.28129,28.49537],[-81.28132,28.49903],[-81.28292,28.49902],[-81.28292,28.49948],[-81.28529,28.49947],[-81.28528,28.49901],[-81.28613,28.49899],[-81.28613,28.49979],[-81.28957,28.49977],[-81.2896,28.5063],[-81.2908,28.5102],[-81.29195,28.51064],[-81.29196,28.5124],[-81.29377,28.51371],[-81.29379,28.51503],[-81.28972,28.51504],[-81.28973,28.5157],[-81.28082,28.5104],[-81.27995,28.51007]]]}},{"type":"Feature","properties":{"SCHOOL":"MILLENNIA GARDENS","TYPE":"ES","ADDR":"3515 Gardens Ridge Way, Orlando 32811","WEB":"https://millenniagardenses.ocps.net","PHONE":"407.845.0665","SLNG":-81.42093,"SLAT":28.49606},"geometry":{"type":"Polygon","coordinates":[[[-81.41754,28.47966],[-81.42568,28.47957],[-81.42571,28.48679],[-81.42719,28.48681],[-81.42814,28.48717],[-81.42882,28.48784],[-81.42999,28.49114],[-81.43071,28.4918],[-81.43865,28.49644],[-81.44044,28.49701],[-81.44253,28.49719],[-81.44263,28.50651],[-81.4408,28.50804],[-81.43928,28.50859],[-81.42317,28.50881],[-81.42185,28.50909],[-81.41964,28.51001],[-81.41773,28.50753],[-81.41755,28.50703],[-81.41743,28.49426],[-81.40513,28.49438],[-81.40512,28.49388],[-81.4045,28.49389],[-81.40387,28.49278],[-81.40385,28.49142],[-81.40513,28.49123],[-81.40513,28.49073],[-81.40923,28.49069],[-81.4092,28.48696],[-81.41742,28.48694],[-81.41754,28.47966]]]}},{"type":"Feature","properties":{"SCHOOL":"WESTBROOKE","TYPE":"ES","ADDR":"500 Tomyn Blvd, Ocoee 34761","WEB":"https://westbrookees.ocps.net","PHONE":"407.532.3875","SLNG":-81.5362,"SLAT":28.53974},"geometry":{"type":"Polygon","coordinates":[[[-81.50896,28.55187],[-81.50886,28.5455],[-81.51326,28.5448],[-81.51655,28.54378],[-81.51873,28.54522],[-81.52069,28.54606],[-81.52939,28.54802],[-81.5338,28.54807],[-81.53371,28.53976],[-81.53491,28.53953],[-81.53461,28.5391],[-81.53467,28.53827],[-81.53368,28.53753],[-81.5335,28.52987],[-81.55829,28.52959],[-81.55824,28.53194],[-81.55684,28.53429],[-81.55587,28.53767],[-81.5584,28.53882],[-81.55845,28.54417],[-81.55729,28.54418],[-81.5587,28.55143],[-81.50896,28.55187]]]}},{"type":"Feature","properties":{"SCHOOL":"LAKE WHITNEY","TYPE":"ES","ADDR":"1351 Windermere Rd, Winter Garden 34787","WEB":"https://lakewhitneyes.ocps.net","PHONE":"407.877.8888","SLNG":-81.55668,"SLAT":28.52602},"geometry":{"type":"Polygon","coordinates":[[[-81.55587,28.53767],[-81.55684,28.53429],[-81.55824,28.53194],[-81.55829,28.52959],[-81.54178,28.52983],[-81.54152,28.51804],[-81.54573,28.51797],[-81.54575,28.51887],[-81.54903,28.51882],[-81.54904,28.51924],[-81.55134,28.5192],[-81.55133,28.51879],[-81.55411,28.51875],[-81.55411,28.51847],[-81.55737,28.51844],[-81.5575,28.51751],[-81.55739,28.51644],[-81.56102,28.51661],[-81.56216,28.51584],[-81.56472,28.51511],[-81.56474,28.51864],[-81.57063,28.51865],[-81.57056,28.50436],[-81.57086,28.50408],[-81.57363,28.50405],[-81.57433,28.50374],[-81.57465,28.50308],[-81.57464,28.5005],[-81.58705,28.50026],[-81.58706,28.50579],[-81.59837,28.50571],[-81.60183,28.50387],[-81.60219,28.50405],[-81.60494,28.50736],[-81.61008,28.50739],[-81.60692,28.51083],[-81.60526,28.51209],[-81.60323,28.51326],[-81.601,28.51419],[-81.59888,28.51479],[-81.59139,28.51569],[-81.58819,28.51658],[-81.58566,28.51787],[-81.57688,28.52393],[-81.57697,28.52944],[-81.57497,28.52946],[-81.57503,28.53313],[-81.57912,28.5331],[-81.57919,28.53679],[-81.5666,28.53685],[-81.56672,28.53864],[-81.5584,28.53882],[-81.55587,28.53767]]]}},{"type":"Feature","properties":{"SCHOOL":"INNOVATION","TYPE":"ES","ADDR":"10030 Introduction Way, Orlando 32832","WEB":"https://innovationes.ocps.net","PHONE":null,"SLNG":-81.21267,"SLAT":28.43259},"geometry":{"type":"Polygon","coordinates":[[[-81.18624,28.47384],[-81.18625,28.46654],[-81.16116,28.46661],[-81.1611,28.4517],[-81.12639,28.45148],[-81.09507,28.45166],[-81.09516,28.42062],[-81.09494,28.42058],[-81.09462,28.34822],[-81.16078,28.34853],[-81.16091,28.37831],[-81.16615,28.37828],[-81.16617,28.37927],[-81.16859,28.37929],[-81.16837,28.38104],[-81.16694,28.38384],[-81.167,28.3849],[-81.17089,28.38931],[-81.17023,28.38968],[-81.17102,28.39054],[-81.17228,28.39128],[-81.17384,28.39141],[-81.17386,28.42193],[-81.19432,28.42189],[-81.19454,28.42921],[-81.20072,28.43194],[-81.20063,28.42555],[-81.20475,28.42555],[-81.20469,28.42189],[-81.20967,28.42191],[-81.21063,28.42163],[-81.21172,28.4202],[-81.2124,28.41841],[-81.21924,28.4147],[-81.2192,28.41824],[-81.2164,28.41824],[-81.21634,28.41852],[-81.21657,28.4194],[-81.21704,28.42018],[-81.21696,28.42185],[-81.21766,28.42345],[-81.21771,28.42399],[-81.21836,28.42497],[-81.21908,28.42726],[-81.21948,28.4277],[-81.2194,28.42789],[-81.22022,28.42787],[-81.22101,28.43031],[-81.221,28.43108],[-81.21968,28.43259],[-81.22039,28.43322],[-81.22132,28.43556],[-81.22125,28.43671],[-81.22164,28.43805],[-81.22139,28.43939],[-81.22213,28.44067],[-81.22278,28.44122],[-81.22302,28.44181],[-81.22286,28.4422],[-81.2304,28.4458],[-81.23049,28.45443],[-81.23105,28.4575],[-81.23204,28.45998],[-81.23707,28.46943],[-81.23801,28.47185],[-81.23846,28.47359],[-81.18624,28.47384]]]}},{"type":"Feature","properties":{"SCHOOL":"DR PHILLIPS","TYPE":"ES","ADDR":"6909 Dr Phillips Blvd, Orlando 32819","WEB":"https://drphillipses.ocps.net","PHONE":"407.354.2600","SLNG":-81.48975,"SLAT":28.46169},"geometry":{"type":"Polygon","coordinates":[[[-81.45884,28.48289],[-81.45863,28.47133],[-81.47152,28.46075],[-81.47303,28.4592],[-81.47396,28.45756],[-81.4744,28.45587],[-81.47436,28.44998],[-81.49978,28.44997],[-81.49979,28.45051],[-81.50185,28.45046],[-81.50247,28.45004],[-81.50358,28.44986],[-81.50665,28.44866],[-81.51076,28.4484],[-81.51236,28.44721],[-81.51367,28.44458],[-81.51421,28.44497],[-81.51645,28.44497],[-81.51608,28.4437],[-81.51613,28.44297],[-81.51891,28.44023],[-81.52095,28.43928],[-81.52283,28.43889],[-81.52311,28.43839],[-81.52347,28.43877],[-81.52509,28.43866],[-81.52669,28.43898],[-81.52592,28.43953],[-81.52887,28.44273],[-81.53104,28.44119],[-81.53113,28.44154],[-81.53092,28.44176],[-81.53113,28.44223],[-81.5309,28.44327],[-81.53132,28.44404],[-81.53136,28.44482],[-81.53174,28.44563],[-81.5329,28.44659],[-81.53284,28.4472],[-81.53316,28.44768],[-81.53428,28.44841],[-81.53564,28.44996],[-81.53331,28.4541],[-81.53252,28.45419],[-81.5315,28.45377],[-81.53108,28.45378],[-81.52856,28.45453],[-81.52666,28.4546],[-81.5255,28.45508],[-81.52539,28.45556],[-81.52639,28.45889],[-81.52686,28.4593],[-81.52756,28.46048],[-81.52757,28.46111],[-81.5281,28.46153],[-81.52908,28.46162],[-81.52741,28.4646],[-81.52749,28.46613],[-81.52603,28.46866],[-81.52564,28.46898],[-81.524,28.46944],[-81.52302,28.46946],[-81.52242,28.46921],[-81.52219,28.46933],[-81.52162,28.46782],[-81.51776,28.4655],[-81.51534,28.46767],[-81.51665,28.46871],[-81.51538,28.47096],[-81.5132,28.47171],[-81.5132,28.47247],[-81.51166,28.47415],[-81.51024,28.47511],[-81.51013,28.47576],[-81.50822,28.47565],[-81.50819,28.47539],[-81.48748,28.47547],[-81.48744,28.47177],[-81.4833,28.4718],[-81.48333,28.47918],[-81.47501,28.47916],[-81.4754,28.48026],[-81.46816,28.48264],[-81.45884,28.48289]]]}},{"type":"Feature","properties":{"SCHOOL":"DEERWOOD","TYPE":"ES","ADDR":"1356 S Econlockhatchee Trl, Orlando 32825","WEB":"https://deerwoodes.ocps.net","PHONE":"407.249.6320","SLNG":-81.25457,"SLAT":28.52507},"geometry":{"type":"Polygon","coordinates":[[[-81.24741,28.53934],[-81.24724,28.53562],[-81.24511,28.53564],[-81.24489,28.53202],[-81.2438,28.53202],[-81.2442,28.52467],[-81.2442,28.51875],[-81.24626,28.51875],[-81.24625,28.51739],[-81.24543,28.51739],[-81.24577,28.51708],[-81.24626,28.51491],[-81.24657,28.51471],[-81.2461,28.51375],[-81.24522,28.51375],[-81.24522,28.51218],[-81.24436,28.51055],[-81.24392,28.51055],[-81.24391,28.51009],[-81.2796,28.51001],[-81.2809,28.51044],[-81.28961,28.51563],[-81.28951,28.51726],[-81.28893,28.51874],[-81.28828,28.51961],[-81.28611,28.52142],[-81.28559,28.52226],[-81.28543,28.52298],[-81.2856,28.53916],[-81.24741,28.53934]]]}},{"type":"Feature","properties":{"SCHOOL":"FRANGUS","TYPE":"ES","ADDR":"380 Killington Way, Orlando 32835","WEB":"https://franguses.ocps.net","PHONE":"407.296.6469","SLNG":-81.49547,"SLAT":28.54559},"geometry":{"type":"Polygon","coordinates":[[[-81.50493,28.55923],[-81.49146,28.55928],[-81.49014,28.55709],[-81.48976,28.55598],[-81.48971,28.55198],[-81.48421,28.55202],[-81.48411,28.55006],[-81.48261,28.54729],[-81.48238,28.54651],[-81.4825,28.54607],[-81.4832,28.54545],[-81.48355,28.54484],[-81.48358,28.54289],[-81.48334,28.54239],[-81.48203,28.54115],[-81.48203,28.53982],[-81.48829,28.54051],[-81.48821,28.53381],[-81.50047,28.53374],[-81.50177,28.533],[-81.5038,28.53279],[-81.50476,28.53244],[-81.50725,28.53],[-81.50856,28.53009],[-81.5088,28.53035],[-81.50884,28.53076],[-81.50896,28.55187],[-81.50491,28.5519],[-81.50493,28.55923]]]}},{"type":"Feature","properties":{"SCHOOL":"CASTLE CREEK","TYPE":"ES","ADDR":"1245 N Avalon Park Blvd, Orlando 32828","WEB":"https://castlecreekes.ocps.net","PHONE":"407.207.7428","SLNG":-81.16227,"SLAT":28.55781},"geometry":{"type":"Polygon","coordinates":[[[-81.1479,28.55449],[-81.1533,28.55449],[-81.15332,28.55194],[-81.15741,28.55191],[-81.15742,28.55349],[-81.16144,28.55341],[-81.16143,28.55259],[-81.16179,28.55259],[-81.16179,28.55284],[-81.16195,28.55284],[-81.16195,28.55257],[-81.16229,28.55263],[-81.16228,28.55178],[-81.16407,28.55179],[-81.16413,28.5512],[-81.1645,28.55115],[-81.1645,28.551],[-81.16542,28.55101],[-81.16537,28.55072],[-81.16976,28.55078],[-81.16976,28.55171],[-81.17533,28.55178],[-81.17535,28.5543],[-81.18645,28.55441],[-81.18648,28.56164],[-81.19084,28.56168],[-81.19109,28.55969],[-81.19063,28.55522],[-81.19086,28.55418],[-81.19157,28.55326],[-81.19274,28.55254],[-81.19381,28.55215],[-81.20387,28.54999],[-81.2044,28.55151],[-81.20675,28.55531],[-81.20708,28.55766],[-81.20314,28.55774],[-81.20321,28.5597],[-81.199,28.5598],[-81.19904,28.56159],[-81.19798,28.56162],[-81.19805,28.56577],[-81.19193,28.56533],[-81.15691,28.56544],[-81.14811,28.56531],[-81.14727,28.56433],[-81.14838,28.56358],[-81.15169,28.56371],[-81.1531,28.56177],[-81.15152,28.5618],[-81.15153,28.56063],[-81.15019,28.56107],[-81.15016,28.55889],[-81.14794,28.55889],[-81.1479,28.55449]]]}},{"type":"Feature","properties":{"SCHOOL":"SHINGLE CREEK","TYPE":"ES","ADDR":"5620 Harcourt Ave, Orlando 32839","WEB":"https://shinglecreekes.ocps.net","PHONE":"407.354.2650","SLNG":-81.43418,"SLAT":28.4804},"geometry":{"type":"Polygon","coordinates":[[[-81.43931,28.47211],[-81.43932,28.47576],[-81.4381,28.47578],[-81.43811,28.47833],[-81.43925,28.47842],[-81.43941,28.47821],[-81.44227,28.47789],[-81.44223,28.48354],[-81.44185,28.48419],[-81.44065,28.4852],[-81.44108,28.4856],[-81.43765,28.48852],[-81.43334,28.49335],[-81.43071,28.4918],[-81.42999,28.49114],[-81.42882,28.48784],[-81.42814,28.48717],[-81.42719,28.48681],[-81.42571,28.48679],[-81.42568,28.47957],[-81.42363,28.4796],[-81.42361,28.47666],[-81.42402,28.47666],[-81.4239,28.4723],[-81.43931,28.47211]]]}},{"type":"Feature","properties":{"SCHOOL":"STONEWYCK","TYPE":"ES","ADDR":"3001 Stonewyck St, Orlando 32824","WEB":"https://stonewyckes.ocps.net","PHONE":"407.207.7793","SLNG":-81.32763,"SLAT":28.35701},"geometry":{"type":"Polygon","coordinates":[[[-81.29308,28.36296],[-81.29298,28.35412],[-81.28478,28.35453],[-81.28477,28.35273],[-81.29297,28.35233],[-81.29292,28.34808],[-81.34266,28.34802],[-81.34265,28.34912],[-81.34229,28.34911],[-81.34178,28.35004],[-81.34231,28.35138],[-81.34231,28.35518],[-81.33849,28.35748],[-81.3378,28.35728],[-81.33545,28.35597],[-81.33503,28.35629],[-81.33541,28.35656],[-81.3352,28.35706],[-81.33537,28.35759],[-81.33515,28.35803],[-81.33435,28.35852],[-81.33119,28.35927],[-81.33169,28.36064],[-81.33161,28.36121],[-81.33312,28.36222],[-81.3338,28.36312],[-81.34254,28.36312],[-81.34244,28.37768],[-81.34265,28.38572],[-81.3302,28.38577],[-81.33029,28.38941],[-81.32613,28.38944],[-81.32619,28.39439],[-81.32276,28.39228],[-81.31101,28.38392],[-81.31036,28.38342],[-81.30972,28.38258],[-81.3094,28.38151],[-81.30931,28.3788],[-81.30986,28.36299],[-81.29308,28.36296]]]}},{"type":"Feature","properties":{"SCHOOL":"WOLF LAKE","TYPE":"ES","ADDR":"1771 W Ponkan Rd, Apopka 32712","WEB":"https://wolflakees.ocps.net","PHONE":"407.464.3342","SLNG":-81.54617,"SLAT":28.72979},"geometry":{"type":"Polygon","coordinates":[[[-81.55055,28.74273],[-81.54198,28.74266],[-81.54198,28.74131],[-81.54101,28.74044],[-81.53918,28.74008],[-81.53668,28.73812],[-81.53667,28.73736],[-81.53545,28.73619],[-81.53391,28.73553],[-81.5339,28.73368],[-81.53187,28.73369],[-81.53183,28.73553],[-81.52974,28.73553],[-81.52973,28.73369],[-81.52764,28.7337],[-81.52764,28.73186],[-81.52504,28.73187],[-81.52503,28.72824],[-81.52557,28.72825],[-81.52551,28.71361],[-81.53403,28.71365],[-81.54231,28.71339],[-81.54228,28.70707],[-81.54631,28.707],[-81.54628,28.69742],[-81.54637,28.69445],[-81.54653,28.69408],[-81.54679,28.69378],[-81.55663,28.69367],[-81.55663,28.69341],[-81.56185,28.69608],[-81.56695,28.69778],[-81.56748,28.70484],[-81.56738,28.70636],[-81.56691,28.70711],[-81.56679,28.70767],[-81.56773,28.70916],[-81.56798,28.71276],[-81.56376,28.71278],[-81.56385,28.72379],[-81.56741,28.72375],[-81.56807,28.7241],[-81.57045,28.72409],[-81.57059,28.725],[-81.57247,28.72602],[-81.57424,28.72611],[-81.57462,28.72654],[-81.57465,28.72727],[-81.57325,28.72731],[-81.57328,28.73045],[-81.57303,28.73045],[-81.57303,28.73097],[-81.57226,28.73099],[-81.5723,28.73464],[-81.56806,28.73469],[-81.56804,28.73834],[-81.55983,28.73843],[-81.55042,28.739],[-81.55055,28.74273]]]}},{"type":"Feature","properties":{"SCHOOL":"STONE LAKES","TYPE":"ES","ADDR":"15200 Stoneybrook Blvd, Orlando 32828","WEB":"https://stonelakeses.ocps.net","PHONE":"407.207.7793","SLNG":-81.16271,"SLAT":28.51162},"geometry":{"type":"Polygon","coordinates":[[[-81.15018,28.5251],[-81.15026,28.52316],[-81.1534,28.51689],[-81.15373,28.51635],[-81.15409,28.51627],[-81.15454,28.51567],[-81.15593,28.51287],[-81.15679,28.50837],[-81.15842,28.50613],[-81.15949,28.50521],[-81.16019,28.5042],[-81.16787,28.50987],[-81.1694,28.51064],[-81.17117,28.51094],[-81.18132,28.51092],[-81.18272,28.51119],[-81.18402,28.51175],[-81.18512,28.5126],[-81.18592,28.51365],[-81.18992,28.52243],[-81.18992,28.52496],[-81.15018,28.5251]]]}},{"type":"Feature","properties":{"SCHOOL":"OVATION","TYPE":"ES","ADDR":"13603 Hartzog Rd, Winter Garden 34787","WEB":"https://ovationes.ocps.net","PHONE":null,"SLNG":-81.63376,"SLAT":28.36763},"geometry":{"type":"Polygon","coordinates":[[[-81.56535,28.34726],[-81.64823,28.34682],[-81.65709,28.34701],[-81.65723,28.39036],[-81.65265,28.39042],[-81.65263,28.3941],[-81.64853,28.39416],[-81.64856,28.39047],[-81.6444,28.39068],[-81.64437,28.38334],[-81.64191,28.38339],[-81.64084,28.38503],[-81.63872,28.38709],[-81.63201,28.38711],[-81.63199,28.39078],[-81.6236,28.39076],[-81.62265,28.39098],[-81.61789,28.39099],[-81.61409,28.38342],[-81.61135,28.38342],[-81.61136,28.39351],[-81.60893,28.39347],[-81.60761,28.39323],[-81.60641,28.3919],[-81.60354,28.38946],[-81.60191,28.38847],[-81.59828,28.38674],[-81.59651,28.38546],[-81.59469,28.38377],[-81.59321,28.38339],[-81.5921,28.38359],[-81.59092,28.38415],[-81.59163,28.38551],[-81.59166,28.38621],[-81.59141,28.38687],[-81.58818,28.38957],[-81.58722,28.39097],[-81.58615,28.3933],[-81.58496,28.39423],[-81.58396,28.39452],[-81.58157,28.39458],[-81.58044,28.39557],[-81.57722,28.39434],[-81.57367,28.39385],[-81.57195,28.39283],[-81.57124,28.392],[-81.5703,28.39009],[-81.56947,28.38892],[-81.56533,28.37676],[-81.56413,28.37304],[-81.56379,28.37138],[-81.56367,28.36926],[-81.56411,28.35456],[-81.56535,28.34726]]]}},{"type":"Feature","properties":{"SCHOOL":"SUNRIDGE","TYPE":"ES","ADDR":"14455 SunRidge Blvd, Winter Garden 34787","WEB":"https://sunridgees.ocps.net","PHONE":"407.656.0809","SLNG":-81.5992,"SLAT":28.53625},"geometry":{"type":"Polygon","coordinates":[[[-81.62037,28.55107],[-81.58351,28.55107],[-81.58337,28.53678],[-81.57919,28.53679],[-81.57912,28.5331],[-81.57503,28.53313],[-81.57497,28.52946],[-81.57697,28.52944],[-81.57688,28.52393],[-81.58566,28.51787],[-81.5873,28.51697],[-81.59069,28.51583],[-81.59539,28.51528],[-81.59543,28.52012],[-81.59749,28.52011],[-81.5975,28.5219],[-81.59956,28.52189],[-81.5997,28.52553],[-81.60377,28.5255],[-81.60387,28.52914],[-81.62031,28.52898],[-81.62031,28.53634],[-81.62447,28.53634],[-81.62453,28.54376],[-81.62245,28.54376],[-81.62245,28.54675],[-81.62174,28.54741],[-81.62038,28.54741],[-81.62037,28.55107]]]}},{"type":"Feature","properties":{"SCHOOL":"VISTA POINTE","TYPE":"ES","ADDR":"6900 Market Place Dr, Orlando 32822","WEB":"https://vistapointees.ocps.net","PHONE":"407.776.2420","SLNG":-81.28676,"SLAT":28.47117},"geometry":{"type":"Polygon","coordinates":[[[-81.29097,28.48068],[-81.28965,28.48035],[-81.28863,28.47977],[-81.28076,28.47296],[-81.27899,28.47062],[-81.2644,28.44855],[-81.2606,28.44855],[-81.26068,28.44326],[-81.28814,28.4431],[-81.28666,28.44932],[-81.30111,28.45145],[-81.30916,28.45146],[-81.30996,28.4548],[-81.31018,28.45678],[-81.31003,28.45879],[-81.3101,28.48062],[-81.29097,28.48068]]]}},{"type":"Feature","properties":{"SCHOOL":"WETHERBEE","TYPE":"ES","ADDR":"701 Wetherbee Rd, Orlando 32824","WEB":"https://wetherbeees.ocps.net","PHONE":"407.850.5130","SLNG":-81.36219,"SLAT":28.39368},"geometry":{"type":"Polygon","coordinates":[[[-81.35906,28.37783],[-81.3592,28.38714],[-81.36158,28.38781],[-81.36563,28.39026],[-81.36792,28.39125],[-81.36757,28.39242],[-81.37034,28.39293],[-81.37505,28.39265],[-81.37557,28.39827],[-81.37716,28.40364],[-81.37679,28.40486],[-81.3754,28.40648],[-81.37467,28.40525],[-81.3746,28.40621],[-81.37428,28.40696],[-81.35514,28.40718],[-81.35515,28.40349],[-81.34008,28.40352],[-81.33856,28.40334],[-81.33676,28.40258],[-81.33336,28.40017],[-81.33305,28.39824],[-81.33206,28.39704],[-81.32873,28.3959],[-81.32619,28.39439],[-81.32613,28.38944],[-81.33029,28.38941],[-81.3302,28.38577],[-81.34265,28.38572],[-81.34244,28.37768],[-81.35906,28.37783]]]}},{"type":"Feature","properties":{"SCHOOL":"FORSYTH WOODS","TYPE":"ES","ADDR":"6651 Curtis St, Orlando 32807","WEB":"https://forsythwoodses.ocps.net","PHONE":"407.207.7495","SLNG":-81.29615,"SLAT":28.56068},"geometry":{"type":"Polygon","coordinates":[[[-81.2861,28.56832],[-81.26618,28.56838],[-81.26859,28.55865],[-81.2683,28.55732],[-81.26776,28.55626],[-81.26534,28.55382],[-81.27771,28.55376],[-81.27773,28.55561],[-81.2792,28.5556],[-81.27943,28.55672],[-81.28186,28.5567],[-81.28186,28.55739],[-81.28598,28.55736],[-81.2859,28.55008],[-81.29001,28.55007],[-81.28999,28.54824],[-81.29102,28.54824],[-81.29102,28.5486],[-81.29734,28.54863],[-81.29863,28.55272],[-81.29884,28.55272],[-81.29894,28.55367],[-81.29936,28.55367],[-81.29939,28.55557],[-81.30043,28.55558],[-81.30045,28.55729],[-81.3008,28.5573],[-81.30176,28.5591],[-81.30253,28.5591],[-81.30257,28.5625],[-81.30299,28.56244],[-81.3032,28.56265],[-81.3005,28.56432],[-81.29742,28.56582],[-81.2941,28.56699],[-81.29073,28.56777],[-81.2861,28.56832]]]}},{"type":"Feature","properties":{"SCHOOL":"TIMBER LAKES","TYPE":"ES","ADDR":"2149 Crown Hill Blvd, Orlando 32828","WEB":"https://timberlakesms.ocps.net","PHONE":"407.249.6177","SLNG":-81.15316,"SLAT":28.52704},"geometry":{"type":"Polygon","coordinates":[[[-81.14524,28.54709],[-81.14481,28.53981],[-81.13668,28.53981],[-81.13656,28.52513],[-81.16128,28.52508],[-81.16135,28.5397],[-81.16552,28.53971],[-81.16555,28.54337],[-81.15634,28.54338],[-81.15634,28.54354],[-81.15425,28.54278],[-81.15246,28.54145],[-81.15251,28.54328],[-81.15118,28.54329],[-81.15122,28.54703],[-81.14524,28.54709]]]}},{"type":"Feature","properties":{"SCHOOL":"WASHINGTON SHORES","TYPE":"ES","ADDR":"944 W Lake Mann Dr, Orlando 32805","WEB":"https://washingtonshoreses.ocps.net","PHONE":"407.296.6540","SLNG":-81.42298,"SLAT":28.52927},"geometry":{"type":"Polygon","coordinates":[[[-81.41368,28.54169],[-81.41345,28.53884],[-81.41404,28.53616],[-81.41367,28.53617],[-81.41368,28.53587],[-81.41331,28.53638],[-81.40955,28.53646],[-81.40954,28.53568],[-81.40977,28.53549],[-81.40953,28.53549],[-81.4095,28.53343],[-81.40684,28.53388],[-81.40541,28.53391],[-81.40537,28.52825],[-81.40644,28.52826],[-81.40681,28.52729],[-81.40942,28.52723],[-81.40937,28.5234],[-81.41754,28.52315],[-81.41754,28.52135],[-81.41781,28.52012],[-81.41988,28.51678],[-81.42056,28.51463],[-81.42049,28.51223],[-81.41964,28.51001],[-81.42185,28.50909],[-81.42317,28.50881],[-81.43928,28.50859],[-81.4408,28.50804],[-81.44245,28.50667],[-81.44249,28.51041],[-81.44208,28.51042],[-81.44212,28.51592],[-81.44195,28.51592],[-81.44197,28.52337],[-81.44231,28.52338],[-81.44232,28.52368],[-81.44209,28.52368],[-81.44223,28.52783],[-81.43434,28.52785],[-81.43434,28.53289],[-81.433,28.53289],[-81.433,28.53544],[-81.42609,28.53543],[-81.42613,28.54171],[-81.41368,28.54169]]]}},{"type":"Feature","properties":{"SCHOOL":"PANTHER LAKE","TYPE":"ES","ADDR":"10151 Summerlake Groves St, Winter Garden 34787","WEB":"https://pantherlakees.ocps.net","PHONE":"407.554.1940","SLNG":-81.62568,"SLAT":28.42254},"geometry":{"type":"Polygon","coordinates":[[[-81.58044,28.39557],[-81.58157,28.39458],[-81.58415,28.3945],[-81.58588,28.39366],[-81.58722,28.39097],[-81.58813,28.38963],[-81.59141,28.38687],[-81.59166,28.38621],[-81.59163,28.38551],[-81.59092,28.38415],[-81.59287,28.3834],[-81.5939,28.38347],[-81.59469,28.38377],[-81.59651,28.38546],[-81.59828,28.38674],[-81.60191,28.38847],[-81.60354,28.38946],[-81.60641,28.3919],[-81.60761,28.39323],[-81.60911,28.39349],[-81.61136,28.39351],[-81.61135,28.38342],[-81.61409,28.38342],[-81.62511,28.40539],[-81.63201,28.40534],[-81.632,28.40896],[-81.63581,28.40894],[-81.63595,28.41862],[-81.63571,28.42165],[-81.64433,28.42149],[-81.64434,28.42514],[-81.64847,28.42508],[-81.64849,28.42695],[-81.65115,28.42692],[-81.65135,28.43225],[-81.65102,28.43431],[-81.64584,28.43789],[-81.63841,28.43792],[-81.6411,28.44158],[-81.63108,28.44158],[-81.6302,28.44192],[-81.62951,28.44165],[-81.62377,28.44167],[-81.62367,28.43449],[-81.59081,28.43476],[-81.59078,28.42855],[-81.59015,28.42796],[-81.59013,28.42326],[-81.58955,28.42327],[-81.58958,28.41934],[-81.59031,28.41654],[-81.59026,28.40989],[-81.58998,28.40941],[-81.58928,28.40887],[-81.58878,28.40743],[-81.58581,28.4033],[-81.58528,28.4022],[-81.58474,28.40019],[-81.5842,28.39917],[-81.58203,28.39671],[-81.58044,28.39557]]]}},{"type":"Feature","properties":{"SCHOOL":"VILLAGE PARK","TYPE":"ES","ADDR":"12253 Lake Nona Gateway Rd, Orlando 32827","WEB":"https://villageparkes.ocps.net","PHONE":"407.652.6674","SLNG":-81.27516,"SLAT":28.38707},"geometry":{"type":"Polygon","coordinates":[[[-81.27163,28.4159],[-81.26723,28.41582],[-81.26475,28.41497],[-81.26464,28.41507],[-81.26382,28.41455],[-81.263,28.41362],[-81.26213,28.41088],[-81.26041,28.41072],[-81.26043,28.41053],[-81.25965,28.41025],[-81.25959,28.40967],[-81.25867,28.40926],[-81.25869,28.40911],[-81.25669,28.40868],[-81.25645,28.40722],[-81.2541,28.4072],[-81.25414,28.40855],[-81.25371,28.40978],[-81.25328,28.41016],[-81.25085,28.41053],[-81.24899,28.41167],[-81.24726,28.41197],[-81.2472,28.4109],[-81.24374,28.41088],[-81.24351,28.41058],[-81.24311,28.41052],[-81.24294,28.41461],[-81.22778,28.41457],[-81.22906,28.41153],[-81.2313,28.40852],[-81.23401,28.40618],[-81.23727,28.40432],[-81.23729,28.39991],[-81.23224,28.39996],[-81.23126,28.39971],[-81.22958,28.39806],[-81.2285,28.39668],[-81.22786,28.39474],[-81.22785,28.39272],[-81.22375,28.39271],[-81.22375,28.38545],[-81.22362,28.38545],[-81.22386,28.38426],[-81.22494,28.38399],[-81.22385,28.38416],[-81.22395,28.38338],[-81.22374,28.38328],[-81.22432,28.38317],[-81.22366,28.38312],[-81.22384,28.38274],[-81.22363,28.38241],[-81.22379,28.38209],[-81.2242,28.38215],[-81.22425,28.38197],[-81.22374,28.38198],[-81.22366,28.38184],[-81.22419,28.38173],[-81.22357,28.38167],[-81.22417,28.38137],[-81.22346,28.38139],[-81.22375,28.3812],[-81.22468,28.38116],[-81.22371,28.38112],[-81.22359,28.38086],[-81.22477,28.3808],[-81.22387,28.38067],[-81.22474,28.38055],[-81.22347,28.38051],[-81.22366,28.38026],[-81.22482,28.38024],[-81.22373,28.38],[-81.22396,28.37968],[-81.22488,28.37984],[-81.22489,28.37967],[-81.22375,28.37949],[-81.22492,28.37944],[-81.22428,28.37938],[-81.22443,28.37914],[-81.2249,28.37922],[-81.22459,28.37907],[-81.22457,28.37863],[-81.22471,28.37841],[-81.22514,28.37845],[-81.22521,28.37828],[-81.22455,28.37809],[-81.24447,28.37823],[-81.24437,28.38326],[-81.2505,28.38317],[-81.25561,28.38752],[-81.25706,28.38848],[-81.25946,28.38583],[-81.26075,28.38495],[-81.26186,28.38447],[-81.26953,28.3821],[-81.29505,28.37245],[-81.29911,28.37142],[-81.30953,28.36931],[-81.30931,28.3788],[-81.30877,28.38567],[-81.30902,28.3872],[-81.30997,28.38966],[-81.31016,28.39068],[-81.31002,28.39716],[-81.30447,28.39726],[-81.29173,28.40075],[-81.29069,28.40152],[-81.29009,28.40269],[-81.29021,28.4071],[-81.28195,28.407],[-81.28236,28.40921],[-81.28213,28.41158],[-81.28003,28.41419],[-81.27923,28.41477],[-81.27684,28.41538],[-81.27672,28.41461],[-81.27133,28.41459],[-81.27163,28.4159]]]}},{"type":"Feature","properties":{"SCHOOL":"BLANKNER SCHOOL","TYPE":"K8","ADDR":"2500 S Mills Ave, Orlando 32806","WEB":"https://blanknerk8.ocps.net","PHONE":"407.245.1720","SLNG":-81.36401,"SLAT":28.514},"geometry":{"type":"Polygon","coordinates":[[[-81.38664,28.51823],[-81.38621,28.52032],[-81.38617,28.52989],[-81.38569,28.53133],[-81.38316,28.53524],[-81.37959,28.53543],[-81.37531,28.53675],[-81.37368,28.53708],[-81.36424,28.53727],[-81.3641,28.52814],[-81.3636,28.52815],[-81.36231,28.5277],[-81.36127,28.52709],[-81.36104,28.52727],[-81.36076,28.52698],[-81.36073,28.52665],[-81.36052,28.52673],[-81.36025,28.52658],[-81.36033,28.52639],[-81.36004,28.52629],[-81.35982,28.52548],[-81.35982,28.50888],[-81.36496,28.50667],[-81.36597,28.50666],[-81.366,28.50939],[-81.36806,28.50937],[-81.36801,28.50396],[-81.36904,28.5039],[-81.36904,28.50296],[-81.36852,28.50296],[-81.36851,28.50207],[-81.37212,28.50203],[-81.37211,28.5002],[-81.37289,28.50019],[-81.37288,28.49837],[-81.37595,28.49834],[-81.37618,28.49955],[-81.37629,28.50311],[-81.37636,28.51658],[-81.38658,28.51652],[-81.38664,28.51823]]]}},{"type":"Feature","properties":{"SCHOOL":"MILLENNIA","TYPE":"ES","ADDR":"5301 Cypress Creek Blvd, Orlando 32811","WEB":"https://millenniaes.ocps.net","PHONE":"407.355.5730","SLNG":-81.44402,"SLAT":28.48606},"geometry":{"type":"Polygon","coordinates":[[[-81.44263,28.50651],[-81.44253,28.49719],[-81.44044,28.49701],[-81.43865,28.49644],[-81.43334,28.49335],[-81.43646,28.48977],[-81.43846,28.48777],[-81.45863,28.47134],[-81.45899,28.50466],[-81.44576,28.50478],[-81.44422,28.50525],[-81.44263,28.50651]]]}},{"type":"Feature","properties":{"SCHOOL":"SUNSET PARK","TYPE":"ES","ADDR":"12050 Overstreet Rd, Windermere 34786","WEB":"https://sunsetparkes.ocps.net","PHONE":"407.905.3724","SLNG":-81.55906,"SLAT":28.45952},"geometry":{"type":"Polygon","coordinates":[[[-81.56747,28.47133],[-81.56747,28.47043],[-81.56622,28.47043],[-81.56621,28.46771],[-81.56131,28.4678],[-81.56145,28.46427],[-81.5494,28.46448],[-81.54948,28.46094],[-81.55305,28.46092],[-81.55305,28.46063],[-81.5537,28.46063],[-81.55372,28.45893],[-81.55582,28.45891],[-81.55583,28.45709],[-81.55374,28.45711],[-81.55379,28.445],[-81.55827,28.44635],[-81.55959,28.44704],[-81.56058,28.44842],[-81.56274,28.45328],[-81.5639,28.45339],[-81.56429,28.45325],[-81.57442,28.45305],[-81.57441,28.44499],[-81.57751,28.44497],[-81.57946,28.44625],[-81.58281,28.44489],[-81.58672,28.44488],[-81.58679,28.46029],[-81.58277,28.46032],[-81.58278,28.46395],[-81.57857,28.46398],[-81.5786,28.46755],[-81.57451,28.4704],[-81.57452,28.47129],[-81.56747,28.47133]]]}},{"type":"Feature","properties":{"SCHOOL":"COLUMBIA","TYPE":"ES","ADDR":"18501 Cypress Lake Glen Blvd, Orlando 32820","WEB":"https://columbiaes.ocps.net","PHONE":"407.568.2921","SLNG":-81.12265,"SLAT":28.57651},"geometry":{"type":"Polygon","coordinates":[[[-81.14811,28.56531],[-81.14183,28.56436],[-81.1345,28.56219],[-81.1344,28.57651],[-81.13067,28.57651],[-81.1307,28.57733],[-81.12968,28.57814],[-81.12976,28.58047],[-81.12884,28.58066],[-81.12895,28.58385],[-81.12142,28.58385],[-81.12034,28.58717],[-81.12027,28.58844],[-81.12053,28.59017],[-81.12899,28.61249],[-80.98952,28.61359],[-80.98771,28.613],[-80.98549,28.61138],[-80.98502,28.61141],[-80.98503,28.61177],[-80.98526,28.61198],[-80.9851,28.61263],[-80.98487,28.61287],[-80.98443,28.61284],[-80.98384,28.61208],[-80.98376,28.61031],[-80.98331,28.6097],[-80.98282,28.6098],[-80.98239,28.61069],[-80.9815,28.61114],[-80.98102,28.61116],[-80.98058,28.61095],[-80.98057,28.61053],[-80.98102,28.6102],[-80.98058,28.60959],[-80.97981,28.60912],[-80.97794,28.60914],[-80.97659,28.60808],[-80.97591,28.60782],[-80.97539,28.60791],[-80.97473,28.60852],[-80.97305,28.61137],[-80.97258,28.61149],[-80.97097,28.61116],[-80.97062,28.61071],[-80.97084,28.60908],[-80.97063,28.60859],[-80.96947,28.60838],[-80.96917,28.60788],[-80.96957,28.60695],[-80.96951,28.6052],[-80.96891,28.60452],[-80.96833,28.60421],[-80.96781,28.60437],[-80.96781,28.60501],[-80.96758,28.60521],[-80.96701,28.60502],[-80.9662,28.60509],[-80.9658,28.6046],[-80.96517,28.60439],[-80.96401,28.6051],[-80.96212,28.60548],[-80.96128,28.60545],[-80.96037,28.60496],[-80.96021,28.6035],[-80.95994,28.60293],[-80.95903,28.60242],[-80.95709,28.60191],[-80.95634,28.60215],[-80.95661,28.60331],[-80.95648,28.60383],[-80.95621,28.6039],[-80.9552,28.60356],[-80.95408,28.60496],[-80.95368,28.60489],[-80.95281,28.60421],[-80.95198,28.6042],[-80.9519,28.60388],[-80.95246,28.60275],[-80.95194,28.60241],[-80.95193,28.60223],[-80.9529,28.60139],[-80.95311,28.60094],[-80.95303,28.60067],[-80.95231,28.60006],[-80.95182,28.60049],[-80.95121,28.60048],[-80.95119,28.60006],[-80.9509,28.60003],[-80.9507,28.59964],[-80.94929,28.60038],[-80.94903,28.59998],[-80.9495,28.59974],[-80.94929,28.59919],[-80.9495,28.59848],[-80.94851,28.59881],[-80.94839,28.59859],[-80.94877,28.59824],[-80.9488,28.59794],[-80.94809,28.59752],[-80.94702,28.59747],[-80.94635,28.59694],[-80.94656,28.59659],[-80.94731,28.59673],[-80.94791,28.59592],[-80.94791,28.59564],[-80.9464,28.59575],[-80.94551,28.59497],[-80.94366,28.59409],[-80.94333,28.59368],[-80.94382,28.59264],[-80.94407,28.59263],[-80.94457,28.59304],[-80.94504,28.59242],[-80.94464,28.59133],[-80.94407,28.59135],[-80.94379,28.59101],[-80.94387,28.5905],[-80.94444,28.59036],[-80.94471,28.58988],[-80.94424,28.58897],[-80.94439,28.58883],[-80.94505,28.58894],[-80.94508,28.58854],[-80.94554,28.58795],[-80.94529,28.58707],[-80.94542,28.58651],[-80.94579,28.5865],[-80.94594,28.58705],[-80.94636,28.58759],[-80.94708,28.58743],[-80.94715,28.58715],[-80.94669,28.58713],[-80.94631,28.58608],[-80.94652,28.58554],[-80.94714,28.58489],[-80.94474,28.58401],[-80.94472,28.58383],[-80.94585,28.58273],[-80.94447,28.5826],[-80.94393,28.58196],[-80.94382,28.58129],[-80.94441,28.58053],[-80.94423,28.58012],[-80.94389,28.58003],[-80.94361,28.58025],[-80.94258,28.5799],[-80.94166,28.57899],[-80.94148,28.57814],[-80.94042,28.5781],[-80.94025,28.57594],[-80.93967,28.57558],[-80.9393,28.57562],[-80.93904,28.57519],[-80.93926,28.57469],[-80.94016,28.57468],[-80.94032,28.57451],[-80.93987,28.5736],[-80.93932,28.57311],[-80.93933,28.57255],[-80.93826,28.57225],[-80.93822,28.57152],[-80.93744,28.57095],[-80.9363,28.57145],[-80.93586,28.57134],[-80.93573,28.57049],[-80.93483,28.56994],[-80.93439,28.56944],[-80.93441,28.56876],[-80.93394,28.56829],[-80.93405,28.56792],[-80.93368,28.56755],[-80.93279,28.56736],[-80.93308,28.56631],[-80.93185,28.56643],[-80.93213,28.56583],[-80.93197,28.56461],[-80.93139,28.56457],[-80.93104,28.56392],[-80.93051,28.56407],[-80.92999,28.56296],[-80.93017,28.5627],[-80.93216,28.56183],[-80.93154,28.5599],[-80.93283,28.55943],[-80.93407,28.55939],[-80.93424,28.55922],[-80.93408,28.55879],[-80.93297,28.55831],[-80.93244,28.55733],[-80.93166,28.55707],[-80.93172,28.55592],[-80.93383,28.55503],[-80.93416,28.55437],[-80.93401,28.55357],[-80.93325,28.55287],[-80.93361,28.55199],[-80.93285,28.55196],[-80.93262,28.55159],[-80.93336,28.55064],[-80.93325,28.54953],[-80.93416,28.54746],[-80.93436,28.54543],[-80.93412,28.54483],[-80.93313,28.54417],[-80.93279,28.54371],[-80.93958,28.54357],[-80.94636,28.54202],[-80.96509,28.54022],[-80.97163,28.53892],[-80.97166,28.54074],[-81.01214,28.54035],[-81.01225,28.53672],[-81.01782,28.53667],[-81.03363,28.53545],[-81.04554,28.53618],[-81.07245,28.53606],[-81.07569,28.53638],[-81.07937,28.5374],[-81.07855,28.53489],[-81.0778,28.53338],[-81.07146,28.52532],[-81.1283,28.52515],[-81.12817,28.5307],[-81.12414,28.53069],[-81.1242,28.5399],[-81.1244,28.54354],[-81.12833,28.54352],[-81.12853,28.54723],[-81.13257,28.54721],[-81.13258,28.55087],[-81.14226,28.55084],[-81.14227,28.55266],[-81.14497,28.55265],[-81.14487,28.55448],[-81.1479,28.55449],[-81.14794,28.55889],[-81.15016,28.55889],[-81.15019,28.56107],[-81.15153,28.56063],[-81.15152,28.5618],[-81.1531,28.56189],[-81.15169,28.56371],[-81.14838,28.56358],[-81.14727,28.56433],[-81.14811,28.56531]]]}},{"type":"Feature","properties":{"SCHOOL":"OCPS ACE","TYPE":"PS8","ADDR":"701 W Livingston St, Orlando 32805","WEB":"https://ocpsace.ocps.net","PHONE":"407.866.1280","SLNG":-81.39174,"SLAT":28.54915},"geometry":{"type":"Polygon","coordinates":[[[-81.38238,28.55309],[-81.38263,28.5502],[-81.38221,28.53895],[-81.38191,28.53857],[-81.38218,28.53741],[-81.38309,28.53533],[-81.38569,28.53133],[-81.3861,28.5302],[-81.38626,28.52911],[-81.38621,28.52061],[-81.39251,28.52055],[-81.39251,28.52037],[-81.39282,28.52037],[-81.39282,28.52055],[-81.39631,28.52051],[-81.39631,28.52014],[-81.39707,28.52013],[-81.39738,28.54952],[-81.39724,28.55024],[-81.39603,28.55181],[-81.39564,28.55295],[-81.38238,28.55309]]]}},{"type":"Feature","properties":{"SCHOOL":"PALM LAKE","TYPE":"ES","ADDR":"8000 Pin Oak Dr, Orlando 32819","WEB":"https://palmlakees.ocps.net","PHONE":"407.354.2610","SLNG":-81.49403,"SLAT":28.48368},"geometry":{"type":"Polygon","coordinates":[[[-81.45895,28.49392],[-81.45884,28.48289],[-81.46816,28.48264],[-81.4754,28.48026],[-81.47501,28.47916],[-81.48333,28.47918],[-81.4833,28.4718],[-81.48744,28.47177],[-81.48748,28.47547],[-81.50819,28.47539],[-81.50822,28.47565],[-81.51013,28.47576],[-81.51024,28.47511],[-81.51166,28.47415],[-81.5132,28.47247],[-81.5132,28.47171],[-81.51538,28.47096],[-81.51665,28.46871],[-81.51534,28.46767],[-81.51776,28.4655],[-81.52162,28.46782],[-81.52219,28.46933],[-81.52181,28.46929],[-81.52219,28.47129],[-81.52307,28.47257],[-81.52308,28.47358],[-81.5237,28.47389],[-81.5249,28.4741],[-81.5256,28.47464],[-81.52538,28.47522],[-81.52554,28.47556],[-81.52552,28.4765],[-81.52501,28.47749],[-81.52542,28.47833],[-81.52548,28.47894],[-81.51679,28.47902],[-81.512,28.48278],[-81.51155,28.48267],[-81.51109,28.48383],[-81.51017,28.48311],[-81.50955,28.4837],[-81.50856,28.4838],[-81.50855,28.49361],[-81.46646,28.49367],[-81.45895,28.49392]]]}},{"type":"Feature","properties":{"SCHOOL":"METROWEST","TYPE":"ES","ADDR":"1801 Lake Vilma Dr, Orlando 32835","WEB":"https://www.metrowestes.ocps.net","PHONE":"407.296.6450","SLNG":-81.49455,"SLAT":28.52131},"geometry":{"type":"Polygon","coordinates":[[[-81.45926,28.5263],[-81.46756,28.5262],[-81.46756,28.52789],[-81.46839,28.52775],[-81.47232,28.52555],[-81.47268,28.5248],[-81.47257,28.52297],[-81.4736,28.52296],[-81.47361,28.52388],[-81.47486,28.52387],[-81.47604,28.52295],[-81.47621,28.52356],[-81.47718,28.5238],[-81.47981,28.52198],[-81.48181,28.52135],[-81.48415,28.51852],[-81.48633,28.52004],[-81.48807,28.52003],[-81.4881,28.51901],[-81.49084,28.51852],[-81.4936,28.51895],[-81.49831,28.519],[-81.4992,28.51927],[-81.50065,28.52014],[-81.50312,28.52123],[-81.5049,28.51877],[-81.50782,28.52096],[-81.50639,28.52274],[-81.50792,28.52278],[-81.50864,28.52336],[-81.50884,28.52779],[-81.50862,28.52852],[-81.50545,28.5319],[-81.50415,28.53271],[-81.50177,28.533],[-81.50047,28.53374],[-81.48821,28.53381],[-81.48812,28.525],[-81.48633,28.5253],[-81.48633,28.52605],[-81.48608,28.52605],[-81.48608,28.52654],[-81.47986,28.52659],[-81.47987,28.5276],[-81.47797,28.52754],[-81.47797,28.52768],[-81.47571,28.52852],[-81.47578,28.53393],[-81.46342,28.53404],[-81.4634,28.53205],[-81.45924,28.53207],[-81.45926,28.5263]]]}},{"type":"Feature","properties":{"SCHOOL":"EAGLE CREEK","TYPE":"ES","ADDR":"10025 Eagle Creek Santuary Blvd, Orlando 32832","WEB":"https://eaglecreekes.ocps.net","PHONE":"407-930-5592","SLNG":-81.23871,"SLAT":28.36102},"geometry":{"type":"Polygon","coordinates":[[[-81.21126,28.35241],[-81.21539,28.35237],[-81.21748,28.35179],[-81.23575,28.35177],[-81.24175,28.35775],[-81.24296,28.3595],[-81.24386,28.36149],[-81.2445,28.36464],[-81.24447,28.37823],[-81.22649,28.37817],[-81.22546,28.37808],[-81.22545,28.37792],[-81.22458,28.37795],[-81.22526,28.37787],[-81.22572,28.37749],[-81.22566,28.37726],[-81.22535,28.37742],[-81.22557,28.37715],[-81.22548,28.37681],[-81.22576,28.37681],[-81.2256,28.37663],[-81.22604,28.37616],[-81.22613,28.37576],[-81.22614,28.37438],[-81.22581,28.37412],[-81.2261,28.37408],[-81.22591,28.37389],[-81.22617,28.3738],[-81.22626,28.37352],[-81.22678,28.37347],[-81.22615,28.37345],[-81.22601,28.37376],[-81.22558,28.37127],[-81.22471,28.37104],[-81.22383,28.36999],[-81.22387,28.3671],[-81.21971,28.36714],[-81.21161,28.36533],[-81.21126,28.35241]]]}},{"type":"Feature","properties":{"SCHOOL":"AUDUBON PARK SCHOOL","TYPE":"K8","ADDR":"1500 Falcon Dr, Orlando 32803","WEB":"https://audubonparkk8.ocps.net","PHONE":"407.317.5829","SLNG":-81.34713,"SLAT":28.56608},"geometry":{"type":"Polygon","coordinates":[[[-81.37282,28.57135],[-81.36901,28.57177],[-81.36809,28.57151],[-81.36596,28.57041],[-81.36446,28.57032],[-81.36438,28.5802],[-81.36488,28.58264],[-81.36513,28.60038],[-81.34719,28.60053],[-81.34679,28.59873],[-81.34661,28.59874],[-81.34666,28.59771],[-81.3458,28.59741],[-81.34469,28.59753],[-81.34349,28.5973],[-81.34275,28.59667],[-81.34225,28.59663],[-81.34232,28.59568],[-81.34513,28.5956],[-81.34572,28.59532],[-81.34444,28.59377],[-81.34433,28.58604],[-81.3402,28.58608],[-81.34016,28.58367],[-81.33964,28.58341],[-81.33963,28.58278],[-81.33907,28.58278],[-81.33852,28.58253],[-81.33849,28.58079],[-81.34025,28.58077],[-81.34022,28.5788],[-81.33993,28.5788],[-81.33978,28.56788],[-81.33478,28.56789],[-81.33377,28.56805],[-81.33343,28.55345],[-81.36031,28.55311],[-81.37687,28.55313],[-81.37693,28.55955],[-81.37352,28.56165],[-81.37296,28.56293],[-81.37269,28.566],[-81.37282,28.57135]]]}},{"type":"Feature","properties":{"SCHOOL":"KEENES CROSSING","TYPE":"ES","ADDR":"5240 Keene's Pheasant Dr, Windermere 34786","WEB":"https://keenescrossinges.ocps.net","PHONE":"407.654.1351","SLNG":-81.60061,"SLAT":28.48807},"geometry":{"type":"Polygon","coordinates":[[[-81.61008,28.50739],[-81.60482,28.50728],[-81.60222,28.50408],[-81.60187,28.50387],[-81.59837,28.50571],[-81.58706,28.50579],[-81.58699,28.49418],[-81.5864,28.49308],[-81.58345,28.49027],[-81.58291,28.48901],[-81.58275,28.47609],[-81.58568,28.47607],[-81.58603,28.47543],[-81.58779,28.47403],[-81.5871,28.47319],[-81.58707,28.47119],[-81.59096,28.47116],[-81.59095,28.46935],[-81.59714,28.46931],[-81.59719,28.47596],[-81.59934,28.47595],[-81.60036,28.4773],[-81.60036,28.47788],[-81.60439,28.4801],[-81.60462,28.47999],[-81.60614,28.48061],[-81.60633,28.4808],[-81.60614,28.48118],[-81.60558,28.48153],[-81.6063,28.48201],[-81.60702,28.48159],[-81.60712,28.48178],[-81.60698,28.48184],[-81.60718,28.4831],[-81.60666,28.48338],[-81.60634,28.48385],[-81.60737,28.48374],[-81.60753,28.48392],[-81.60738,28.48412],[-81.60739,28.48555],[-81.61175,28.48551],[-81.61178,28.48695],[-81.61264,28.48699],[-81.61438,28.48676],[-81.61654,28.48557],[-81.61782,28.48528],[-81.62491,28.48522],[-81.62596,28.48497],[-81.62603,28.48537],[-81.62635,28.48558],[-81.62592,28.48624],[-81.62651,28.4875],[-81.61008,28.50739]]]}},{"type":"Feature","properties":{"SCHOOL":"BAY LAKE","TYPE":"ES","ADDR":"12005 Silverlake Park Dr, Windermere 34786","WEB":"https://baylakees.ocps.net","PHONE":"407.217.7960","SLNG":-81.56417,"SLAT":28.44266},"geometry":{"type":"Polygon","coordinates":[[[-81.58672,28.44488],[-81.58281,28.44489],[-81.57946,28.44625],[-81.57751,28.44497],[-81.57441,28.44499],[-81.57442,28.45305],[-81.56429,28.45325],[-81.5639,28.45339],[-81.56274,28.45328],[-81.56024,28.44779],[-81.55913,28.44673],[-81.55775,28.4462],[-81.55797,28.43638],[-81.55865,28.43507],[-81.55967,28.43417],[-81.56859,28.42946],[-81.57563,28.42936],[-81.57649,28.42975],[-81.58201,28.43477],[-81.59446,28.4425],[-81.59489,28.4433],[-81.59495,28.44895],[-81.59527,28.44927],[-81.59588,28.44947],[-81.59612,28.44989],[-81.59607,28.45534],[-81.59627,28.45755],[-81.5959,28.45913],[-81.58678,28.45906],[-81.58672,28.44488]]]}},{"type":"Feature","properties":{"SCHOOL":"SAND LAKE","TYPE":"ES","ADDR":"8301 Buena Vista Woods Blvd, Orlando 32836","WEB":"https://sandlakees.ocps.net","PHONE":"407.903.7400","SLNG":-81.49278,"SLAT":28.41169},"geometry":{"type":"Polygon","coordinates":[[[-81.47427,28.43225],[-81.47421,28.41595],[-81.47382,28.4177],[-81.4733,28.4188],[-81.47244,28.41961],[-81.47097,28.42032],[-81.46933,28.42072],[-81.46604,28.42097],[-81.45988,28.421],[-81.45981,28.41771],[-81.45947,28.41642],[-81.45868,28.41462],[-81.45663,28.41165],[-81.45605,28.40954],[-81.45614,28.40514],[-81.45666,28.4036],[-81.45787,28.40141],[-81.45955,28.40205],[-81.46509,28.40305],[-81.46793,28.40411],[-81.47475,28.40598],[-81.47457,28.40642],[-81.47869,28.40643],[-81.53172,28.34729],[-81.56535,28.34726],[-81.56411,28.35456],[-81.56375,28.37108],[-81.56413,28.37304],[-81.57001,28.39021],[-81.5712,28.39459],[-81.5679,28.3945],[-81.56418,28.39158],[-81.56275,28.39111],[-81.56067,28.39119],[-81.55881,28.39239],[-81.55775,28.39283],[-81.55231,28.39452],[-81.5506,28.39468],[-81.54923,28.39449],[-81.54795,28.39406],[-81.54343,28.39114],[-81.54249,28.39075],[-81.53391,28.39069],[-81.53195,28.39106],[-81.53016,28.39213],[-81.52902,28.39368],[-81.52863,28.39513],[-81.52862,28.39856],[-81.53021,28.39859],[-81.53115,28.39886],[-81.53215,28.39958],[-81.53264,28.40036],[-81.5328,28.4012],[-81.53279,28.4095],[-81.52452,28.40957],[-81.5245,28.42062],[-81.51201,28.42067],[-81.51204,28.41792],[-81.51515,28.4179],[-81.51505,28.41349],[-81.51396,28.41349],[-81.51395,28.41149],[-81.51208,28.4115],[-81.51197,28.41508],[-81.50344,28.41519],[-81.50354,28.42063],[-81.50318,28.4208],[-81.49794,28.42084],[-81.49546,28.42266],[-81.49547,28.42552],[-81.49608,28.42568],[-81.49609,28.42607],[-81.49548,28.4262],[-81.49548,28.42706],[-81.49452,28.42735],[-81.49422,28.42802],[-81.49138,28.42802],[-81.49138,28.4262],[-81.49029,28.42621],[-81.48932,28.42696],[-81.48933,28.42853],[-81.48727,28.42853],[-81.48727,28.42984],[-81.48316,28.42988],[-81.48317,28.43227],[-81.47427,28.43225]]]}},{"type":"Feature","properties":{"SCHOOL":"TANGELO PARK","TYPE":"ES","ADDR":"5115 Anzio St, Orlando 32819","WEB":"https://tangeloparkes.ocps.net","PHONE":"407.354.2630","SLNG":-81.44933,"SLAT":28.45728},"geometry":{"type":"Polygon","coordinates":[[[-81.44227,28.47789],[-81.43941,28.47821],[-81.43925,28.47842],[-81.43811,28.47833],[-81.4381,28.47578],[-81.43932,28.47576],[-81.43931,28.47211],[-81.44435,28.47207],[-81.44222,28.46976],[-81.4247,28.45452],[-81.42245,28.45233],[-81.41125,28.43605],[-81.40883,28.4333],[-81.41182,28.43209],[-81.41447,28.43039],[-81.41685,28.42805],[-81.41903,28.42485],[-81.42009,28.42367],[-81.42191,28.42237],[-81.42405,28.42155],[-81.42643,28.42124],[-81.46604,28.42097],[-81.46906,28.42075],[-81.47097,28.42032],[-81.47284,28.4193],[-81.47369,28.4181],[-81.47421,28.41595],[-81.47444,28.4554],[-81.47412,28.45706],[-81.47358,28.45837],[-81.47265,28.45966],[-81.47152,28.46075],[-81.44108,28.4856],[-81.44065,28.4852],[-81.4419,28.48413],[-81.44229,28.48331],[-81.44227,28.47789]]]}},{"type":"Feature","properties":{"SCHOOL":"WATERBRIDGE","TYPE":"ES","ADDR":"11100 Galvin Dr, Orlando 32837","WEB":"https://waterbridgees.ocps.net","PHONE":"407.858.3190","SLNG":-81.41884,"SLAT":28.40759},"geometry":{"type":"Polygon","coordinates":[[[-81.42508,28.39696],[-81.42509,28.40769],[-81.42474,28.40934],[-81.42334,28.41242],[-81.42285,28.41437],[-81.42282,28.42197],[-81.4212,28.4228],[-81.41974,28.42401],[-81.41685,28.42805],[-81.41447,28.43039],[-81.41182,28.43209],[-81.4088,28.43331],[-81.40686,28.43166],[-81.40469,28.43016],[-81.40459,28.39757],[-81.40597,28.39755],[-81.40681,28.39732],[-81.4076,28.39686],[-81.40958,28.39514],[-81.41069,28.39467],[-81.41212,28.39445],[-81.41493,28.39444],[-81.41602,28.39462],[-81.41739,28.39524],[-81.41906,28.39651],[-81.42037,28.39697],[-81.42508,28.39696]]]}},{"type":"Feature","properties":{"SCHOOL":"THREE POINTS","TYPE":"ES","ADDR":"4001 S Goldenrod Rd, Orlando 32822","WEB":"https://threepointses.ocps.net","PHONE":"407.207.3800","SLNG":-81.2831,"SLAT":28.4911},"geometry":{"type":"MultiPolygon","coordinates":[[[[-81.28947,28.48028],[-81.29126,28.48071],[-81.29771,28.48068],[-81.29776,28.48914],[-81.29678,28.48915],[-81.29678,28.48808],[-81.29468,28.48808],[-81.29469,28.48984],[-81.29777,28.48983],[-81.29778,28.49167],[-81.29365,28.49169],[-81.29368,28.49903],[-81.28545,28.49898],[-81.28528,28.49901],[-81.28529,28.49947],[-81.28292,28.49948],[-81.28292,28.49902],[-81.28132,28.49903],[-81.28129,28.49537],[-81.26923,28.4954],[-81.26895,28.48411],[-81.26598,28.48081],[-81.27299,28.4808],[-81.27304,28.48445],[-81.28125,28.48443],[-81.28123,28.48078],[-81.28947,28.48074],[-81.28947,28.48028]]],[[[-81.28947,28.48028],[-81.28945,28.48027],[-81.28942,28.48025],[-81.28947,28.48028]]]]}},{"type":"Feature","properties":{"SCHOOL":"SUMMERLAKE","TYPE":"ES","ADDR":"15450 Porter Rd, Winter Garden 34787","WEB":"https://summerlakees.ocps.net","PHONE":"407.554.1774","SLNG":-81.61844,"SLAT":28.45152},"geometry":{"type":"Polygon","coordinates":[[[-81.59903,28.44693],[-81.59905,28.4347],[-81.62367,28.43449],[-81.62377,28.44167],[-81.62951,28.44165],[-81.6302,28.44192],[-81.63095,28.44158],[-81.63637,28.44152],[-81.63614,28.44327],[-81.63631,28.45617],[-81.59617,28.45659],[-81.59612,28.44989],[-81.59588,28.44947],[-81.59527,28.44927],[-81.59495,28.44895],[-81.59492,28.44702],[-81.59903,28.44693]]]}},{"type":"Feature","properties":{"SCHOOL":"LAUREATE PARK","TYPE":"ES","ADDR":"7800 Laureate Blvd, Orlando 32827","WEB":"https://laureateparkes.ocps.net","PHONE":"407.730.8730","SLNG":-81.26932,"SLAT":28.3651},"geometry":{"type":"Polygon","coordinates":[[[-81.24439,28.3636],[-81.25973,28.36343],[-81.26127,28.3617],[-81.26083,28.36105],[-81.26083,28.36038],[-81.26263,28.35873],[-81.26753,28.35698],[-81.26812,28.35763],[-81.26955,28.35623],[-81.26992,28.35678],[-81.27053,28.35723],[-81.27238,28.35731],[-81.27312,28.35695],[-81.27776,28.36002],[-81.2794,28.36051],[-81.27927,28.36125],[-81.27946,28.36192],[-81.27979,28.36186],[-81.28035,28.36112],[-81.28146,28.36036],[-81.28253,28.36194],[-81.28414,28.36345],[-81.29317,28.36296],[-81.30986,28.36299],[-81.30953,28.36931],[-81.29911,28.37142],[-81.29505,28.37245],[-81.26953,28.3821],[-81.26186,28.38447],[-81.26075,28.38495],[-81.25946,28.38583],[-81.25706,28.38848],[-81.25561,28.38752],[-81.2505,28.38317],[-81.24437,28.38326],[-81.24451,28.36548],[-81.24439,28.3636]]]}},{"type":"Feature","properties":{"SCHOOL":"WYNDHAM LAKES","TYPE":"ES","ADDR":"14360 Wyndham Lakes Blvd, Orlando 32824","WEB":"https://wyndhamlakeses.ocps.net","PHONE":"407.251.2347","SLNG":-81.34904,"SLAT":28.35513},"geometry":{"type":"Polygon","coordinates":[[[-81.36155,28.37782],[-81.34244,28.37768],[-81.34254,28.36312],[-81.3338,28.36312],[-81.33312,28.36222],[-81.33161,28.36121],[-81.33169,28.36064],[-81.33119,28.35927],[-81.33435,28.35852],[-81.33515,28.35803],[-81.33537,28.35759],[-81.3352,28.35706],[-81.33541,28.35656],[-81.33503,28.35629],[-81.33545,28.35597],[-81.3378,28.35728],[-81.33849,28.35748],[-81.34231,28.35518],[-81.34231,28.35138],[-81.34178,28.35004],[-81.34229,28.34911],[-81.34265,28.34912],[-81.34266,28.34802],[-81.36277,28.34799],[-81.36252,28.34954],[-81.36127,28.35239],[-81.36129,28.35375],[-81.36208,28.35514],[-81.364,28.35644],[-81.36495,28.35768],[-81.36523,28.35893],[-81.36487,28.36086],[-81.36504,28.36228],[-81.36553,28.36353],[-81.36665,28.36511],[-81.36689,28.36594],[-81.36842,28.3661],[-81.37104,28.36604],[-81.37379,28.36655],[-81.37293,28.36834],[-81.36698,28.36877],[-81.36709,28.3704],[-81.36693,28.37137],[-81.36499,28.37467],[-81.36456,28.37601],[-81.36444,28.37715],[-81.36194,28.37703],[-81.36187,28.37734],[-81.36155,28.37753],[-81.36155,28.37782]]]}},{"type":"Feature","properties":{"SCHOOL":"WHISPERING OAK","TYPE":"ES","ADDR":"15300 Stoneybrook West Pkwy, Winter Garden 34787","WEB":"https://whisperingoakes.ocps.net","PHONE":"407.656.7773","SLNG":-81.61202,"SLAT":28.51382},"geometry":{"type":"Polygon","coordinates":[[[-81.62031,28.53634],[-81.62031,28.52898],[-81.60387,28.52914],[-81.60377,28.5255],[-81.5997,28.52553],[-81.59956,28.52189],[-81.5975,28.5219],[-81.59749,28.52011],[-81.59543,28.52012],[-81.59539,28.51528],[-81.59968,28.5146],[-81.60177,28.51391],[-81.60369,28.51302],[-81.6057,28.51179],[-81.60711,28.51067],[-81.61008,28.50739],[-81.62834,28.50738],[-81.62853,28.52168],[-81.63265,28.52166],[-81.63265,28.52107],[-81.63293,28.52094],[-81.63429,28.52053],[-81.63665,28.52026],[-81.63789,28.5199],[-81.63789,28.53639],[-81.62031,28.53634]]]}},{"type":"Feature","properties":{"SCHOOL":"CASTLEVIEW","TYPE":"ES","ADDR":"9131 Taborfield Ave, Orlando 32836","WEB":"https://castleviewes.ocps.net","PHONE":"407.612.4205","SLNG":-81.55671,"SLAT":28.43264},"geometry":{"type":"Polygon","coordinates":[[[-81.59453,28.44256],[-81.58149,28.43435],[-81.57604,28.42947],[-81.56954,28.42933],[-81.56846,28.42951],[-81.55988,28.43404],[-81.55909,28.43461],[-81.5584,28.43543],[-81.55801,28.43625],[-81.55784,28.43717],[-81.55775,28.4462],[-81.54535,28.44236],[-81.54295,28.44126],[-81.53631,28.43761],[-81.52887,28.44273],[-81.52592,28.43953],[-81.52669,28.43898],[-81.52509,28.43866],[-81.52334,28.43872],[-81.5224,28.43774],[-81.52307,28.43747],[-81.52572,28.43761],[-81.52624,28.43535],[-81.52451,28.43536],[-81.52452,28.40957],[-81.53279,28.4095],[-81.5328,28.4012],[-81.53264,28.40036],[-81.53215,28.39958],[-81.53115,28.39886],[-81.53021,28.39859],[-81.52862,28.39856],[-81.52866,28.39486],[-81.52902,28.39368],[-81.52967,28.39263],[-81.53113,28.39143],[-81.5331,28.39076],[-81.54224,28.3907],[-81.54335,28.39109],[-81.54812,28.39413],[-81.54958,28.39457],[-81.55127,28.39467],[-81.55275,28.3944],[-81.55775,28.39283],[-81.55902,28.39227],[-81.56047,28.39126],[-81.56196,28.39106],[-81.56327,28.3912],[-81.56418,28.39158],[-81.5679,28.3945],[-81.5712,28.39459],[-81.57001,28.39021],[-81.56954,28.3891],[-81.5703,28.39009],[-81.57142,28.39225],[-81.57279,28.39346],[-81.57406,28.39395],[-81.57774,28.3945],[-81.58126,28.39603],[-81.58258,28.39728],[-81.5843,28.39933],[-81.58581,28.4033],[-81.58878,28.40743],[-81.58928,28.40887],[-81.58998,28.40941],[-81.59026,28.40989],[-81.59031,28.41654],[-81.58958,28.41934],[-81.58955,28.42327],[-81.59013,28.42326],[-81.59015,28.42796],[-81.59078,28.42855],[-81.59081,28.43476],[-81.59905,28.4347],[-81.59903,28.44693],[-81.59492,28.44702],[-81.59489,28.4433],[-81.59453,28.44256]]]}},{"type":"Feature","properties":{"SCHOOL":"KELLY PARK SCHOOL","TYPE":"K8","ADDR":"4700 Jason Dwelley Pkwy, Apopka 32712","WEB":"https://kellyparkschoolk8.ocps.net","PHONE":"407.410.5900","SLNG":-81.54321,"SLAT":28.75249},"geometry":{"type":"Polygon","coordinates":[[[-81.57297,28.78596],[-81.53324,28.78608],[-81.53314,28.78447],[-81.53274,28.78413],[-81.53192,28.78394],[-81.53192,28.77912],[-81.52742,28.77926],[-81.52655,28.77732],[-81.52619,28.77443],[-81.52479,28.7721],[-81.52572,28.7721],[-81.52566,28.76104],[-81.52144,28.76103],[-81.52142,28.75919],[-81.51936,28.75919],[-81.51935,28.75828],[-81.51888,28.75828],[-81.51888,28.75804],[-81.51777,28.75804],[-81.51733,28.75732],[-81.51722,28.75011],[-81.51313,28.75012],[-81.51313,28.74829],[-81.50903,28.74829],[-81.50902,28.7319],[-81.51314,28.73188],[-81.51315,28.7355],[-81.52142,28.73553],[-81.5214,28.72822],[-81.52503,28.72824],[-81.52504,28.73187],[-81.52764,28.73186],[-81.52764,28.7337],[-81.52973,28.73369],[-81.52974,28.73553],[-81.53183,28.73553],[-81.53187,28.73369],[-81.5339,28.73368],[-81.53391,28.73553],[-81.53545,28.73619],[-81.53667,28.73736],[-81.53668,28.73812],[-81.53918,28.74008],[-81.54101,28.74044],[-81.54198,28.74131],[-81.54198,28.74266],[-81.55055,28.74273],[-81.55042,28.739],[-81.55983,28.73843],[-81.56804,28.73834],[-81.56809,28.74569],[-81.56682,28.74572],[-81.56703,28.76412],[-81.56667,28.76606],[-81.56527,28.77027],[-81.56511,28.77281],[-81.56558,28.77505],[-81.56702,28.77964],[-81.56785,28.78144],[-81.56882,28.78281],[-81.57001,28.78403],[-81.57137,28.78507],[-81.57297,28.78596]]]}},{"type":"Feature","properties":{"SCHOOL":"INDEPENDENCE","TYPE":"ES","ADDR":"6255 New Independence Parkway, Winter Garden 34787","WEB":"https://independencees.ocps.net","PHONE":"407.217.7731","SLNG":-81.60715,"SLAT":28.46708},"geometry":{"type":"Polygon","coordinates":[[[-81.62603,28.48537],[-81.62596,28.48497],[-81.62491,28.48522],[-81.61737,28.48534],[-81.61637,28.48565],[-81.61446,28.48674],[-81.61286,28.48699],[-81.61178,28.48695],[-81.61175,28.48551],[-81.60739,28.48555],[-81.60738,28.48412],[-81.60753,28.48392],[-81.60737,28.48374],[-81.60634,28.48385],[-81.60666,28.48338],[-81.60718,28.4831],[-81.60698,28.48184],[-81.60712,28.48178],[-81.60702,28.48159],[-81.6063,28.48201],[-81.60558,28.48153],[-81.60614,28.48118],[-81.60633,28.4808],[-81.60614,28.48061],[-81.60462,28.47999],[-81.60439,28.4801],[-81.60036,28.47788],[-81.60036,28.4773],[-81.59934,28.47595],[-81.59719,28.47596],[-81.59714,28.46931],[-81.59095,28.46935],[-81.59096,28.47116],[-81.58707,28.47119],[-81.5871,28.47319],[-81.58779,28.47403],[-81.58603,28.47543],[-81.58568,28.47607],[-81.58275,28.47609],[-81.58283,28.47299],[-81.57473,28.47327],[-81.57454,28.47311],[-81.57451,28.4704],[-81.5786,28.46755],[-81.57857,28.46398],[-81.58278,28.46395],[-81.58277,28.46032],[-81.58679,28.46029],[-81.58678,28.45906],[-81.5959,28.45913],[-81.59625,28.45778],[-81.59617,28.45659],[-81.63631,28.45617],[-81.63644,28.45807],[-81.63715,28.45971],[-81.6368,28.45986],[-81.63576,28.45981],[-81.63392,28.4617],[-81.63252,28.46384],[-81.63184,28.46565],[-81.63154,28.46787],[-81.6316,28.47835],[-81.63107,28.48104],[-81.62982,28.48345],[-81.62651,28.4875],[-81.62592,28.48624],[-81.62635,28.48558],[-81.62603,28.48537]]]}},{"type":"Feature","properties":{"SCHOOL":"ATWATER BAY","TYPE":"ES","ADDR":"11000 Atwater Bay Dr, Winter Garden 34787","WEB":"https://atwaterbayes.ocps.net","PHONE":"407-635-2680","SLNG":-81.65047,"SLAT":28.41378},"geometry":{"type":"Polygon","coordinates":[[[-81.65064,28.44513],[-81.65064,28.44331],[-81.64793,28.44334],[-81.64793,28.44152],[-81.64109,28.44157],[-81.63841,28.43792],[-81.64584,28.43789],[-81.65102,28.43431],[-81.65135,28.43225],[-81.65115,28.42692],[-81.64849,28.42695],[-81.64847,28.42508],[-81.64434,28.42514],[-81.64433,28.42149],[-81.63571,28.42165],[-81.63595,28.41862],[-81.63581,28.40894],[-81.64435,28.40885],[-81.64433,28.41156],[-81.64844,28.4115],[-81.64846,28.40455],[-81.64991,28.40456],[-81.65185,28.40494],[-81.65192,28.40701],[-81.65311,28.40675],[-81.65521,28.40715],[-81.65724,28.40712],[-81.65748,28.44507],[-81.65064,28.44513]]]}},{"type":"Feature","properties":{"SCHOOL":"LUMINARY","TYPE":"ES","ADDR":"9420 Luminary Blvd, Orlando 32827","WEB":"https://luminaryes.ocps.net","PHONE":"407.395.9840","SLNG":-81.25975,"SLAT":28.35526},"geometry":{"type":"Polygon","coordinates":[[[-81.24439,28.3636],[-81.2437,28.36103],[-81.24227,28.35842],[-81.24117,28.35711],[-81.23575,28.35177],[-81.21748,28.35179],[-81.21539,28.35237],[-81.21126,28.35241],[-81.21116,28.34824],[-81.29292,28.34808],[-81.29297,28.35233],[-81.28477,28.35273],[-81.28478,28.35453],[-81.29298,28.35412],[-81.29317,28.36305],[-81.28414,28.36345],[-81.28253,28.36194],[-81.28146,28.36036],[-81.28035,28.36112],[-81.27979,28.36186],[-81.27946,28.36192],[-81.27927,28.36125],[-81.2794,28.36051],[-81.27776,28.36002],[-81.27312,28.35695],[-81.27238,28.35731],[-81.27053,28.35723],[-81.26992,28.35678],[-81.26955,28.35623],[-81.26812,28.35763],[-81.26753,28.35698],[-81.26263,28.35873],[-81.26083,28.36038],[-81.26083,28.36105],[-81.26127,28.3617],[-81.25973,28.36343],[-81.24439,28.3636]]]}},{"type":"Feature","properties":{"SCHOOL":"EAST LAKE","TYPE":"ES","ADDR":"3971 N Tanner Rd, Orlando 32826","WEB":"https://eastlakees.ocps.net","PHONE":"407.658.6825","SLNG":-81.16749,"SLAT":28.59533},"geometry":{"type":"Polygon","coordinates":[[[-81.1203,28.58747],[-81.12142,28.58385],[-81.12895,28.58385],[-81.12884,28.58066],[-81.12976,28.58047],[-81.12968,28.57814],[-81.1307,28.57733],[-81.13067,28.57651],[-81.1344,28.57651],[-81.1345,28.56219],[-81.14183,28.56436],[-81.14786,28.56531],[-81.15691,28.56544],[-81.19036,28.56533],[-81.19038,28.56895],[-81.18965,28.56891],[-81.18971,28.57262],[-81.18774,28.57257],[-81.18779,28.58058],[-81.18729,28.5806],[-81.18746,28.58085],[-81.18806,28.58104],[-81.18824,28.58141],[-81.18871,28.58141],[-81.18871,28.58346],[-81.18985,28.58345],[-81.18986,28.58377],[-81.19176,28.5856],[-81.19221,28.5867],[-81.19227,28.58821],[-81.18945,28.58822],[-81.18945,28.58899],[-81.18903,28.58899],[-81.18904,28.59073],[-81.18666,28.59075],[-81.18692,28.61204],[-81.12899,28.61249],[-81.12053,28.59017],[-81.1203,28.58899],[-81.1203,28.58747]]]}},{"type":"Feature","properties":{"SCHOOL":"VISTA LAKES","TYPE":"ES","ADDR":"6050 Lake Champlain Dr, Orlando 32829","WEB":"https://vistalakeses.ocps.net","PHONE":"407.207.4991","SLNG":-81.27158,"SLAT":28.47446},"geometry":{"type":"Polygon","coordinates":[[[-81.23846,28.47359],[-81.23801,28.47185],[-81.23707,28.46943],[-81.23132,28.45834],[-81.23057,28.45527],[-81.23046,28.45142],[-81.24672,28.45128],[-81.24977,28.4508],[-81.25729,28.44874],[-81.25977,28.44855],[-81.2644,28.44855],[-81.27989,28.47188],[-81.28076,28.47296],[-81.28259,28.47463],[-81.28851,28.47968],[-81.28947,28.48028],[-81.28947,28.48074],[-81.28123,28.48078],[-81.28125,28.48443],[-81.27713,28.48445],[-81.27304,28.48445],[-81.27299,28.4808],[-81.26069,28.48081],[-81.2607,28.48666],[-81.26034,28.48666],[-81.26004,28.48605],[-81.25874,28.48619],[-81.25843,28.48597],[-81.2581,28.48724],[-81.25842,28.4878],[-81.25836,28.48812],[-81.25384,28.48814],[-81.25382,28.47991],[-81.25497,28.47866],[-81.25494,28.47846],[-81.24921,28.47851],[-81.24709,28.47835],[-81.24718,28.47623],[-81.24632,28.47355],[-81.23846,28.47359]]]}},{"type":"Feature","properties":{"SCHOOL":"SUNBLAZE","TYPE":"ES","ADDR":"9101 Randal Park Blvd, Orlando 32832","WEB":"https://sunblazees.ocps.net","PHONE":"407.207.3850","SLNG":-81.23444,"SLAT":28.43454},"geometry":{"type":"Polygon","coordinates":[[[-81.21751,28.41824],[-81.22014,28.42155],[-81.22198,28.42149],[-81.22277,28.42114],[-81.22367,28.42119],[-81.22449,28.42167],[-81.22494,28.42262],[-81.22758,28.42259],[-81.22717,28.41851],[-81.22736,28.4164],[-81.22778,28.41457],[-81.24294,28.41461],[-81.2431,28.4167],[-81.24381,28.41841],[-81.24424,28.45134],[-81.23046,28.45142],[-81.2304,28.4458],[-81.22286,28.4422],[-81.22302,28.44181],[-81.22278,28.44122],[-81.22213,28.44067],[-81.22139,28.43939],[-81.22164,28.43805],[-81.22125,28.43671],[-81.22132,28.43556],[-81.22039,28.43322],[-81.21968,28.43259],[-81.221,28.43108],[-81.22101,28.43031],[-81.22055,28.42872],[-81.22022,28.42787],[-81.2194,28.42789],[-81.21948,28.4277],[-81.21908,28.42726],[-81.219,28.4266],[-81.2186,28.42605],[-81.21836,28.42497],[-81.21771,28.42399],[-81.21766,28.42345],[-81.21696,28.42185],[-81.21704,28.42018],[-81.21657,28.4194],[-81.21634,28.41852],[-81.2164,28.41824],[-81.21751,28.41824]]]}},{"type":"Feature","properties":{"SCHOOL":"MOSS PARK","TYPE":"ES","ADDR":"9301 North Shore Golf Club Blvd, Orlando 32832","WEB":"https://mossparkes.ocps.net","PHONE":"407.249.4747","SLNG":-81.2173,"SLAT":28.40969},"geometry":{"type":"Polygon","coordinates":[[[-81.17386,28.42193],[-81.17384,28.39141],[-81.17228,28.39128],[-81.17102,28.39054],[-81.17023,28.38968],[-81.17089,28.38931],[-81.167,28.3849],[-81.16694,28.38384],[-81.16837,28.38104],[-81.16859,28.37929],[-81.16617,28.37927],[-81.16615,28.37828],[-81.16091,28.37831],[-81.16078,28.34853],[-81.21116,28.34824],[-81.21161,28.36533],[-81.21971,28.36714],[-81.22387,28.3671],[-81.22383,28.36999],[-81.22471,28.37104],[-81.22558,28.37127],[-81.22601,28.37376],[-81.22615,28.37345],[-81.22678,28.37347],[-81.22626,28.37352],[-81.22617,28.3738],[-81.22591,28.37389],[-81.2261,28.37408],[-81.22581,28.37412],[-81.22614,28.37438],[-81.22613,28.37576],[-81.22604,28.37616],[-81.2256,28.37663],[-81.22576,28.37681],[-81.22548,28.37681],[-81.22557,28.37715],[-81.22535,28.37742],[-81.22566,28.37726],[-81.22572,28.37749],[-81.22526,28.37787],[-81.22455,28.37785],[-81.22545,28.37792],[-81.22542,28.37805],[-81.22455,28.3781],[-81.22521,28.37828],[-81.22514,28.37845],[-81.22471,28.37841],[-81.22457,28.37863],[-81.22459,28.37907],[-81.2249,28.37922],[-81.22443,28.37914],[-81.22428,28.37938],[-81.22492,28.37944],[-81.22375,28.37948],[-81.2249,28.37971],[-81.22484,28.37986],[-81.22396,28.37968],[-81.22373,28.37994],[-81.22379,28.38012],[-81.22482,28.38024],[-81.22366,28.38026],[-81.22347,28.38049],[-81.22474,28.38055],[-81.22387,28.38067],[-81.22477,28.3808],[-81.22359,28.38086],[-81.22371,28.38112],[-81.22468,28.38116],[-81.22375,28.3812],[-81.22346,28.38139],[-81.22417,28.38137],[-81.22357,28.38167],[-81.22419,28.38173],[-81.22366,28.38184],[-81.22374,28.38198],[-81.22425,28.38197],[-81.2242,28.38215],[-81.22379,28.38209],[-81.22363,28.38241],[-81.22384,28.38274],[-81.22366,28.38312],[-81.22432,28.38317],[-81.22374,28.38328],[-81.22395,28.38338],[-81.22385,28.38416],[-81.22494,28.38399],[-81.22386,28.38426],[-81.22362,28.38545],[-81.22375,28.38545],[-81.22375,28.39271],[-81.22785,28.39272],[-81.22786,28.39474],[-81.2285,28.39668],[-81.22958,28.39806],[-81.23126,28.39971],[-81.23224,28.39996],[-81.23729,28.39991],[-81.23727,28.40432],[-81.23443,28.4059],[-81.23229,28.40755],[-81.23022,28.40978],[-81.22885,28.41191],[-81.22791,28.41415],[-81.22729,28.41693],[-81.22718,28.4191],[-81.22758,28.42259],[-81.22494,28.42262],[-81.22449,28.42167],[-81.22367,28.42119],[-81.22277,28.42114],[-81.22198,28.42149],[-81.22014,28.42155],[-81.21751,28.41824],[-81.2192,28.41824],[-81.21924,28.4147],[-81.2124,28.41841],[-81.21172,28.4202],[-81.21063,28.42163],[-81.20967,28.42191],[-81.20469,28.42189],[-81.20475,28.42555],[-81.20063,28.42555],[-81.20072,28.43194],[-81.19454,28.42921],[-81.19432,28.42189],[-81.17386,28.42193]]]}},{"type":"Feature","properties":{"SCHOOL":"WATER SPRING","TYPE":"ES","ADDR":"16000 Water Spring Dr, Winter Garden 34787","WEB":"https://waterspringes.ocps.net","PHONE":"407.993.7310","SLNG":-81.64577,"SLAT":28.4032},"geometry":{"type":"Polygon","coordinates":[[[-81.61789,28.39099],[-81.62265,28.39098],[-81.6236,28.39076],[-81.63199,28.39078],[-81.63201,28.38711],[-81.63872,28.38709],[-81.64084,28.38503],[-81.64191,28.38339],[-81.64437,28.38334],[-81.6444,28.39068],[-81.64856,28.39047],[-81.64853,28.39416],[-81.65263,28.3941],[-81.65265,28.39042],[-81.65723,28.39036],[-81.65724,28.40712],[-81.65521,28.40715],[-81.65311,28.40675],[-81.65192,28.40701],[-81.65185,28.40494],[-81.64991,28.40456],[-81.64846,28.40455],[-81.64844,28.4115],[-81.64433,28.41156],[-81.64435,28.40885],[-81.632,28.40896],[-81.63201,28.40534],[-81.62511,28.40539],[-81.61789,28.39099]]]}},{"type":"Feature","properties":{"SCHOOL":"WEDGEFIELD SCHOOL","TYPE":"K8","ADDR":"3835 Bancroft Blvd, Orlando 32833","WEB":"https://wedgefieldk8.ocps.net/","PHONE":"321.413.2998","SLNG":-81.07429,"SLAT":28.49047},"geometry":{"type":"Polygon","coordinates":[[[-80.93281,28.54371],[-80.93209,28.5429],[-80.93224,28.54205],[-80.9329,28.54124],[-80.93425,28.54048],[-80.9349,28.54057],[-80.93529,28.5414],[-80.93583,28.54177],[-80.93898,28.54203],[-80.93921,28.5418],[-80.93965,28.5407],[-80.93897,28.53946],[-80.93906,28.53734],[-80.93952,28.53577],[-80.93931,28.53502],[-80.93868,28.53473],[-80.9378,28.53469],[-80.93722,28.53643],[-80.9368,28.53674],[-80.93626,28.53678],[-80.93581,28.53661],[-80.93558,28.5363],[-80.93544,28.53452],[-80.93525,28.53411],[-80.93467,28.5336],[-80.93407,28.53341],[-80.93366,28.53336],[-80.93287,28.53383],[-80.93256,28.53516],[-80.93222,28.53548],[-80.93157,28.53521],[-80.92907,28.53312],[-80.92857,28.5329],[-80.92727,28.53279],[-80.92483,28.53321],[-80.92338,28.53273],[-80.92108,28.52882],[-80.92106,28.52646],[-80.92064,28.5252],[-80.91957,28.52421],[-80.91746,28.52296],[-80.91632,28.52278],[-80.91522,28.52333],[-80.91304,28.52383],[-80.91207,28.52473],[-80.91142,28.52457],[-80.91056,28.5233],[-80.911,28.52292],[-80.91252,28.52318],[-80.91248,28.52258],[-80.912,28.52163],[-80.91103,28.52127],[-80.91048,28.52184],[-80.91009,28.52191],[-80.90726,28.52055],[-80.90684,28.51997],[-80.90797,28.51799],[-80.90699,28.51784],[-80.90605,28.51804],[-80.90572,28.51782],[-80.90545,28.51658],[-80.90555,28.51603],[-80.90598,28.51539],[-80.9069,28.51489],[-80.90717,28.51412],[-80.90673,28.51332],[-80.90561,28.51277],[-80.90661,28.51208],[-80.90663,28.51161],[-80.9052,28.5111],[-80.90447,28.51045],[-80.90417,28.51041],[-80.90386,28.51098],[-80.90338,28.51111],[-80.90199,28.51046],[-80.90153,28.51043],[-80.9001,28.51156],[-80.89901,28.50991],[-80.89842,28.50971],[-80.89733,28.50979],[-80.89595,28.50942],[-80.89478,28.51022],[-80.89352,28.51181],[-80.89273,28.51207],[-80.89151,28.51213],[-80.89056,28.51196],[-80.88574,28.51032],[-80.88499,28.50923],[-80.88453,28.50719],[-80.88415,28.50679],[-80.88331,28.5043],[-80.88301,28.50402],[-80.88132,28.50398],[-80.88103,28.50378],[-80.88093,28.50272],[-80.88029,28.50156],[-80.87988,28.50001],[-80.88002,28.49848],[-80.87991,28.4976],[-80.88027,28.497],[-80.88099,28.49665],[-80.88335,28.49616],[-80.88416,28.49555],[-80.88408,28.49487],[-80.88259,28.49149],[-80.88231,28.49115],[-80.88107,28.49134],[-80.88013,28.49102],[-80.87997,28.4907],[-80.88002,28.48995],[-80.87797,28.48977],[-80.87587,28.49007],[-80.87525,28.48949],[-80.87528,28.4887],[-80.87574,28.4884],[-80.87733,28.48798],[-80.87812,28.48673],[-80.8777,28.48635],[-80.87649,28.48633],[-80.87559,28.48585],[-80.8753,28.48355],[-80.87332,28.48206],[-80.87338,28.48123],[-80.87383,28.48066],[-80.87394,28.48017],[-80.87316,28.47865],[-80.87364,28.47847],[-80.87403,28.47798],[-80.87424,28.47737],[-80.87424,28.47627],[-80.87334,28.47527],[-80.87296,28.47422],[-80.87161,28.47252],[-80.87087,28.47189],[-80.87075,28.47125],[-80.87124,28.47071],[-80.87247,28.47116],[-80.87304,28.47103],[-80.87352,28.47024],[-80.87515,28.46885],[-80.87607,28.46908],[-80.87639,28.46942],[-80.87622,28.46973],[-80.87548,28.46999],[-80.8756,28.47074],[-80.87581,28.47086],[-80.87631,28.47081],[-80.87664,28.47045],[-80.87738,28.47041],[-80.87838,28.46992],[-80.87938,28.46969],[-80.87952,28.46949],[-80.87941,28.46861],[-80.87967,28.46832],[-80.88106,28.46842],[-80.88117,28.46879],[-80.88098,28.46958],[-80.88143,28.47031],[-80.88168,28.47038],[-80.88191,28.46982],[-80.88229,28.46961],[-80.88354,28.46977],[-80.88422,28.46955],[-80.88475,28.46873],[-80.88518,28.46872],[-80.88579,28.46904],[-80.88621,28.46965],[-80.88666,28.46961],[-80.88714,28.46861],[-80.88977,28.46649],[-80.89033,28.46644],[-80.89095,28.46688],[-80.89101,28.4676],[-80.89059,28.46819],[-80.89082,28.46839],[-80.89452,28.46704],[-80.89481,28.46607],[-80.89461,28.46532],[-80.89414,28.4646],[-80.8932,28.46504],[-80.89288,28.46498],[-80.89272,28.46456],[-80.89286,28.46403],[-80.8933,28.46341],[-80.89382,28.4632],[-80.89454,28.46309],[-80.89545,28.46366],[-80.89585,28.46321],[-80.89509,28.46249],[-80.89481,28.46196],[-80.89496,28.46039],[-80.89444,28.45985],[-80.89332,28.46002],[-80.8932,28.45971],[-80.89336,28.45904],[-80.89411,28.45802],[-80.89582,28.45796],[-80.89663,28.45661],[-80.89707,28.4567],[-80.89721,28.45763],[-80.89757,28.45777],[-80.89829,28.45625],[-80.89831,28.45541],[-80.89801,28.45475],[-80.89698,28.45467],[-80.89736,28.45325],[-80.89724,28.45247],[-80.89687,28.45193],[-80.89588,28.45116],[-80.89504,28.45114],[-80.8939,28.45077],[-80.89267,28.4499],[-80.89123,28.44796],[-80.89018,28.44598],[-80.89012,28.44542],[-80.89104,28.44469],[-80.89157,28.44454],[-80.89275,28.44461],[-80.89389,28.44388],[-80.894,28.44275],[-80.89308,28.44176],[-80.89321,28.44147],[-80.89406,28.44097],[-80.89419,28.43988],[-80.89468,28.4389],[-80.89449,28.43834],[-80.89382,28.43773],[-80.89401,28.43734],[-80.89545,28.43625],[-80.89583,28.43552],[-80.89665,28.43562],[-80.89888,28.4348],[-80.89942,28.43331],[-80.90001,28.43333],[-80.90068,28.43362],[-80.90128,28.43341],[-80.90103,28.43238],[-80.90016,28.43116],[-80.89903,28.43076],[-80.89889,28.43099],[-80.89898,28.43166],[-80.89875,28.4319],[-80.89818,28.43133],[-80.89783,28.42962],[-80.89674,28.42769],[-80.8969,28.426],[-80.89771,28.42597],[-80.89869,28.42638],[-80.89891,28.42607],[-80.89818,28.4251],[-80.89741,28.42491],[-80.89668,28.42515],[-80.89631,28.42467],[-80.89647,28.42398],[-80.89707,28.42319],[-80.8968,28.42288],[-80.89634,28.42281],[-80.89574,28.42221],[-80.89551,28.42155],[-80.89571,28.42038],[-80.89553,28.41954],[-80.89389,28.41864],[-80.8926,28.41865],[-80.89227,28.41847],[-80.89189,28.41765],[-80.89167,28.41651],[-80.89109,28.41605],[-80.89001,28.41573],[-80.88842,28.41589],[-80.88799,28.41568],[-80.88787,28.41522],[-80.88839,28.41377],[-80.888,28.4128],[-80.88495,28.41084],[-80.88473,28.40999],[-80.88502,28.40921],[-80.88491,28.40886],[-80.88444,28.40856],[-80.88324,28.40831],[-80.88288,28.40783],[-80.88273,28.40685],[-80.88302,28.40622],[-80.88363,28.40602],[-80.88493,28.40632],[-80.88526,28.40536],[-80.88649,28.40424],[-80.88642,28.40383],[-80.88553,28.40262],[-80.88547,28.40225],[-80.88571,28.40095],[-80.88593,28.40049],[-80.88659,28.39998],[-80.88662,28.39963],[-80.88597,28.39889],[-80.88482,28.39846],[-80.88453,28.39813],[-80.88425,28.39686],[-80.88437,28.39604],[-80.88478,28.39564],[-80.88533,28.39557],[-80.88577,28.39583],[-80.88629,28.39659],[-80.88665,28.39663],[-80.88693,28.39628],[-80.88716,28.39409],[-80.88803,28.39327],[-80.88941,28.39322],[-80.88962,28.39301],[-80.8896,28.39232],[-80.88905,28.39066],[-80.88815,28.38925],[-80.8879,28.38847],[-80.88791,28.38755],[-80.88848,28.38604],[-80.88847,28.38548],[-80.88816,28.38523],[-80.8865,28.38504],[-80.88541,28.38445],[-80.88424,28.38327],[-80.88256,28.38209],[-80.88198,28.38061],[-80.87988,28.38056],[-80.87935,28.37748],[-80.87961,28.37704],[-80.88188,28.37545],[-80.88198,28.37522],[-80.8819,28.3748],[-80.88156,28.37459],[-80.88057,28.37529],[-80.88001,28.37511],[-80.88031,28.37354],[-80.87983,28.37262],[-80.87805,28.37208],[-80.87755,28.37224],[-80.87693,28.37307],[-80.87647,28.37336],[-80.87554,28.37341],[-80.87499,28.37324],[-80.87502,28.3723],[-80.87468,28.37156],[-80.87326,28.37032],[-80.87267,28.36929],[-80.87238,28.36811],[-80.87244,28.36721],[-80.8738,28.36422],[-80.87391,28.36158],[-80.87332,28.35998],[-80.8706,28.35572],[-80.87062,28.34759],[-80.96162,28.34764],[-81.09462,28.34822],[-81.09494,28.42058],[-81.0947,28.42801],[-81.09507,28.45167],[-81.12256,28.45141],[-81.1611,28.4517],[-81.16122,28.50318],[-81.16019,28.5042],[-81.1592,28.5034],[-81.15865,28.50262],[-81.15834,28.50148],[-81.15833,28.49723],[-81.14311,28.49727],[-81.1431,28.49658],[-81.13412,28.49659],[-81.13522,28.49737],[-81.13648,28.50325],[-81.13898,28.50702],[-81.13805,28.51425],[-81.13431,28.51773],[-81.13067,28.52275],[-81.13056,28.52515],[-81.07147,28.52531],[-81.07782,28.53338],[-81.07857,28.53489],[-81.0794,28.5374],[-81.07628,28.53648],[-81.07284,28.53608],[-81.04449,28.53617],[-81.03365,28.53545],[-81.01784,28.53667],[-81.01228,28.53673],[-81.01225,28.54034],[-80.97168,28.54074],[-80.97163,28.53892],[-80.96557,28.54017],[-80.94638,28.54202],[-80.93904,28.54364],[-80.93281,28.54371]]]}},{"type":"Feature","properties":{"SCHOOL":"LAKE COMO SCHOOL","TYPE":"K8","ADDR":"2450 E Gore St, Orlando 32806","WEB":"https://kaleylakecomoes.ocps.net","PHONE":"407.897.6430","SLNG":-81.35066,"SLAT":28.53043},"geometry":{"type":"Polygon","coordinates":[[[-81.37376,28.55325],[-81.36031,28.55311],[-81.34472,28.55331],[-81.34474,28.55128],[-81.34552,28.54958],[-81.34568,28.546],[-81.34371,28.54602],[-81.34359,28.53837],[-81.34173,28.53837],[-81.34153,28.53628],[-81.34079,28.53545],[-81.33852,28.53478],[-81.33737,28.53471],[-81.33733,28.53152],[-81.33715,28.53152],[-81.33691,28.53061],[-81.33525,28.53063],[-81.33527,28.53154],[-81.33114,28.53158],[-81.33103,28.52426],[-81.3393,28.5242],[-81.33925,28.5169],[-81.34338,28.51687],[-81.34336,28.5134],[-81.3435,28.51324],[-81.3516,28.51319],[-81.35158,28.50953],[-81.35982,28.50945],[-81.35983,28.52555],[-81.36004,28.52629],[-81.36033,28.52639],[-81.36025,28.52658],[-81.36052,28.52673],[-81.36073,28.52665],[-81.36076,28.52698],[-81.36104,28.52727],[-81.36127,28.52709],[-81.36231,28.5277],[-81.3636,28.52815],[-81.3641,28.52814],[-81.36424,28.53727],[-81.37368,28.53708],[-81.37531,28.53675],[-81.37959,28.53543],[-81.38316,28.53524],[-81.38218,28.53741],[-81.38191,28.53857],[-81.38221,28.53895],[-81.38263,28.5502],[-81.38238,28.55309],[-81.37376,28.55325]]]}},{"type":"Feature","properties":{"SCHOOL":"BLANKNER SCHOOL","TYPE":"K8","ADDR":"2500 S Mills Ave, Orlando 32806","WEB":"https://blanknerk8.ocps.net","PHONE":"407.245.1720","SLNG":-81.36401,"SLAT":28.514},"geometry":{"type":"Polygon","coordinates":[[[-81.36424,28.53727],[-81.3641,28.52814],[-81.3636,28.52815],[-81.36231,28.5277],[-81.36127,28.52709],[-81.36104,28.52727],[-81.36076,28.52698],[-81.36073,28.52665],[-81.36052,28.52673],[-81.36025,28.52658],[-81.36033,28.52639],[-81.36004,28.52629],[-81.35983,28.52555],[-81.35982,28.50888],[-81.36496,28.50667],[-81.36597,28.50666],[-81.366,28.50939],[-81.36806,28.50937],[-81.36801,28.50396],[-81.36904,28.5039],[-81.36904,28.50296],[-81.36852,28.50296],[-81.36851,28.50207],[-81.37212,28.50203],[-81.37211,28.5002],[-81.37289,28.50019],[-81.37288,28.49837],[-81.37595,28.49834],[-81.37618,28.49955],[-81.37629,28.50311],[-81.37636,28.51658],[-81.38658,28.51652],[-81.38664,28.51823],[-81.38631,28.51937],[-81.38621,28.52061],[-81.38626,28.52911],[-81.38592,28.53081],[-81.38316,28.53524],[-81.37959,28.53543],[-81.37531,28.53675],[-81.37368,28.53708],[-81.36424,28.53727]]]}},{"type":"Feature","properties":{"SCHOOL":"OCPS ACE","TYPE":"K8","ADDR":"701 W Livingston St, Orlando 32805","WEB":"https://ocpsace.ocps.net","PHONE":"407.866.1280","SLNG":-81.39174,"SLAT":28.54915},"geometry":{"type":"Polygon","coordinates":[[[-81.38238,28.55309],[-81.38263,28.5502],[-81.38221,28.53895],[-81.38191,28.53857],[-81.38218,28.53741],[-81.38309,28.53533],[-81.38569,28.53133],[-81.3861,28.5302],[-81.38626,28.52911],[-81.38621,28.52061],[-81.39251,28.52055],[-81.39251,28.52037],[-81.39282,28.52037],[-81.39282,28.52055],[-81.39631,28.52051],[-81.39631,28.52014],[-81.39707,28.52013],[-81.39738,28.54952],[-81.39724,28.55024],[-81.39603,28.55181],[-81.39564,28.55295],[-81.38238,28.55309]]]}},{"type":"Feature","properties":{"SCHOOL":"AUDUBON PARK SCHOOL","TYPE":"K8","ADDR":"1500 Falcon Dr, Orlando 32803","WEB":"https://audubonparkk8.ocps.net","PHONE":"407.317.5829","SLNG":-81.34713,"SLAT":28.56608},"geometry":{"type":"Polygon","coordinates":[[[-81.36513,28.60038],[-81.34701,28.6005],[-81.34659,28.59886],[-81.34659,28.59795],[-81.34675,28.59794],[-81.34662,28.59768],[-81.3458,28.59741],[-81.34469,28.59753],[-81.34349,28.5973],[-81.34275,28.59667],[-81.34238,28.59673],[-81.3424,28.59653],[-81.34225,28.59656],[-81.34233,28.59567],[-81.34513,28.5956],[-81.34572,28.59532],[-81.34444,28.59377],[-81.34433,28.58604],[-81.3402,28.58608],[-81.34016,28.58367],[-81.33964,28.58341],[-81.33963,28.58278],[-81.33907,28.58278],[-81.33852,28.58253],[-81.33849,28.58079],[-81.34034,28.58077],[-81.34032,28.5788],[-81.33993,28.5788],[-81.33978,28.56788],[-81.33478,28.56789],[-81.33377,28.56805],[-81.33343,28.55345],[-81.36031,28.55311],[-81.37376,28.55325],[-81.37687,28.55313],[-81.37693,28.55955],[-81.37352,28.56165],[-81.37296,28.56293],[-81.37269,28.56592],[-81.37282,28.57135],[-81.36901,28.57177],[-81.36809,28.57151],[-81.36596,28.57041],[-81.36446,28.57032],[-81.36437,28.58004],[-81.36488,28.58276],[-81.36513,28.60038]]]}},{"type":"Feature","properties":{"SCHOOL":"PERSHING SCHOOL","TYPE":"K8","ADDR":"1800 Pershing Ave, Orlando 32806","WEB":"https://pershinges.ocps.net","PHONE":"407.858.3160","SLNG":-81.35456,"SLAT":28.49757},"geometry":{"type":"Polygon","coordinates":[[[-81.3516,28.51319],[-81.34709,28.5132],[-81.34693,28.5129],[-81.34688,28.51232],[-81.34707,28.51232],[-81.34707,28.51199],[-81.34693,28.51199],[-81.34689,28.50948],[-81.34733,28.50948],[-81.34733,28.50918],[-81.34697,28.50918],[-81.34689,28.5071],[-81.34731,28.5071],[-81.3473,28.50656],[-81.34688,28.50657],[-81.34688,28.50638],[-81.34708,28.50638],[-81.34708,28.50592],[-81.3463,28.50593],[-81.34629,28.5055],[-81.34587,28.50551],[-81.34584,28.50281],[-81.34557,28.50229],[-81.33108,28.5024],[-81.33085,28.49292],[-81.33799,28.49283],[-81.33852,28.49315],[-81.33911,28.49433],[-81.33937,28.49446],[-81.33955,28.49428],[-81.33955,28.49451],[-81.34001,28.49446],[-81.34001,28.49431],[-81.34032,28.49438],[-81.34063,28.49504],[-81.3411,28.4952],[-81.34523,28.49487],[-81.34545,28.4944],[-81.34626,28.49417],[-81.34672,28.49444],[-81.34647,28.49469],[-81.34656,28.49555],[-81.34594,28.49643],[-81.34666,28.49673],[-81.34809,28.49626],[-81.34843,28.49512],[-81.34864,28.49495],[-81.34833,28.49495],[-81.3484,28.49461],[-81.35035,28.49434],[-81.35146,28.49351],[-81.35181,28.49263],[-81.34928,28.49062],[-81.3477,28.48988],[-81.34827,28.48803],[-81.34826,28.48648],[-81.34852,28.48595],[-81.34931,28.48543],[-81.34964,28.48446],[-81.34965,28.48367],[-81.34939,28.48372],[-81.34893,28.48295],[-81.34889,28.48235],[-81.34954,28.48163],[-81.35054,28.48169],[-81.35057,28.48146],[-81.34776,28.48112],[-81.34659,28.48062],[-81.34565,28.47987],[-81.34419,28.47926],[-81.34286,28.47821],[-81.34214,28.47732],[-81.34209,28.4776],[-81.34046,28.47542],[-81.33998,28.47569],[-81.33957,28.47557],[-81.33931,28.47504],[-81.33941,28.4747],[-81.34009,28.47451],[-81.33818,28.47412],[-81.33765,28.47372],[-81.33652,28.47356],[-81.33627,28.47318],[-81.33608,28.47318],[-81.33605,28.47227],[-81.33624,28.47184],[-81.33709,28.47132],[-81.33788,28.47125],[-81.3387,28.47161],[-81.33943,28.47012],[-81.34038,28.47002],[-81.34147,28.46814],[-81.34212,28.4676],[-81.34226,28.46642],[-81.34307,28.46606],[-81.34307,28.46586],[-81.34354,28.46589],[-81.34404,28.46566],[-81.34416,28.46593],[-81.34447,28.46571],[-81.34432,28.46551],[-81.3445,28.4654],[-81.34441,28.46528],[-81.34577,28.46479],[-81.34604,28.46584],[-81.34627,28.46584],[-81.34598,28.46472],[-81.34754,28.46471],[-81.34799,28.46517],[-81.3483,28.46446],[-81.34851,28.46454],[-81.34868,28.46387],[-81.34988,28.46389],[-81.35012,28.4637],[-81.35168,28.46351],[-81.35176,28.46371],[-81.3522,28.4637],[-81.35212,28.46354],[-81.35295,28.46347],[-81.35369,28.46297],[-81.3541,28.46303],[-81.35489,28.46368],[-81.35567,28.46362],[-81.35681,28.46414],[-81.35739,28.4642],[-81.35766,28.46396],[-81.35786,28.46324],[-81.35757,28.46224],[-81.3556,28.4614],[-81.3552,28.46105],[-81.35499,28.46065],[-81.35492,28.4596],[-81.35441,28.45923],[-81.35348,28.45747],[-81.35269,28.45664],[-81.3529,28.45664],[-81.35279,28.4561],[-81.35118,28.45483],[-81.35128,28.45289],[-81.35254,28.45288],[-81.35255,28.4512],[-81.36377,28.45098],[-81.36353,28.45168],[-81.3641,28.4528],[-81.36713,28.46353],[-81.3676,28.46555],[-81.36796,28.46837],[-81.36924,28.4728],[-81.37612,28.47279],[-81.37612,28.47415],[-81.37659,28.47387],[-81.3766,28.47422],[-81.37636,28.47442],[-81.37635,28.47643],[-81.38434,28.47643],[-81.38435,28.4781],[-81.38855,28.47803],[-81.38855,28.47748],[-81.38934,28.47747],[-81.38936,28.47777],[-81.38901,28.47784],[-81.38881,28.47836],[-81.38937,28.47982],[-81.3899,28.48046],[-81.38975,28.48069],[-81.39026,28.4822],[-81.39017,28.48335],[-81.39032,28.48394],[-81.38999,28.48451],[-81.38851,28.48454],[-81.38851,28.48361],[-81.38642,28.48362],[-81.38643,28.48429],[-81.38505,28.4843],[-81.38505,28.48447],[-81.3815,28.4845],[-81.38155,28.48735],[-81.37276,28.4875],[-81.37399,28.49247],[-81.37492,28.49461],[-81.37595,28.49834],[-81.37288,28.49837],[-81.37289,28.50019],[-81.37211,28.5002],[-81.37212,28.50203],[-81.36851,28.50207],[-81.36852,28.50296],[-81.36904,28.50296],[-81.36904,28.5039],[-81.36801,28.50396],[-81.36806,28.50937],[-81.366,28.50939],[-81.36597,28.50666],[-81.36496,28.50667],[-81.35982,28.50888],[-81.35982,28.50945],[-81.35158,28.50953],[-81.3516,28.51319]]]}},{"type":"Feature","properties":{"SCHOOL":"KELLY PARK SCHOOL","TYPE":"K8","ADDR":"4700 Jason Dwelley Pkwy, Apopka 32712","WEB":"https://kellyparkschoolk8.ocps.net","PHONE":"407.410.5900","SLNG":-81.54321,"SLAT":28.75249},"geometry":{"type":"Polygon","coordinates":[[[-81.57297,28.78596],[-81.53314,28.78608],[-81.53307,28.78453],[-81.53269,28.78421],[-81.53191,28.78403],[-81.53192,28.77912],[-81.52731,28.77927],[-81.52647,28.77741],[-81.5261,28.77444],[-81.52464,28.77202],[-81.52572,28.77202],[-81.52566,28.76104],[-81.52144,28.76103],[-81.52142,28.75919],[-81.51936,28.75919],[-81.51935,28.75828],[-81.51888,28.75828],[-81.51888,28.75804],[-81.51767,28.75804],[-81.51733,28.75735],[-81.51731,28.75011],[-81.51313,28.75012],[-81.51313,28.74829],[-81.50903,28.7483],[-81.50902,28.73186],[-81.51314,28.73186],[-81.51313,28.73551],[-81.52141,28.73552],[-81.5214,28.72822],[-81.52503,28.72822],[-81.52504,28.73187],[-81.52764,28.73186],[-81.52764,28.7337],[-81.52973,28.73369],[-81.52974,28.73553],[-81.53183,28.73553],[-81.53182,28.73369],[-81.5339,28.73368],[-81.53391,28.73553],[-81.53545,28.73619],[-81.53667,28.73736],[-81.53668,28.73812],[-81.53918,28.74008],[-81.54101,28.74044],[-81.54198,28.74131],[-81.54198,28.74266],[-81.55055,28.74273],[-81.55042,28.739],[-81.55983,28.73843],[-81.56804,28.73834],[-81.56809,28.74569],[-81.56682,28.74572],[-81.56703,28.76412],[-81.56671,28.76591],[-81.56527,28.77027],[-81.56511,28.77281],[-81.56554,28.77491],[-81.56702,28.77964],[-81.56785,28.78144],[-81.56882,28.78281],[-81.57001,28.78403],[-81.57137,28.78507],[-81.57297,28.78596]]]}}]}