{"type":"FeatureCollection","features":[{"type":"Feature","properties":{"SCHOOL":"LAKE COMO SCHOOL","TYPE":"K8","ADDR":"2450 E Gore St, Orlando 32806","WEB":"https://kaleylakecomoes.ocps.net","PHONE":"407.897.6430","SLNG":-81.35066,"SLAT":28.53043},"geometry":{"type":"Polygon","coordinates":[[[-81.34472,28.55331],[-81.34474,28.55128],[-81.34552,28.54958],[-81.34568,28.546],[-81.34371,28.54602],[-81.34359,28.53837],[-81.34173,28.53837],[-81.34153,28.53628],[-81.34091,28.53551],[-81.33868,28.53482],[-81.33736,28.53471],[-81.33733,28.53152],[-81.33715,28.53152],[-81.33691,28.53061],[-81.33525,28.53063],[-81.33527,28.53154],[-81.33114,28.53162],[-81.33103,28.52426],[-81.3393,28.5242],[-81.33925,28.5169],[-81.34338,28.51687],[-81.34336,28.5134],[-81.3435,28.51324],[-81.3516,28.51319],[-81.35158,28.50953],[-81.35982,28.50945],[-81.35982,28.52548],[-81.36004,28.52629],[-81.36033,28.52639],[-81.36025,28.52658],[-81.36052,28.52673],[-81.36073,28.52665],[-81.36076,28.52698],[-81.36104,28.52727],[-81.36127,28.52709],[-81.36231,28.5277],[-81.3636,28.52815],[-81.3641,28.52814],[-81.36424,28.53727],[-81.37368,28.53708],[-81.37531,28.53675],[-81.37959,28.53543],[-81.38316,28.53524],[-81.38218,28.53741],[-81.38191,28.53857],[-81.38221,28.53895],[-81.38263,28.5502],[-81.38238,28.55309],[-81.34472,28.55331]]]}},{"type":"Feature","properties":{"SCHOOL":"PERSHING SCHOOL","TYPE":"K8","ADDR":"1800 Pershing Ave, Orlando 32806","WEB":"https://pershinges.ocps.net","PHONE":"407.858.3160","SLNG":-81.35456,"SLAT":28.49757},"geometry":{"type":"Polygon","coordinates":[[[-81.3516,28.51319],[-81.34693,28.5132],[-81.34688,28.51232],[-81.34707,28.51232],[-81.34707,28.51199],[-81.34693,28.51199],[-81.34689,28.50948],[-81.34733,28.50948],[-81.34733,28.50918],[-81.34697,28.50918],[-81.34689,28.5071],[-81.34731,28.5071],[-81.3473,28.50656],[-81.34688,28.50657],[-81.34688,28.50638],[-81.34708,28.50638],[-81.34708,28.50592],[-81.3463,28.50593],[-81.34629,28.5055],[-81.34587,28.50551],[-81.34584,28.50229],[-81.3309,28.50241],[-81.33085,28.49292],[-81.33797,28.49288],[-81.33851,28.49316],[-81.33909,28.49432],[-81.33937,28.49446],[-81.33955,28.49428],[-81.33955,28.49451],[-81.34001,28.49446],[-81.34001,28.49431],[-81.34032,28.49438],[-81.34063,28.49504],[-81.3411,28.4952],[-81.34219,28.49525],[-81.34282,28.49496],[-81.34336,28.49508],[-81.34447,28.49483],[-81.34523,28.49487],[-81.34553,28.49432],[-81.34615,28.49416],[-81.34662,28.49437],[-81.34645,28.49457],[-81.34656,28.49555],[-81.34594,28.49643],[-81.34666,28.49673],[-81.34809,28.49626],[-81.34843,28.49512],[-81.34864,28.49495],[-81.34833,28.49495],[-81.3484,28.49461],[-81.35035,28.49434],[-81.35146,28.49351],[-81.35181,28.49263],[-81.34928,28.49062],[-81.3477,28.48988],[-81.34827,28.48803],[-81.34826,28.48648],[-81.34852,28.48595],[-81.34931,28.48543],[-81.34964,28.48446],[-81.34966,28.48367],[-81.34939,28.48372],[-81.34893,28.48295],[-81.34889,28.48235],[-81.34954,28.48163],[-81.35054,28.48169],[-81.35057,28.48146],[-81.34776,28.48112],[-81.34659,28.48062],[-81.34565,28.47987],[-81.34419,28.47926],[-81.34286,28.47821],[-81.34214,28.47732],[-81.34209,28.4776],[-81.34046,28.47542],[-81.33998,28.47569],[-81.33957,28.47557],[-81.33931,28.47504],[-81.33941,28.4747],[-81.34009,28.47451],[-81.33818,28.47412],[-81.33765,28.47372],[-81.33652,28.47356],[-81.33627,28.47318],[-81.33608,28.47318],[-81.33605,28.47227],[-81.33624,28.47184],[-81.33709,28.47132],[-81.33788,28.47125],[-81.3387,28.47161],[-81.33943,28.47012],[-81.34038,28.47002],[-81.34147,28.46814],[-81.34212,28.4676],[-81.34226,28.46642],[-81.34307,28.46606],[-81.34307,28.46586],[-81.34354,28.46589],[-81.34404,28.46566],[-81.34416,28.46593],[-81.34447,28.46571],[-81.34432,28.46551],[-81.3445,28.4654],[-81.34441,28.46528],[-81.34577,28.46479],[-81.34604,28.46584],[-81.34627,28.46584],[-81.34598,28.46472],[-81.34754,28.46471],[-81.34799,28.46517],[-81.3483,28.46446],[-81.34851,28.46454],[-81.34868,28.46387],[-81.34988,28.46389],[-81.35012,28.4637],[-81.35168,28.46351],[-81.35176,28.46371],[-81.3522,28.4637],[-81.35212,28.46354],[-81.35295,28.46347],[-81.35369,28.46297],[-81.3541,28.46303],[-81.35489,28.46368],[-81.35567,28.46362],[-81.35681,28.46414],[-81.35739,28.4642],[-81.35766,28.46396],[-81.35786,28.46324],[-81.35757,28.46224],[-81.3556,28.4614],[-81.3552,28.46105],[-81.35499,28.46065],[-81.35492,28.4596],[-81.35441,28.45923],[-81.35348,28.45747],[-81.35269,28.45664],[-81.3529,28.45664],[-81.35279,28.4561],[-81.35118,28.45483],[-81.35128,28.45289],[-81.35254,28.45288],[-81.35254,28.4512],[-81.36374,28.45098],[-81.3641,28.4528],[-81.36749,28.46482],[-81.36784,28.46792],[-81.36926,28.47286],[-81.37612,28.47279],[-81.37612,28.47415],[-81.37659,28.47387],[-81.3766,28.47422],[-81.37636,28.47442],[-81.37635,28.47643],[-81.38434,28.47643],[-81.38435,28.4781],[-81.38855,28.47803],[-81.38855,28.47748],[-81.38934,28.47747],[-81.38936,28.47777],[-81.38901,28.47784],[-81.38881,28.47836],[-81.38937,28.47982],[-81.3899,28.48046],[-81.38975,28.48069],[-81.39026,28.4822],[-81.39017,28.48335],[-81.39032,28.48394],[-81.38999,28.48451],[-81.38851,28.48454],[-81.38851,28.48361],[-81.38642,28.48362],[-81.38643,28.48429],[-81.38505,28.4843],[-81.38505,28.48447],[-81.3815,28.4845],[-81.38155,28.48735],[-81.37276,28.4875],[-81.37399,28.49247],[-81.37492,28.49461],[-81.37595,28.49834],[-81.37288,28.49837],[-81.37289,28.50019],[-81.37211,28.5002],[-81.37212,28.50203],[-81.36851,28.50207],[-81.36852,28.50296],[-81.36904,28.50296],[-81.36904,28.5039],[-81.36801,28.50396],[-81.36806,28.50937],[-81.366,28.50939],[-81.36597,28.50666],[-81.36496,28.50667],[-81.35982,28.50888],[-81.35982,28.50945],[-81.35158,28.50953],[-81.3516,28.51319]]]}},{"type":"Feature","properties":{"SCHOOL":"ARBOR RIDGE","TYPE":"K8","ADDR":"2900 Logandale Dr, Orlando 32817","WEB":"https://arborridgek8.ocps.net","PHONE":"407.672.3110","SLNG":-81.25348,"SLAT":28.58763},"geometry":{"type":"Polygon","coordinates":[[[-81.2489,28.61227],[-81.24807,28.61172],[-81.24663,28.61186],[-81.24623,28.61206],[-81.24621,28.6119],[-81.24527,28.61198],[-81.24481,28.61189],[-81.24481,28.61162],[-81.22469,28.61178],[-81.22525,28.61079],[-81.22574,28.61081],[-81.22595,28.61049],[-81.22564,28.61009],[-81.22584,28.60988],[-81.22763,28.60906],[-81.2275,28.60865],[-81.22613,28.60866],[-81.22601,28.605],[-81.22628,28.6013],[-81.22823,28.60129],[-81.22836,28.59944],[-81.22639,28.59945],[-81.22642,28.5989],[-81.22563,28.59891],[-81.22566,28.59761],[-81.24468,28.59748],[-81.24514,28.58982],[-81.24501,28.57826],[-81.24638,28.57799],[-81.24767,28.57744],[-81.24913,28.57658],[-81.24912,28.57556],[-81.25005,28.57557],[-81.2507,28.57478],[-81.25101,28.57351],[-81.25104,28.57201],[-81.25073,28.57143],[-81.25073,28.56865],[-81.25323,28.56841],[-81.2534,28.57035],[-81.25513,28.57338],[-81.25533,28.5789],[-81.25567,28.58002],[-81.25717,28.58172],[-81.25914,28.58302],[-81.26145,28.58017],[-81.26152,28.58288],[-81.26255,28.58288],[-81.26257,28.58652],[-81.26569,28.58653],[-81.26573,28.59099],[-81.26544,28.591],[-81.26559,28.59111],[-81.26479,28.59159],[-81.26376,28.5915],[-81.26286,28.59203],[-81.26229,28.5927],[-81.26232,28.59291],[-81.26262,28.59293],[-81.26252,28.59329],[-81.26228,28.59329],[-81.26235,28.5946],[-81.26198,28.59476],[-81.26226,28.59559],[-81.26222,28.59741],[-81.25452,28.59723],[-81.24992,28.59734],[-81.25024,28.59902],[-81.25093,28.60061],[-81.2572,28.60803],[-81.25808,28.60977],[-81.25845,28.61153],[-81.24889,28.6116],[-81.2489,28.61227]]]}},{"type":"Feature","properties":{"SCHOOL":"WINDY RIDGE","TYPE":"K8","ADDR":"3900 Beech Tree Dr, Orlando 32835","WEB":"https://windyridgek8.ocps.net","PHONE":"407.296.5100","SLNG":-81.49867,"SLAT":28.50271},"geometry":{"type":"Polygon","coordinates":[[[-81.50782,28.52096],[-81.48377,28.50294],[-81.48383,28.50407],[-81.48414,28.50513],[-81.48589,28.50828],[-81.48608,28.51193],[-81.48135,28.51198],[-81.48122,28.51077],[-81.48046,28.51078],[-81.48018,28.5106],[-81.47968,28.51079],[-81.47964,28.50835],[-81.47756,28.50837],[-81.47514,28.50909],[-81.47333,28.50911],[-81.47327,28.50947],[-81.47259,28.50938],[-81.47143,28.51014],[-81.47058,28.51023],[-81.46938,28.5081],[-81.4686,28.50775],[-81.46752,28.5082],[-81.46797,28.50919],[-81.46825,28.50925],[-81.46759,28.5109],[-81.46679,28.51134],[-81.46386,28.51146],[-81.46332,28.51172],[-81.46292,28.51132],[-81.4618,28.51209],[-81.46087,28.51198],[-81.45971,28.51063],[-81.45905,28.5105],[-81.45895,28.49392],[-81.46646,28.49367],[-81.50855,28.49361],[-81.50848,28.49693],[-81.50762,28.50154],[-81.5085,28.50638],[-81.50864,28.51925],[-81.50841,28.52015],[-81.50782,28.52096]]]}},{"type":"Feature","properties":{"SCHOOL":"WEDGEFIELD SCHOOL","TYPE":"K8","ADDR":"3835 Bancroft Blvd, Orlando 32833","WEB":"https://wedgefieldk8.ocps.net/","PHONE":"321.413.2998","SLNG":-81.07429,"SLAT":28.49047},"geometry":{"type":"Polygon","coordinates":[[[-80.93279,28.54371],[-80.93207,28.5429],[-80.93222,28.54205],[-80.93288,28.54124],[-80.93423,28.54048],[-80.93488,28.54057],[-80.93527,28.5414],[-80.93581,28.54177],[-80.93896,28.54203],[-80.93919,28.5418],[-80.93963,28.5407],[-80.93895,28.53946],[-80.93903,28.53734],[-80.9395,28.53577],[-80.93929,28.53502],[-80.93866,28.53473],[-80.93778,28.53469],[-80.9372,28.53643],[-80.93678,28.53674],[-80.93624,28.53678],[-80.93579,28.53661],[-80.93556,28.5363],[-80.93542,28.53452],[-80.93522,28.53411],[-80.93465,28.5336],[-80.93405,28.53341],[-80.93364,28.53336],[-80.93285,28.53383],[-80.93253,28.53516],[-80.93219,28.53548],[-80.93155,28.53521],[-80.92905,28.53312],[-80.92855,28.5329],[-80.92725,28.53279],[-80.92481,28.53321],[-80.92336,28.53273],[-80.92105,28.52882],[-80.92104,28.52646],[-80.92062,28.5252],[-80.91955,28.52421],[-80.91744,28.52296],[-80.91629,28.52278],[-80.9152,28.52333],[-80.91302,28.52383],[-80.91205,28.52473],[-80.91139,28.52457],[-80.91054,28.5233],[-80.91097,28.52292],[-80.9125,28.52318],[-80.91245,28.52258],[-80.91197,28.52163],[-80.91101,28.52127],[-80.91046,28.52184],[-80.91006,28.52191],[-80.90724,28.52055],[-80.90682,28.51997],[-80.90795,28.51799],[-80.90697,28.51784],[-80.90603,28.51804],[-80.9057,28.51782],[-80.90543,28.51658],[-80.90553,28.51603],[-80.90595,28.51539],[-80.90688,28.51489],[-80.90715,28.51412],[-80.90671,28.51332],[-80.90559,28.51277],[-80.90659,28.51208],[-80.90661,28.51161],[-80.90518,28.5111],[-80.90445,28.51045],[-80.90415,28.51041],[-80.90384,28.51098],[-80.90335,28.51111],[-80.90196,28.51046],[-80.90151,28.51043],[-80.90008,28.51156],[-80.89899,28.50991],[-80.8984,28.50971],[-80.89731,28.50979],[-80.89592,28.50942],[-80.89476,28.51022],[-80.8935,28.51181],[-80.89271,28.51207],[-80.89149,28.51213],[-80.89054,28.51196],[-80.88572,28.51032],[-80.88497,28.50923],[-80.88451,28.50719],[-80.88413,28.50679],[-80.88329,28.5043],[-80.88299,28.50402],[-80.8813,28.50398],[-80.88101,28.50378],[-80.88091,28.50272],[-80.88027,28.50156],[-80.87985,28.50001],[-80.87989,28.4976],[-80.88025,28.497],[-80.88097,28.49665],[-80.88333,28.49616],[-80.88414,28.49555],[-80.88406,28.49487],[-80.88257,28.49149],[-80.88228,28.49115],[-80.88104,28.49134],[-80.88011,28.49102],[-80.87995,28.4907],[-80.88,28.48995],[-80.87795,28.48977],[-80.87585,28.49007],[-80.87522,28.48949],[-80.87526,28.4887],[-80.87571,28.4884],[-80.87731,28.48798],[-80.87809,28.48673],[-80.87768,28.48635],[-80.87647,28.48633],[-80.87557,28.48585],[-80.87527,28.48355],[-80.8733,28.48206],[-80.87336,28.48123],[-80.87381,28.48066],[-80.87391,28.48017],[-80.87314,28.47865],[-80.87362,28.47847],[-80.874,28.47798],[-80.87422,28.47737],[-80.87422,28.47627],[-80.87332,28.47527],[-80.87293,28.47422],[-80.87159,28.47252],[-80.87085,28.47189],[-80.87073,28.47125],[-80.87122,28.47071],[-80.87245,28.47116],[-80.87302,28.47103],[-80.8735,28.47024],[-80.87512,28.46885],[-80.87605,28.46908],[-80.87636,28.46942],[-80.8762,28.46973],[-80.87546,28.46999],[-80.87557,28.47074],[-80.87579,28.47086],[-80.87629,28.47081],[-80.87662,28.47045],[-80.87736,28.47041],[-80.87836,28.46992],[-80.87936,28.46969],[-80.8795,28.46949],[-80.87939,28.46861],[-80.87965,28.46832],[-80.88104,28.46842],[-80.88115,28.46879],[-80.88096,28.46958],[-80.88141,28.47031],[-80.88166,28.47038],[-80.88189,28.46982],[-80.88227,28.46961],[-80.88352,28.46977],[-80.8842,28.46955],[-80.88473,28.46873],[-80.88516,28.46872],[-80.88577,28.46904],[-80.88619,28.46965],[-80.88664,28.46961],[-80.88712,28.46861],[-80.88975,28.46649],[-80.8903,28.46644],[-80.89093,28.46688],[-80.89099,28.4676],[-80.89057,28.46819],[-80.89079,28.46839],[-80.8945,28.46704],[-80.89479,28.46607],[-80.89459,28.46532],[-80.89412,28.4646],[-80.89318,28.46504],[-80.89286,28.46498],[-80.89269,28.46456],[-80.89284,28.46403],[-80.89328,28.46341],[-80.8938,28.4632],[-80.89452,28.46309],[-80.89543,28.46366],[-80.89583,28.46321],[-80.89507,28.46249],[-80.89479,28.46196],[-80.89494,28.46039],[-80.89442,28.45985],[-80.8933,28.46002],[-80.89318,28.45971],[-80.89334,28.45904],[-80.89409,28.45802],[-80.8958,28.45796],[-80.89661,28.45661],[-80.89704,28.4567],[-80.89718,28.45763],[-80.89755,28.45777],[-80.89827,28.45625],[-80.89828,28.45541],[-80.89798,28.45475],[-80.89695,28.45467],[-80.89734,28.45325],[-80.89721,28.45247],[-80.89684,28.45193],[-80.89585,28.45116],[-80.89501,28.45114],[-80.89388,28.45077],[-80.89265,28.4499],[-80.89121,28.44796],[-80.89016,28.44598],[-80.8901,28.44542],[-80.89101,28.44469],[-80.89154,28.44454],[-80.89273,28.44461],[-80.89387,28.44388],[-80.89397,28.44275],[-80.89306,28.44176],[-80.89318,28.44147],[-80.89404,28.44097],[-80.89417,28.43988],[-80.89465,28.4389],[-80.89447,28.43834],[-80.8938,28.43773],[-80.89399,28.43734],[-80.89543,28.43625],[-80.89581,28.43552],[-80.89663,28.43562],[-80.89886,28.4348],[-80.89939,28.43331],[-80.89998,28.43333],[-80.90066,28.43362],[-80.90126,28.43341],[-80.90101,28.43238],[-80.90013,28.43116],[-80.89901,28.43076],[-80.89886,28.43099],[-80.89895,28.43166],[-80.89873,28.4319],[-80.89816,28.43133],[-80.89781,28.42962],[-80.89672,28.42769],[-80.89688,28.426],[-80.89769,28.42597],[-80.89867,28.42638],[-80.89888,28.42607],[-80.89816,28.4251],[-80.89739,28.42491],[-80.89666,28.42515],[-80.89629,28.42467],[-80.89645,28.42398],[-80.89699,28.42346],[-80.89704,28.42319],[-80.89678,28.42288],[-80.89632,28.42281],[-80.89572,28.42221],[-80.89549,28.42155],[-80.89569,28.42038],[-80.89551,28.41954],[-80.89387,28.41864],[-80.89258,28.41865],[-80.89225,28.41847],[-80.89164,28.41651],[-80.89107,28.41605],[-80.88999,28.41573],[-80.8884,28.41589],[-80.88797,28.41568],[-80.88784,28.41522],[-80.88837,28.41377],[-80.88798,28.4128],[-80.88492,28.41084],[-80.88471,28.40999],[-80.88499,28.40921],[-80.88489,28.40886],[-80.88442,28.40856],[-80.88322,28.40831],[-80.88286,28.40783],[-80.88271,28.40685],[-80.883,28.40622],[-80.88361,28.40602],[-80.88491,28.40632],[-80.88523,28.40536],[-80.88647,28.40424],[-80.8864,28.40383],[-80.88551,28.40262],[-80.88545,28.40225],[-80.88568,28.40095],[-80.88591,28.40049],[-80.88656,28.39998],[-80.8866,28.39963],[-80.88595,28.39889],[-80.8848,28.39846],[-80.88451,28.39813],[-80.88423,28.39686],[-80.88435,28.39604],[-80.88476,28.39564],[-80.88531,28.39557],[-80.88575,28.39583],[-80.88627,28.39659],[-80.88663,28.39663],[-80.88691,28.39628],[-80.88714,28.39409],[-80.88801,28.39327],[-80.88939,28.39322],[-80.8896,28.39301],[-80.88958,28.39232],[-80.88902,28.39066],[-80.88813,28.38925],[-80.88788,28.38847],[-80.88789,28.38755],[-80.88846,28.38604],[-80.88845,28.38548],[-80.88814,28.38523],[-80.88648,28.38504],[-80.88539,28.38445],[-80.88422,28.38327],[-80.88253,28.38209],[-80.88195,28.38061],[-80.87986,28.38056],[-80.87933,28.37748],[-80.87958,28.37704],[-80.88186,28.37545],[-80.88196,28.37522],[-80.88188,28.3748],[-80.88154,28.37459],[-80.88055,28.37529],[-80.87999,28.37511],[-80.88029,28.37354],[-80.87981,28.37262],[-80.87803,28.37208],[-80.87753,28.37224],[-80.87691,28.37307],[-80.87645,28.37336],[-80.87552,28.37341],[-80.87497,28.37324],[-80.875,28.3723],[-80.87466,28.37156],[-80.87324,28.37032],[-80.87265,28.36929],[-80.87235,28.36811],[-80.87242,28.36721],[-80.87378,28.36422],[-80.87389,28.36158],[-80.8733,28.35998],[-80.87057,28.35572],[-80.8706,28.34759],[-80.9616,28.34764],[-81.09462,28.34822],[-81.09494,28.42058],[-81.09516,28.42062],[-81.09507,28.45166],[-81.12639,28.45148],[-81.1611,28.4517],[-81.16122,28.50318],[-81.16019,28.5042],[-81.1592,28.5034],[-81.15865,28.50262],[-81.15834,28.50142],[-81.15833,28.49723],[-81.14309,28.49727],[-81.14308,28.49658],[-81.1341,28.49659],[-81.1352,28.49737],[-81.13645,28.50325],[-81.13896,28.50702],[-81.13803,28.51425],[-81.13429,28.51773],[-81.13065,28.52275],[-81.13054,28.52515],[-81.07146,28.52532],[-81.0778,28.53338],[-81.07855,28.53489],[-81.07937,28.5374],[-81.07569,28.53638],[-81.07245,28.53606],[-81.04554,28.53618],[-81.03363,28.53545],[-81.01782,28.53667],[-81.01225,28.53672],[-81.01214,28.54035],[-80.97166,28.54074],[-80.97163,28.53892],[-80.96509,28.54022],[-80.94636,28.54202],[-80.93958,28.54357],[-80.93279,28.54371]]]}},{"type":"Feature","properties":{"SCHOOL":"BLANKNER SCHOOL","TYPE":"K8","ADDR":"2500 S Mills Ave, Orlando 32806","WEB":"https://blanknerk8.ocps.net","PHONE":"407.245.1720","SLNG":-81.36401,"SLAT":28.514},"geometry":{"type":"Polygon","coordinates":[[[-81.38664,28.51823],[-81.38621,28.52032],[-81.38617,28.52989],[-81.38569,28.53133],[-81.38316,28.53524],[-81.37959,28.53543],[-81.37531,28.53675],[-81.37368,28.53708],[-81.36424,28.53727],[-81.3641,28.52814],[-81.3636,28.52815],[-81.36231,28.5277],[-81.36127,28.52709],[-81.36104,28.52727],[-81.36076,28.52698],[-81.36073,28.52665],[-81.36052,28.52673],[-81.36025,28.52658],[-81.36033,28.52639],[-81.36004,28.52629],[-81.35982,28.52548],[-81.35982,28.50888],[-81.36496,28.50667],[-81.36597,28.50666],[-81.366,28.50939],[-81.36806,28.50937],[-81.36801,28.50396],[-81.36904,28.5039],[-81.36904,28.50296],[-81.36852,28.50296],[-81.36851,28.50207],[-81.37212,28.50203],[-81.37211,28.5002],[-81.37289,28.50019],[-81.37288,28.49837],[-81.37595,28.49834],[-81.37618,28.49955],[-81.37629,28.50311],[-81.37636,28.51658],[-81.38658,28.51652],[-81.38664,28.51823]]]}},{"type":"Feature","properties":{"SCHOOL":"OCPS ACE","TYPE":"PS8","ADDR":"701 W Livingston St, Orlando 32805","WEB":"https://ocpsace.ocps.net","PHONE":"407.866.1280","SLNG":-81.39174,"SLAT":28.54915},"geometry":{"type":"Polygon","coordinates":[[[-81.38238,28.55309],[-81.38263,28.5502],[-81.38221,28.53895],[-81.38191,28.53857],[-81.38218,28.53741],[-81.38309,28.53533],[-81.38569,28.53133],[-81.3861,28.5302],[-81.38626,28.52911],[-81.38621,28.52061],[-81.39251,28.52055],[-81.39251,28.52037],[-81.39282,28.52037],[-81.39282,28.52055],[-81.39631,28.52051],[-81.39631,28.52014],[-81.39707,28.52013],[-81.39738,28.54952],[-81.39724,28.55024],[-81.39603,28.55181],[-81.39564,28.55295],[-81.38238,28.55309]]]}},{"type":"Feature","properties":{"SCHOOL":"AUDUBON PARK SCHOOL","TYPE":"K8","ADDR":"1500 Falcon Dr, Orlando 32803","WEB":"https://audubonparkk8.ocps.net","PHONE":"407.317.5829","SLNG":-81.34713,"SLAT":28.56608},"geometry":{"type":"Polygon","coordinates":[[[-81.37282,28.57135],[-81.36901,28.57177],[-81.36809,28.57151],[-81.36596,28.57041],[-81.36446,28.57032],[-81.36438,28.5802],[-81.36488,28.58264],[-81.36513,28.60038],[-81.34719,28.60053],[-81.34679,28.59873],[-81.34661,28.59874],[-81.34666,28.59771],[-81.3458,28.59741],[-81.34469,28.59753],[-81.34349,28.5973],[-81.34275,28.59667],[-81.34225,28.59663],[-81.34232,28.59568],[-81.34513,28.5956],[-81.34572,28.59532],[-81.34444,28.59377],[-81.34433,28.58604],[-81.3402,28.58608],[-81.34016,28.58367],[-81.33964,28.58341],[-81.33963,28.58278],[-81.33907,28.58278],[-81.33852,28.58253],[-81.33849,28.58079],[-81.34025,28.58077],[-81.34022,28.5788],[-81.33993,28.5788],[-81.33978,28.56788],[-81.33478,28.56789],[-81.33377,28.56805],[-81.33343,28.55345],[-81.36031,28.55311],[-81.37687,28.55313],[-81.37693,28.55955],[-81.37352,28.56165],[-81.37296,28.56293],[-81.37269,28.566],[-81.37282,28.57135]]]}},{"type":"Feature","properties":{"SCHOOL":"KELLY PARK SCHOOL","TYPE":"K8","ADDR":"4700 Jason Dwelley Pkwy, Apopka 32712","WEB":"https://kellyparkschoolk8.ocps.net","PHONE":"407.410.5900","SLNG":-81.54321,"SLAT":28.75249},"geometry":{"type":"Polygon","coordinates":[[[-81.57297,28.78596],[-81.53324,28.78608],[-81.53314,28.78447],[-81.53274,28.78413],[-81.53192,28.78394],[-81.53192,28.77912],[-81.52742,28.77926],[-81.52655,28.77732],[-81.52619,28.77443],[-81.52479,28.7721],[-81.52572,28.7721],[-81.52566,28.76104],[-81.52144,28.76103],[-81.52142,28.75919],[-81.51936,28.75919],[-81.51935,28.75828],[-81.51888,28.75828],[-81.51888,28.75804],[-81.51777,28.75804],[-81.51733,28.75732],[-81.51722,28.75011],[-81.51313,28.75012],[-81.51313,28.74829],[-81.50903,28.74829],[-81.50902,28.7319],[-81.51314,28.73188],[-81.51315,28.7355],[-81.52142,28.73553],[-81.5214,28.72822],[-81.52503,28.72824],[-81.52504,28.73187],[-81.52764,28.73186],[-81.52764,28.7337],[-81.52973,28.73369],[-81.52974,28.73553],[-81.53183,28.73553],[-81.53187,28.73369],[-81.5339,28.73368],[-81.53391,28.73553],[-81.53545,28.73619],[-81.53667,28.73736],[-81.53668,28.73812],[-81.53918,28.74008],[-81.54101,28.74044],[-81.54198,28.74131],[-81.54198,28.74266],[-81.55055,28.74273],[-81.55042,28.739],[-81.55983,28.73843],[-81.56804,28.73834],[-81.56809,28.74569],[-81.56682,28.74572],[-81.56703,28.76412],[-81.56667,28.76606],[-81.56527,28.77027],[-81.56511,28.77281],[-81.56558,28.77505],[-81.56702,28.77964],[-81.56785,28.78144],[-81.56882,28.78281],[-81.57001,28.78403],[-81.57137,28.78507],[-81.57297,28.78596]]]}},{"type":"Feature","properties":{"SCHOOL":"BRIDGEWATER","TYPE":"MS","ADDR":"5600 Tiny Rd, Winter Garden 34787","WEB":"https://bridgewaterms.ocps.net","PHONE":"407.905.3710","SLNG":-81.61379,"SLAT":28.48023},"geometry":{"type":"Polygon","coordinates":[[[-81.54904,28.51924],[-81.54903,28.51882],[-81.54575,28.51887],[-81.54573,28.51797],[-81.54152,28.51804],[-81.54286,28.51148],[-81.55196,28.51157],[-81.55194,28.50619],[-81.55821,28.50619],[-81.55821,28.5047],[-81.55988,28.50417],[-81.56099,28.50411],[-81.55907,28.49929],[-81.55935,28.49958],[-81.55919,28.49925],[-81.55953,28.49933],[-81.56024,28.49911],[-81.56175,28.49923],[-81.56207,28.49891],[-81.56275,28.49885],[-81.56384,28.49836],[-81.56661,28.49686],[-81.56662,28.49732],[-81.5679,28.49803],[-81.56884,28.49752],[-81.56965,28.49755],[-81.56965,28.4969],[-81.5686,28.49663],[-81.56793,28.49543],[-81.56701,28.49472],[-81.56673,28.49472],[-81.56635,28.49428],[-81.56584,28.49301],[-81.56557,28.49294],[-81.566,28.49234],[-81.56459,28.49249],[-81.5643,28.49233],[-81.56315,28.49238],[-81.56382,28.49134],[-81.56435,28.49098],[-81.56472,28.48965],[-81.56608,28.4897],[-81.56708,28.48905],[-81.56749,28.48809],[-81.56748,28.48698],[-81.56723,28.48627],[-81.56627,28.48547],[-81.5654,28.48525],[-81.5648,28.48556],[-81.56352,28.48467],[-81.56212,28.48327],[-81.56121,28.48149],[-81.56157,28.47974],[-81.56143,28.47904],[-81.5611,28.47861],[-81.55794,28.47862],[-81.55795,28.47728],[-81.55753,28.47708],[-81.55746,28.47653],[-81.55724,28.47659],[-81.55772,28.47632],[-81.55795,28.47588],[-81.55796,28.47141],[-81.55746,28.47083],[-81.55471,28.46956],[-81.55408,28.46948],[-81.55342,28.46969],[-81.55249,28.47074],[-81.55241,28.47128],[-81.55264,28.47182],[-81.55383,28.47262],[-81.55377,28.47282],[-81.55086,28.4741],[-81.55006,28.47423],[-81.55015,28.47394],[-81.54997,28.47373],[-81.54947,28.4737],[-81.54891,28.47396],[-81.54843,28.47457],[-81.54806,28.47465],[-81.54832,28.47526],[-81.54899,28.47527],[-81.54809,28.47636],[-81.54733,28.47683],[-81.54667,28.47692],[-81.54592,28.4776],[-81.54497,28.47798],[-81.54395,28.47869],[-81.54399,28.47897],[-81.54371,28.47897],[-81.54313,28.4782],[-81.54281,28.47852],[-81.54154,28.47891],[-81.53929,28.47679],[-81.53866,28.47465],[-81.53529,28.47419],[-81.53439,28.47351],[-81.5344,28.47328],[-81.5278,28.4718],[-81.52769,28.46975],[-81.52717,28.46889],[-81.52631,28.46825],[-81.52749,28.46613],[-81.52741,28.4646],[-81.52908,28.46162],[-81.5281,28.46153],[-81.52757,28.46111],[-81.52756,28.46048],[-81.52686,28.4593],[-81.52639,28.45888],[-81.52538,28.45536],[-81.52576,28.45491],[-81.52666,28.4546],[-81.52856,28.45453],[-81.53108,28.45378],[-81.5315,28.45377],[-81.53252,28.45419],[-81.5333,28.45411],[-81.53567,28.4499],[-81.53428,28.44841],[-81.53316,28.44768],[-81.53284,28.4472],[-81.5329,28.44659],[-81.53174,28.44563],[-81.53136,28.44482],[-81.53132,28.44404],[-81.5309,28.44327],[-81.53113,28.44223],[-81.53092,28.44176],[-81.53113,28.44154],[-81.53105,28.44119],[-81.53631,28.43761],[-81.54295,28.44126],[-81.54512,28.44226],[-81.55385,28.44501],[-81.55374,28.45711],[-81.55583,28.45709],[-81.55582,28.45891],[-81.55372,28.45893],[-81.5537,28.46063],[-81.55305,28.46063],[-81.55305,28.46092],[-81.54948,28.46094],[-81.5494,28.46448],[-81.56145,28.46427],[-81.56131,28.46781],[-81.56621,28.46771],[-81.56622,28.47043],[-81.56747,28.47043],[-81.56747,28.47133],[-81.57452,28.47129],[-81.57451,28.47038],[-81.5786,28.46755],[-81.57857,28.46398],[-81.58278,28.46395],[-81.58277,28.46032],[-81.58679,28.46029],[-81.58678,28.45906],[-81.59581,28.45912],[-81.59625,28.45781],[-81.59617,28.45659],[-81.63631,28.45616],[-81.63638,28.45778],[-81.63671,28.4589],[-81.63324,28.46268],[-81.63229,28.4644],[-81.63171,28.46622],[-81.63151,28.46798],[-81.63159,28.47856],[-81.63126,28.48043],[-81.63056,28.48223],[-81.62938,28.48402],[-81.61008,28.50739],[-81.60494,28.50736],[-81.60219,28.50405],[-81.60183,28.50387],[-81.59837,28.50571],[-81.58706,28.50579],[-81.58705,28.50026],[-81.57464,28.5005],[-81.57465,28.50308],[-81.57433,28.50374],[-81.57363,28.50405],[-81.57086,28.50408],[-81.57056,28.50436],[-81.57063,28.51865],[-81.56474,28.51864],[-81.56472,28.51511],[-81.56216,28.51584],[-81.56102,28.51661],[-81.55739,28.51644],[-81.5575,28.51751],[-81.55737,28.51844],[-81.55411,28.51847],[-81.55411,28.51875],[-81.55133,28.51879],[-81.55134,28.5192],[-81.54904,28.51924]]]}},{"type":"Feature","properties":{"SCHOOL":"LIBERTY","TYPE":"MS","ADDR":"3405 S Chickasaw Trl, Orlando 32829","WEB":"https://libertyms.ocps.net","PHONE":"407.296.5120","SLNG":-81.26663,"SLAT":28.50312},"geometry":{"type":"Polygon","coordinates":[[[-81.24741,28.53934],[-81.24724,28.53566],[-81.24511,28.53564],[-81.24489,28.53202],[-81.2438,28.53203],[-81.2442,28.52476],[-81.2442,28.51875],[-81.24626,28.51875],[-81.24625,28.51739],[-81.24543,28.51739],[-81.24577,28.51708],[-81.24626,28.51491],[-81.24657,28.51471],[-81.2461,28.51375],[-81.24521,28.51374],[-81.24522,28.51218],[-81.24436,28.51055],[-81.24392,28.51055],[-81.24392,28.51034],[-81.24393,28.51009],[-81.24791,28.51009],[-81.24438,28.50243],[-81.24373,28.5005],[-81.24333,28.49814],[-81.24331,28.49398],[-81.24299,28.49155],[-81.26071,28.49149],[-81.26071,28.49175],[-81.26906,28.49175],[-81.26906,28.48841],[-81.27186,28.48811],[-81.2731,28.48839],[-81.2731,28.48811],[-81.28113,28.48808],[-81.28107,28.48836],[-81.28538,28.48835],[-81.28543,28.48369],[-81.2859,28.48216],[-81.28669,28.48076],[-81.28947,28.48074],[-81.28947,28.48028],[-81.29162,28.48072],[-81.3101,28.48062],[-81.31025,28.50257],[-81.30611,28.50259],[-81.30608,28.49894],[-81.28613,28.49899],[-81.28613,28.49979],[-81.28957,28.49977],[-81.2896,28.5063],[-81.2908,28.5102],[-81.29195,28.51064],[-81.29196,28.5124],[-81.29377,28.51371],[-81.29379,28.51503],[-81.28972,28.51505],[-81.28971,28.5171],[-81.28917,28.51865],[-81.28819,28.51992],[-81.28625,28.5215],[-81.28567,28.52253],[-81.28577,28.53916],[-81.24741,28.53934]]]}},{"type":"Feature","properties":{"SCHOOL":"DISCOVERY","TYPE":"MS","ADDR":"601 Woodbury Rd, Orlando 32828","WEB":"https://discoveryms.ocps.net","PHONE":"407.384.1555","SLNG":-81.19251,"SLAT":28.54156},"geometry":{"type":"Polygon","coordinates":[[[-81.19147,28.56533],[-81.16988,28.56539],[-81.16962,28.55503],[-81.1693,28.5545],[-81.16897,28.55299],[-81.16984,28.55253],[-81.17042,28.55171],[-81.16976,28.55171],[-81.16974,28.54706],[-81.17078,28.54706],[-81.17076,28.54339],[-81.16972,28.54339],[-81.16967,28.53605],[-81.1655,28.53605],[-81.16552,28.53971],[-81.16135,28.5397],[-81.16128,28.52508],[-81.18992,28.52496],[-81.18992,28.52243],[-81.18636,28.51459],[-81.19447,28.51452],[-81.19449,28.52465],[-81.20082,28.52484],[-81.20242,28.52535],[-81.20383,28.5263],[-81.20503,28.528],[-81.20787,28.53725],[-81.20782,28.53849],[-81.20745,28.53963],[-81.20452,28.54349],[-81.20398,28.54458],[-81.20381,28.54575],[-81.20383,28.54965],[-81.20403,28.55069],[-81.20436,28.55154],[-81.20659,28.55484],[-81.207,28.5562],[-81.20723,28.56351],[-81.20767,28.56687],[-81.19542,28.56548],[-81.19147,28.56533]]]}},{"type":"Feature","properties":{"SCHOOL":"MEADOW WOODS","TYPE":"MS","ADDR":"1800 Rhode Island Wood Cir, Orlando 32824","WEB":"https://meadowwoodsms.ocps.net","PHONE":"407.296.5130","SLNG":-81.34471,"SLAT":28.37129},"geometry":{"type":"Polygon","coordinates":[[[-81.37051,28.37937],[-81.36866,28.37868],[-81.36628,28.37729],[-81.36258,28.37703],[-81.36149,28.37781],[-81.34244,28.37768],[-81.34253,28.36467],[-81.34357,28.36421],[-81.34476,28.36338],[-81.34486,28.36308],[-81.34452,28.36201],[-81.34462,28.36067],[-81.34367,28.36059],[-81.34256,28.36093],[-81.34257,28.35919],[-81.34402,28.35897],[-81.34428,28.35852],[-81.34384,28.3579],[-81.34302,28.35775],[-81.3433,28.35675],[-81.34351,28.35665],[-81.34302,28.35622],[-81.34351,28.35585],[-81.34351,28.35494],[-81.34371,28.35493],[-81.34327,28.35478],[-81.34327,28.35061],[-81.34264,28.35041],[-81.34266,28.34802],[-81.40407,28.34795],[-81.40444,28.35377],[-81.40449,28.37263],[-81.39648,28.36955],[-81.39237,28.3685],[-81.38841,28.3681],[-81.38164,28.36819],[-81.37781,28.37275],[-81.37685,28.37775],[-81.37304,28.37774],[-81.37309,28.37843],[-81.37051,28.37937]]]}},{"type":"Feature","properties":{"SCHOOL":"MAITLAND","TYPE":"MS","ADDR":"701 Thistle Ln, Maitland 32751","WEB":"https://maitlandms.ocps.net","PHONE":"407.850.5180","SLNG":-81.34405,"SLAT":28.63435},"geometry":{"type":"Polygon","coordinates":[[[-81.34233,28.59567],[-81.34225,28.59656],[-81.3424,28.59653],[-81.34238,28.59673],[-81.34275,28.59667],[-81.34346,28.59729],[-81.34469,28.59753],[-81.3458,28.59741],[-81.34671,28.59775],[-81.34659,28.59886],[-81.34701,28.6005],[-81.36513,28.60038],[-81.36535,28.61176],[-81.36725,28.61174],[-81.36718,28.61147],[-81.368,28.61147],[-81.36792,28.61173],[-81.36902,28.61172],[-81.36905,28.61004],[-81.37469,28.60996],[-81.37467,28.61168],[-81.38486,28.61154],[-81.38489,28.61092],[-81.38659,28.61101],[-81.38667,28.62634],[-81.38689,28.62815],[-81.38776,28.63181],[-81.38752,28.63554],[-81.38788,28.64024],[-81.36166,28.64042],[-81.36164,28.63933],[-81.32848,28.63963],[-81.32787,28.61051],[-81.24889,28.6116],[-81.2489,28.61227],[-81.24807,28.61172],[-81.24663,28.61186],[-81.24623,28.61206],[-81.24621,28.6119],[-81.24481,28.61189],[-81.24462,28.60958],[-81.2434,28.60765],[-81.24305,28.6064],[-81.24294,28.60363],[-81.2444,28.60157],[-81.24475,28.60067],[-81.24468,28.59748],[-81.25427,28.59723],[-81.26267,28.59745],[-81.27049,28.59992],[-81.27208,28.60014],[-81.27418,28.59979],[-81.27743,28.59807],[-81.2794,28.59753],[-81.29898,28.59745],[-81.29914,28.60638],[-81.32396,28.6006],[-81.33895,28.60024],[-81.33933,28.59986],[-81.33928,28.59785],[-81.33946,28.59736],[-81.34233,28.59567]]]}},{"type":"Feature","properties":{"SCHOOL":"WESTRIDGE","TYPE":"MS","ADDR":"3800 W Oak Ridge Rd, Orlando 32809","WEB":"https://westridgems.ocps.net","PHONE":"407.354.2640","SLNG":-81.42105,"SLAT":28.47104},"geometry":{"type":"MultiPolygon","coordinates":[[[[-81.42719,28.48681],[-81.40807,28.48691],[-81.40711,28.48647],[-81.40598,28.4856],[-81.4061,28.48544],[-81.40506,28.48498],[-81.40504,28.48297],[-81.40272,28.48313],[-81.40281,28.4834],[-81.4007,28.48352],[-81.40071,28.48428],[-81.40039,28.48421],[-81.40039,28.48284],[-81.39969,28.48285],[-81.39969,28.4825],[-81.39883,28.48252],[-81.39884,28.48406],[-81.39676,28.48408],[-81.39666,28.47257],[-81.40081,28.47254],[-81.40079,28.46481],[-81.40162,28.4632],[-81.40239,28.46248],[-81.40164,28.462],[-81.39969,28.46166],[-81.40079,28.45777],[-81.39903,28.45739],[-81.39929,28.45641],[-81.40899,28.45629],[-81.40896,28.45046],[-81.42102,28.45041],[-81.41125,28.43605],[-81.4088,28.43331],[-81.41182,28.43209],[-81.41447,28.43039],[-81.41685,28.42805],[-81.41903,28.42485],[-81.42009,28.42367],[-81.42191,28.42237],[-81.42405,28.42155],[-81.42643,28.42124],[-81.46837,28.42085],[-81.47086,28.42036],[-81.47275,28.41938],[-81.47369,28.4181],[-81.47421,28.41595],[-81.47436,28.44998],[-81.46566,28.4501],[-81.46444,28.44997],[-81.4519,28.45003],[-81.4503,28.44987],[-81.44201,28.45],[-81.44213,28.46119],[-81.45627,28.46116],[-81.45628,28.46234],[-81.45866,28.46235],[-81.45852,28.46462],[-81.45863,28.47133],[-81.43846,28.48777],[-81.43658,28.48964],[-81.43334,28.49336],[-81.43033,28.49145],[-81.42977,28.49059],[-81.42859,28.48761],[-81.42796,28.4871],[-81.42719,28.48681]]],[[[-81.39676,28.48445],[-81.39676,28.48444],[-81.39677,28.48445],[-81.39676,28.48445]]]]}},{"type":"Feature","properties":{"SCHOOL":"LEGACY","TYPE":"MS","ADDR":"11398 Lake Underhill Rd, Orlando 32825","WEB":"https://legacyms.ocps.net","PHONE":"407.249.6440","SLNG":-81.21877,"SLAT":28.54482},"geometry":{"type":"Polygon","coordinates":[[[-81.22441,28.59761],[-81.22433,28.5832],[-81.22396,28.56875],[-81.20767,28.56687],[-81.20723,28.56351],[-81.207,28.5562],[-81.20659,28.55484],[-81.20436,28.55154],[-81.20403,28.55069],[-81.20383,28.54965],[-81.20381,28.54575],[-81.20398,28.54458],[-81.20452,28.54349],[-81.20745,28.53963],[-81.20782,28.53849],[-81.20789,28.53738],[-81.20511,28.52824],[-81.20455,28.52713],[-81.20322,28.52581],[-81.20127,28.52494],[-81.19975,28.52474],[-81.19449,28.52465],[-81.19447,28.51452],[-81.18636,28.51459],[-81.18561,28.51318],[-81.18456,28.51211],[-81.18321,28.51136],[-81.18173,28.51097],[-81.17117,28.51094],[-81.16956,28.51069],[-81.16787,28.50987],[-81.16019,28.5042],[-81.16122,28.50318],[-81.16116,28.46661],[-81.18625,28.46654],[-81.18624,28.47384],[-81.22764,28.47365],[-81.2276,28.48198],[-81.22737,28.48198],[-81.22879,28.4835],[-81.22931,28.48458],[-81.23175,28.48457],[-81.23174,28.48821],[-81.23085,28.48822],[-81.2312,28.48961],[-81.24237,28.48955],[-81.24319,28.49256],[-81.24332,28.49794],[-81.24379,28.50073],[-81.24438,28.50243],[-81.24791,28.51009],[-81.24393,28.51009],[-81.24392,28.51055],[-81.24436,28.51055],[-81.24522,28.51218],[-81.24521,28.51374],[-81.2461,28.51375],[-81.24657,28.51471],[-81.24626,28.51491],[-81.24577,28.51708],[-81.24543,28.51739],[-81.24625,28.51739],[-81.24626,28.51875],[-81.2442,28.51875],[-81.2442,28.52476],[-81.2438,28.53202],[-81.24489,28.53202],[-81.24511,28.53564],[-81.24724,28.53566],[-81.24741,28.53934],[-81.25138,28.53931],[-81.2524,28.54172],[-81.25375,28.54343],[-81.26658,28.55528],[-81.26789,28.55705],[-81.26831,28.55841],[-81.26831,28.55992],[-81.26618,28.56838],[-81.25354,28.56834],[-81.25035,28.56863],[-81.25041,28.572],[-81.25104,28.57201],[-81.25101,28.57351],[-81.2507,28.57478],[-81.24913,28.57658],[-81.24638,28.57799],[-81.24502,28.57826],[-81.24513,28.59004],[-81.24468,28.59748],[-81.22441,28.59761]]]}},{"type":"Feature","properties":{"SCHOOL":"TIMBER SPRINGS","TYPE":"MS","ADDR":"16001 Timber Park Lane, Orlando 32828","WEB":"https://timberspringses.ocps.net","PHONE":"321.413.2201","SLNG":-81.13788,"SLAT":28.53423},"geometry":{"type":"Polygon","coordinates":[[[-81.1283,28.52515],[-81.16128,28.52508],[-81.16135,28.5397],[-81.16552,28.53971],[-81.1655,28.53605],[-81.16967,28.53605],[-81.16972,28.54339],[-81.17076,28.54339],[-81.17078,28.54706],[-81.16974,28.54706],[-81.16976,28.55171],[-81.17042,28.55171],[-81.16984,28.55253],[-81.16897,28.55299],[-81.1693,28.5545],[-81.16962,28.55503],[-81.16988,28.56539],[-81.14811,28.56531],[-81.14727,28.56433],[-81.14838,28.56358],[-81.15169,28.56371],[-81.1531,28.56177],[-81.15154,28.5618],[-81.15156,28.56062],[-81.15021,28.56107],[-81.15018,28.55889],[-81.14794,28.55889],[-81.1479,28.55449],[-81.14487,28.55448],[-81.14497,28.55265],[-81.14227,28.55266],[-81.14226,28.55084],[-81.1326,28.55087],[-81.13259,28.54721],[-81.12853,28.54723],[-81.12833,28.54352],[-81.12442,28.54354],[-81.12422,28.5399],[-81.12416,28.53069],[-81.12817,28.5307],[-81.1283,28.52515]]]}},{"type":"Feature","properties":{"SCHOOL":"SOUTHWEST","TYPE":"MS","ADDR":"6450 Dr Phillips Blvd, Orlando 32819","WEB":"https://southwestms.ocps.net","PHONE":"407.249.6430","SLNG":-81.49373,"SLAT":28.46905},"geometry":{"type":"Polygon","coordinates":[[[-81.53105,28.44119],[-81.53113,28.44154],[-81.53093,28.44173],[-81.53114,28.44208],[-81.5309,28.44327],[-81.53133,28.44409],[-81.53136,28.44484],[-81.53175,28.44565],[-81.5329,28.44659],[-81.53284,28.4472],[-81.53316,28.44768],[-81.53428,28.44841],[-81.53567,28.4499],[-81.5333,28.45411],[-81.53252,28.45419],[-81.5315,28.45377],[-81.53108,28.45378],[-81.52856,28.45453],[-81.52666,28.4546],[-81.5255,28.45508],[-81.52539,28.45556],[-81.52639,28.45888],[-81.52686,28.4593],[-81.52756,28.46048],[-81.52757,28.46111],[-81.5281,28.46153],[-81.52908,28.46162],[-81.52741,28.4646],[-81.52749,28.46613],[-81.52631,28.46825],[-81.52611,28.46829],[-81.52608,28.46859],[-81.52564,28.46898],[-81.52417,28.4694],[-81.52302,28.46946],[-81.5224,28.46921],[-81.52219,28.46933],[-81.52162,28.46782],[-81.51776,28.4655],[-81.51534,28.46767],[-81.51665,28.46871],[-81.51537,28.47096],[-81.5132,28.47171],[-81.5132,28.47247],[-81.51166,28.47415],[-81.51024,28.47511],[-81.51013,28.47576],[-81.50822,28.47565],[-81.50819,28.47539],[-81.48748,28.47547],[-81.48744,28.47177],[-81.4833,28.4718],[-81.48333,28.47918],[-81.47501,28.47916],[-81.4754,28.48026],[-81.46816,28.48264],[-81.45884,28.48289],[-81.459,28.50116],[-81.43057,28.50143],[-81.42996,28.50224],[-81.42995,28.50143],[-81.42627,28.50149],[-81.4367,28.4895],[-81.43887,28.48741],[-81.45863,28.47133],[-81.45852,28.46462],[-81.45866,28.46235],[-81.45628,28.46234],[-81.45627,28.46116],[-81.44213,28.46119],[-81.44201,28.45],[-81.4503,28.44987],[-81.4519,28.45003],[-81.46444,28.44997],[-81.46566,28.4501],[-81.47436,28.44998],[-81.47421,28.41399],[-81.47463,28.41175],[-81.4756,28.40994],[-81.52049,28.35982],[-81.53286,28.36456],[-81.53437,28.36538],[-81.5354,28.36657],[-81.53567,28.36709],[-81.53565,28.36779],[-81.53482,28.36963],[-81.53508,28.36964],[-81.53542,28.37093],[-81.53704,28.3744],[-81.53796,28.37742],[-81.53875,28.37879],[-81.53888,28.38108],[-81.5401,28.38371],[-81.53984,28.38576],[-81.53992,28.38668],[-81.54028,28.38751],[-81.54149,28.38922],[-81.54172,28.39068],[-81.53391,28.39069],[-81.53228,28.39094],[-81.53092,28.39156],[-81.52984,28.39244],[-81.52907,28.39356],[-81.52868,28.39472],[-81.52862,28.39856],[-81.53027,28.3986],[-81.53146,28.39901],[-81.53236,28.39983],[-81.53278,28.40087],[-81.53279,28.41143],[-81.53068,28.41143],[-81.53068,28.41323],[-81.52863,28.41323],[-81.52864,28.41511],[-81.52991,28.41511],[-81.53069,28.41531],[-81.53069,28.4169],[-81.53251,28.4169],[-81.53257,28.42061],[-81.53172,28.42061],[-81.53173,28.42243],[-81.52865,28.42243],[-81.52865,28.42061],[-81.52455,28.42062],[-81.52451,28.43536],[-81.52624,28.43535],[-81.52572,28.43761],[-81.52301,28.43747],[-81.5224,28.4378],[-81.52347,28.43877],[-81.5251,28.43866],[-81.52669,28.43898],[-81.52592,28.43953],[-81.52887,28.44273],[-81.53105,28.44119]]]}},{"type":"Feature","properties":{"SCHOOL":"ROBERTO CLEMENTE","TYPE":"MS","ADDR":"6000 Stonewall Jackson Rd, Orlando 32807","WEB":"https://jrobertoclementems.ocps.net","PHONE":"407.956.8300","SLNG":-81.3033,"SLAT":28.53089},"geometry":{"type":"Polygon","coordinates":[[[-81.2861,28.56832],[-81.26618,28.56838],[-81.26831,28.55992],[-81.26831,28.55841],[-81.26789,28.55705],[-81.26658,28.55528],[-81.25302,28.54265],[-81.25175,28.54045],[-81.25138,28.53931],[-81.28577,28.53916],[-81.28567,28.52253],[-81.28625,28.5215],[-81.28819,28.51992],[-81.28917,28.51865],[-81.28971,28.5171],[-81.28972,28.51505],[-81.29379,28.51503],[-81.29377,28.51371],[-81.29196,28.5124],[-81.29195,28.51064],[-81.2908,28.5102],[-81.2896,28.5063],[-81.28957,28.49977],[-81.28613,28.49979],[-81.28613,28.49899],[-81.30608,28.49894],[-81.30611,28.50259],[-81.31025,28.50257],[-81.31035,28.5146],[-81.31445,28.51457],[-81.31609,28.51478],[-81.31955,28.51482],[-81.32044,28.51517],[-81.32199,28.51631],[-81.32331,28.51659],[-81.32332,28.51701],[-81.32684,28.51699],[-81.32686,28.51881],[-81.33099,28.51878],[-81.33114,28.53158],[-81.33527,28.53154],[-81.33525,28.53063],[-81.33691,28.53061],[-81.33715,28.53152],[-81.33733,28.53152],[-81.33737,28.53471],[-81.33852,28.53478],[-81.34079,28.53545],[-81.34153,28.53628],[-81.34173,28.53837],[-81.34359,28.53837],[-81.34371,28.54602],[-81.34568,28.546],[-81.34552,28.54958],[-81.34474,28.55128],[-81.34472,28.55331],[-81.32392,28.55337],[-81.3189,28.55401],[-81.31574,28.55488],[-81.31229,28.55638],[-81.30953,28.55805],[-81.30293,28.56285],[-81.30101,28.56403],[-81.29768,28.56571],[-81.2941,28.56699],[-81.29029,28.56785],[-81.2861,28.56832]]]}},{"type":"Feature","properties":{"SCHOOL":"PIEDMONT LAKES","TYPE":"MS","ADDR":"2601 Lakeville Rd, Apopka 32703","WEB":"https://piedmontlakesms.ocps.net","PHONE":"407.296.5140","SLNG":-81.4783,"SLAT":28.63847},"geometry":{"type":"Polygon","coordinates":[[[-81.467,28.70952],[-81.45954,28.7094],[-81.45972,28.6402],[-81.45886,28.6402],[-81.45875,28.63958],[-81.45918,28.63909],[-81.45848,28.63858],[-81.45889,28.63814],[-81.45918,28.63835],[-81.45965,28.63835],[-81.45966,28.6358],[-81.45909,28.6358],[-81.45992,28.6326],[-81.45987,28.63068],[-81.46179,28.63071],[-81.46179,28.62934],[-81.45972,28.62931],[-81.45972,28.6276],[-81.45807,28.62761],[-81.45798,28.62564],[-81.45803,28.62546],[-81.46016,28.62547],[-81.46016,28.62513],[-81.46087,28.6244],[-81.46247,28.62441],[-81.46344,28.62524],[-81.46369,28.62524],[-81.46369,28.62558],[-81.46815,28.62567],[-81.46931,28.62596],[-81.47026,28.62578],[-81.47009,28.62578],[-81.47003,28.61442],[-81.46797,28.61442],[-81.46795,28.61102],[-81.4706,28.61243],[-81.47682,28.61379],[-81.48034,28.61376],[-81.48427,28.61404],[-81.48995,28.61346],[-81.49192,28.6124],[-81.49836,28.61249],[-81.49925,28.61574],[-81.49942,28.61701],[-81.49874,28.62192],[-81.54444,28.62163],[-81.54525,28.61795],[-81.54849,28.61793],[-81.5485,28.61985],[-81.55196,28.61983],[-81.55079,28.62083],[-81.54969,28.62473],[-81.55015,28.62477],[-81.5497,28.62484],[-81.55018,28.62513],[-81.54999,28.62541],[-81.55001,28.62633],[-81.54984,28.62669],[-81.55117,28.63302],[-81.55143,28.63312],[-81.55125,28.63342],[-81.55148,28.63451],[-81.55212,28.63545],[-81.55221,28.6359],[-81.55256,28.63605],[-81.55245,28.63629],[-81.5433,28.63633],[-81.54391,28.63803],[-81.54406,28.64],[-81.54237,28.64],[-81.54223,28.6398],[-81.54118,28.63944],[-81.5404,28.63961],[-81.53984,28.63949],[-81.5396,28.64011],[-81.52582,28.64026],[-81.52587,28.64256],[-81.52671,28.64464],[-81.52656,28.64522],[-81.52579,28.64624],[-81.52578,28.65473],[-81.52162,28.65468],[-81.52165,28.65653],[-81.5176,28.65648],[-81.51756,28.65463],[-81.51166,28.65481],[-81.49273,28.65479],[-81.49271,28.65845],[-81.49125,28.65845],[-81.4927,28.65944],[-81.49269,28.66211],[-81.48872,28.66209],[-81.48874,28.66393],[-81.49078,28.66394],[-81.4908,28.66802],[-81.49155,28.66802],[-81.49156,28.66851],[-81.49275,28.66851],[-81.49275,28.66942],[-81.49273,28.67126],[-81.49211,28.67126],[-81.4921,28.67167],[-81.49224,28.67167],[-81.49163,28.67179],[-81.49164,28.67126],[-81.49079,28.67126],[-81.49078,28.67218],[-81.49272,28.67218],[-81.49271,28.673],[-81.48872,28.67302],[-81.48867,28.68386],[-81.49459,28.68388],[-81.49456,28.68752],[-81.49686,28.68753],[-81.49567,28.68843],[-81.49753,28.68844],[-81.49752,28.68899],[-81.49874,28.69119],[-81.4989,28.69119],[-81.49889,28.69299],[-81.49003,28.69297],[-81.48984,28.69471],[-81.48847,28.69471],[-81.48849,28.69297],[-81.4845,28.69299],[-81.48453,28.69071],[-81.48715,28.6907],[-81.48716,28.69025],[-81.48811,28.69024],[-81.48811,28.69002],[-81.48789,28.69002],[-81.48778,28.68979],[-81.48798,28.68876],[-81.48456,28.68877],[-81.48458,28.68751],[-81.47835,28.68752],[-81.47831,28.6912],[-81.47708,28.69121],[-81.47705,28.69357],[-81.4763,28.69357],[-81.47629,28.69401],[-81.47731,28.69401],[-81.4773,28.69484],[-81.47628,28.69484],[-81.47622,28.69847],[-81.46813,28.69839],[-81.46841,28.6997],[-81.46783,28.70207],[-81.46763,28.70919],[-81.467,28.70952]]]}},{"type":"Feature","properties":{"SCHOOL":"WALKER","TYPE":"MS","ADDR":"150 Amidon Ln, Orlando 32809","WEB":"https://walkerms.ocps.net","PHONE":"407.858.3210","SLNG":-81.37446,"SLAT":28.45998},"geometry":{"type":"Polygon","coordinates":[[[-81.39131,28.48698],[-81.3913,28.4848],[-81.39063,28.48451],[-81.38999,28.48451],[-81.39032,28.48394],[-81.39017,28.48335],[-81.39026,28.4822],[-81.38976,28.48071],[-81.3899,28.48046],[-81.38937,28.47982],[-81.38881,28.47836],[-81.38901,28.47784],[-81.38936,28.47777],[-81.38934,28.47747],[-81.38855,28.47748],[-81.38855,28.47803],[-81.38435,28.4781],[-81.38434,28.47643],[-81.37635,28.47643],[-81.37636,28.47442],[-81.3766,28.47422],[-81.37659,28.47387],[-81.37612,28.47415],[-81.37612,28.47279],[-81.36924,28.4728],[-81.36796,28.46837],[-81.3676,28.46555],[-81.36713,28.46353],[-81.3641,28.4528],[-81.36353,28.45168],[-81.36377,28.45098],[-81.35355,28.45115],[-81.35391,28.45109],[-81.35208,28.45092],[-81.35077,28.45046],[-81.34832,28.45098],[-81.34098,28.45062],[-81.32999,28.45138],[-81.30916,28.45146],[-81.30874,28.44944],[-81.30892,28.44718],[-81.30946,28.44572],[-81.3115,28.44172],[-81.31173,28.44087],[-81.3116,28.43991],[-81.31068,28.43821],[-81.31078,28.43768],[-81.31035,28.43634],[-81.3113,28.43295],[-81.31129,28.42967],[-81.31022,28.42687],[-81.30968,28.42651],[-81.30786,28.426],[-81.30708,28.4251],[-81.30652,28.4207],[-81.30494,28.41744],[-81.30416,28.41501],[-81.30398,28.41069],[-81.30415,28.40989],[-81.30458,28.40917],[-81.30664,28.40785],[-81.30731,28.40695],[-81.30747,28.40628],[-81.30759,28.40199],[-81.30912,28.3971],[-81.31004,28.39705],[-81.31013,28.39657],[-81.31016,28.39068],[-81.30997,28.38966],[-81.30902,28.3872],[-81.30877,28.38567],[-81.30931,28.3788],[-81.30947,28.38191],[-81.30985,28.38281],[-81.31036,28.38342],[-81.32308,28.39249],[-81.32849,28.39578],[-81.33206,28.39704],[-81.33305,28.39824],[-81.33336,28.40017],[-81.33676,28.40258],[-81.33826,28.40326],[-81.34008,28.40352],[-81.35515,28.40349],[-81.35514,28.40718],[-81.37428,28.40696],[-81.37458,28.4063],[-81.37465,28.40552],[-81.37561,28.40625],[-81.3754,28.40648],[-81.37597,28.40689],[-81.37605,28.4076],[-81.37623,28.40774],[-81.39077,28.40766],[-81.39077,28.40669],[-81.40074,28.40674],[-81.40181,28.40744],[-81.40464,28.40742],[-81.40469,28.43016],[-81.40804,28.43261],[-81.41074,28.4354],[-81.42102,28.45041],[-81.40896,28.45046],[-81.40899,28.45629],[-81.39929,28.45641],[-81.39903,28.45739],[-81.40079,28.45777],[-81.39969,28.46166],[-81.40164,28.462],[-81.40239,28.46248],[-81.40162,28.4632],[-81.40079,28.46481],[-81.40081,28.47254],[-81.39666,28.47257],[-81.39677,28.48587],[-81.3946,28.48588],[-81.3946,28.48607],[-81.39382,28.48608],[-81.39294,28.48698],[-81.39131,28.48698]]]}},{"type":"Feature","properties":{"SCHOOL":"MEADOWBROOK","TYPE":"MS","ADDR":"6000 North Ln, Orlando 32808","WEB":"https://meadowbrookms.ocps.net","PHONE":"407.245.1810","SLNG":-81.46315,"SLAT":28.59513},"geometry":{"type":"Polygon","coordinates":[[[-81.4666,28.61068],[-81.45178,28.61132],[-81.45141,28.59635],[-81.44326,28.5964],[-81.44325,28.59275],[-81.4412,28.59274],[-81.44119,28.58909],[-81.43094,28.58903],[-81.43081,28.57808],[-81.44328,28.57801],[-81.44324,28.57309],[-81.44302,28.56806],[-81.43989,28.56808],[-81.43985,28.56697],[-81.43884,28.56698],[-81.4388,28.56436],[-81.43818,28.56437],[-81.43817,28.56338],[-81.43486,28.56339],[-81.43487,28.56412],[-81.43466,28.56412],[-81.43468,28.56609],[-81.43375,28.5661],[-81.4337,28.56696],[-81.43058,28.56705],[-81.4305,28.55982],[-81.44288,28.55974],[-81.44278,28.55255],[-81.45927,28.5523],[-81.45928,28.55299],[-81.45818,28.55308],[-81.4582,28.55562],[-81.4593,28.55562],[-81.45932,28.55653],[-81.45901,28.55654],[-81.45901,28.55673],[-81.45932,28.55673],[-81.45932,28.55741],[-81.45895,28.55746],[-81.45889,28.55907],[-81.45933,28.55925],[-81.45923,28.55977],[-81.45892,28.56004],[-81.45893,28.56127],[-81.45934,28.5613],[-81.45934,28.5616],[-81.45904,28.5616],[-81.45905,28.56176],[-81.45934,28.56176],[-81.45935,28.56237],[-81.45905,28.56237],[-81.45906,28.56326],[-81.45886,28.56336],[-81.45907,28.56343],[-81.45907,28.56369],[-81.45935,28.56369],[-81.45969,28.56423],[-81.45946,28.56438],[-81.45948,28.56679],[-81.45993,28.56677],[-81.45998,28.56701],[-81.45948,28.56704],[-81.4595,28.578],[-81.47607,28.5776],[-81.47618,28.61373],[-81.4706,28.61243],[-81.46796,28.61102],[-81.4666,28.61068]]]}},{"type":"Feature","properties":{"SCHOOL":"FREEDOM","TYPE":"MS","ADDR":"2850 Taft Vineland Rd, Orlando 32837","WEB":"https://freedomms.ocps.net","PHONE":"407.858.6130","SLNG":-81.41795,"SLAT":28.41591},"geometry":{"type":"Polygon","coordinates":[[[-81.40469,28.43016],[-81.40449,28.37263],[-81.41106,28.37498],[-81.41341,28.37538],[-81.41551,28.3755],[-81.41812,28.37536],[-81.42061,28.3749],[-81.42305,28.37412],[-81.4258,28.3727],[-81.4258,28.37914],[-81.42502,28.38474],[-81.43315,28.38467],[-81.43205,28.38673],[-81.43322,28.39148],[-81.43426,28.39374],[-81.4374,28.39358],[-81.43737,28.39014],[-81.43944,28.39013],[-81.44057,28.3899],[-81.44576,28.38985],[-81.44638,28.38965],[-81.44793,28.38964],[-81.45002,28.39003],[-81.45402,28.39001],[-81.45405,28.39184],[-81.45248,28.39185],[-81.45265,28.392],[-81.4532,28.39185],[-81.45368,28.3923],[-81.45417,28.39229],[-81.45517,28.39302],[-81.45549,28.39306],[-81.45557,28.39365],[-81.45516,28.39398],[-81.45524,28.39501],[-81.45615,28.39605],[-81.45693,28.39619],[-81.45741,28.39556],[-81.45793,28.39583],[-81.45766,28.39621],[-81.45805,28.39622],[-81.45805,28.39562],[-81.45529,28.39184],[-81.45803,28.39183],[-81.4578,28.35591],[-81.46243,28.35486],[-81.46244,28.34728],[-81.53172,28.34729],[-81.47587,28.40958],[-81.475,28.41092],[-81.47444,28.41236],[-81.47422,28.41385],[-81.47421,28.41595],[-81.47374,28.41797],[-81.47316,28.41897],[-81.47221,28.41975],[-81.47028,28.42053],[-81.46714,28.42094],[-81.42643,28.42124],[-81.42451,28.42144],[-81.42215,28.42224],[-81.42019,28.42357],[-81.41903,28.42485],[-81.41667,28.42827],[-81.41425,28.43056],[-81.41167,28.43216],[-81.4088,28.43331],[-81.40686,28.43166],[-81.40469,28.43016]]]}},{"type":"Feature","properties":{"SCHOOL":"LAKEVIEW","TYPE":"MS","ADDR":"1200 W Bay St, Winter Garden 34787","WEB":"https://lakeviewms.ocps.net","PHONE":"407.245.1800","SLNG":-81.60202,"SLAT":28.5649},"geometry":{"type":"Polygon","coordinates":[[[-81.54849,28.61793],[-81.54525,28.61795],[-81.54615,28.61387],[-81.54801,28.60994],[-81.55302,28.60149],[-81.55346,28.59973],[-81.55333,28.5978],[-81.55491,28.59673],[-81.55612,28.59547],[-81.55699,28.59401],[-81.55751,28.59243],[-81.55764,28.59052],[-81.55686,28.56935],[-81.55727,28.56718],[-81.55949,28.56103],[-81.55976,28.55898],[-81.55972,28.55679],[-81.5587,28.55143],[-81.5421,28.55163],[-81.54208,28.54589],[-81.54602,28.54667],[-81.5598,28.5466],[-81.56229,28.54643],[-81.56707,28.5455],[-81.56924,28.54529],[-81.59801,28.54515],[-81.59794,28.5473],[-81.59672,28.5473],[-81.59667,28.54759],[-81.5938,28.54841],[-81.59376,28.55106],[-81.60801,28.55108],[-81.60798,28.54511],[-81.61118,28.5451],[-81.61508,28.54546],[-81.61882,28.54616],[-81.62209,28.54709],[-81.62245,28.54675],[-81.62245,28.54376],[-81.62453,28.54376],[-81.62447,28.53634],[-81.64322,28.53636],[-81.64383,28.53499],[-81.64546,28.53403],[-81.64567,28.53443],[-81.64608,28.53463],[-81.64724,28.53436],[-81.64794,28.53463],[-81.64862,28.53396],[-81.64955,28.53446],[-81.64982,28.53441],[-81.6499,28.53414],[-81.65016,28.53418],[-81.65211,28.53557],[-81.6525,28.53566],[-81.65268,28.53542],[-81.65261,28.53567],[-81.65312,28.53561],[-81.65412,28.53616],[-81.65734,28.5361],[-81.65731,28.55706],[-81.65565,28.55734],[-81.65313,28.5572],[-81.64989,28.55896],[-81.64934,28.55962],[-81.64865,28.56166],[-81.64834,28.56411],[-81.64801,28.56466],[-81.64755,28.56471],[-81.64681,28.56398],[-81.64644,28.56334],[-81.64639,28.56232],[-81.6454,28.56196],[-81.64517,28.56153],[-81.645,28.56153],[-81.64495,28.56176],[-81.64397,28.56164],[-81.64371,28.56112],[-81.6433,28.5611],[-81.64295,28.56079],[-81.64077,28.56101],[-81.64037,28.56188],[-81.63904,28.56248],[-81.6367,28.56246],[-81.63544,28.56217],[-81.63433,28.56167],[-81.63162,28.56244],[-81.62809,28.56265],[-81.62608,28.5624],[-81.62523,28.56271],[-81.62461,28.56344],[-81.62409,28.56298],[-81.62275,28.5637],[-81.6215,28.56409],[-81.61798,28.56403],[-81.61651,28.56456],[-81.61384,28.56496],[-81.61311,28.56518],[-81.61266,28.56557],[-81.61158,28.56573],[-81.60928,28.56695],[-81.60828,28.56822],[-81.60674,28.56836],[-81.60535,28.56967],[-81.60461,28.56986],[-81.60276,28.5698],[-81.60237,28.57011],[-81.60173,28.56991],[-81.60148,28.57018],[-81.60124,28.57009],[-81.6,28.5712],[-81.59907,28.57155],[-81.59737,28.57316],[-81.59658,28.57306],[-81.59558,28.57336],[-81.59252,28.57377],[-81.59145,28.57342],[-81.59053,28.57373],[-81.59053,28.57413],[-81.58997,28.57392],[-81.58951,28.57401],[-81.58912,28.57449],[-81.58906,28.57529],[-81.58922,28.57544],[-81.58866,28.57624],[-81.58825,28.57639],[-81.58785,28.57688],[-81.58617,28.57772],[-81.58534,28.57786],[-81.58625,28.57808],[-81.5851,28.57818],[-81.58409,28.57862],[-81.58398,28.57912],[-81.58425,28.57943],[-81.58346,28.5798],[-81.58348,28.57999],[-81.58311,28.58033],[-81.58261,28.58028],[-81.58226,28.58068],[-81.58143,28.58067],[-81.58159,28.58082],[-81.58137,28.58118],[-81.58087,28.58126],[-81.5803,28.58336],[-81.57998,28.58346],[-81.57967,28.584],[-81.57951,28.58452],[-81.57988,28.58463],[-81.57966,28.58492],[-81.57987,28.58543],[-81.57955,28.58552],[-81.57996,28.58553],[-81.58035,28.5858],[-81.58023,28.58611],[-81.57971,28.58599],[-81.58,28.5861],[-81.57976,28.58757],[-81.58036,28.59091],[-81.57988,28.59237],[-81.5799,28.59316],[-81.57969,28.59376],[-81.57903,28.59416],[-81.57829,28.59498],[-81.57794,28.59628],[-81.57826,28.59676],[-81.57917,28.59688],[-81.5796,28.59774],[-81.57958,28.59819],[-81.57986,28.59847],[-81.57889,28.59905],[-81.57744,28.59947],[-81.57675,28.59919],[-81.57657,28.59881],[-81.57627,28.59871],[-81.57588,28.59773],[-81.57558,28.59777],[-81.57538,28.59747],[-81.57441,28.59737],[-81.57336,28.59808],[-81.57274,28.598],[-81.57301,28.59834],[-81.57248,28.59833],[-81.57259,28.59848],[-81.57237,28.59879],[-81.57157,28.59895],[-81.57154,28.59907],[-81.572,28.5991],[-81.57175,28.59953],[-81.57111,28.60022],[-81.57075,28.60034],[-81.57074,28.60053],[-81.56979,28.60134],[-81.56986,28.60145],[-81.56934,28.6017],[-81.56849,28.6027],[-81.56818,28.60275],[-81.56668,28.60389],[-81.56508,28.60463],[-81.56461,28.6053],[-81.56388,28.60582],[-81.56475,28.60579],[-81.56014,28.60988],[-81.5599,28.61253],[-81.55915,28.61334],[-81.5592,28.61786],[-81.55421,28.61789],[-81.55196,28.61983],[-81.5485,28.61985],[-81.54849,28.61793]]]}},{"type":"Feature","properties":{"SCHOOL":"CHAIN OF LAKES","TYPE":"MS","ADDR":"8700 Conroy Windermere Rd, Orlando 32835","WEB":"https://chainoflakesms.ocps.net","PHONE":"407.296.5110","SLNG":-81.50432,"SLAT":28.49251},"geometry":{"type":"Polygon","coordinates":[[[-81.44208,28.51042],[-81.44242,28.51041],[-81.44246,28.50978],[-81.44241,28.50128],[-81.459,28.50116],[-81.45884,28.48289],[-81.46816,28.48264],[-81.4754,28.48026],[-81.47501,28.47916],[-81.48333,28.47918],[-81.4833,28.4718],[-81.48744,28.47177],[-81.48748,28.47547],[-81.50819,28.47539],[-81.50822,28.47565],[-81.51013,28.47576],[-81.51024,28.47511],[-81.51166,28.47415],[-81.5132,28.47247],[-81.5132,28.47171],[-81.51537,28.47096],[-81.51665,28.46871],[-81.51534,28.46767],[-81.51776,28.4655],[-81.52162,28.46782],[-81.52219,28.46933],[-81.52242,28.46921],[-81.5234,28.46947],[-81.52463,28.46929],[-81.52564,28.46898],[-81.52608,28.46859],[-81.52611,28.46829],[-81.52631,28.46825],[-81.52717,28.46889],[-81.52769,28.46975],[-81.5278,28.4718],[-81.5344,28.47328],[-81.53439,28.47351],[-81.53529,28.47419],[-81.53866,28.47465],[-81.53929,28.47679],[-81.54154,28.47891],[-81.54281,28.47852],[-81.54313,28.4782],[-81.54377,28.47893],[-81.54205,28.4804],[-81.54164,28.48102],[-81.54162,28.48312],[-81.54143,28.48361],[-81.54103,28.48374],[-81.54144,28.48513],[-81.54101,28.48624],[-81.53753,28.48623],[-81.53754,28.48804],[-81.53338,28.48803],[-81.5333,28.48622],[-81.52513,28.48623],[-81.52531,28.50081],[-81.52516,28.50446],[-81.51685,28.50445],[-81.51686,28.50203],[-81.51484,28.5022],[-81.51484,28.50469],[-81.51453,28.50491],[-81.5141,28.50483],[-81.51345,28.50307],[-81.51271,28.50308],[-81.51239,28.50346],[-81.51185,28.50353],[-81.51047,28.50306],[-81.5099,28.50369],[-81.50798,28.50369],[-81.5085,28.50638],[-81.50864,28.51922],[-81.50842,28.52013],[-81.50782,28.52096],[-81.48377,28.50292],[-81.48409,28.50502],[-81.48562,28.50762],[-81.48597,28.50868],[-81.48609,28.51336],[-81.48582,28.51449],[-81.48531,28.51549],[-81.48423,28.51674],[-81.48216,28.51819],[-81.47973,28.51894],[-81.47564,28.51907],[-81.47439,28.5193],[-81.47269,28.52022],[-81.47155,28.5216],[-81.47105,28.52333],[-81.47126,28.52487],[-81.47208,28.52627],[-81.4747,28.52866],[-81.47527,28.52949],[-81.47575,28.53102],[-81.47578,28.53393],[-81.46755,28.534],[-81.46762,28.54423],[-81.4654,28.54425],[-81.4654,28.5446],[-81.46602,28.5446],[-81.46607,28.54503],[-81.46607,28.54532],[-81.46587,28.54532],[-81.46588,28.5486],[-81.46565,28.5486],[-81.46559,28.55215],[-81.45656,28.55237],[-81.45661,28.55098],[-81.45692,28.54958],[-81.45832,28.54505],[-81.45818,28.53629],[-81.45924,28.53207],[-81.45927,28.52799],[-81.45823,28.52798],[-81.45692,28.52768],[-81.4422,28.52783],[-81.44209,28.52368],[-81.44232,28.52368],[-81.44231,28.52338],[-81.44197,28.52337],[-81.44208,28.51042]]]}},{"type":"Feature","properties":{"SCHOOL":"GLENRIDGE","TYPE":"MS","ADDR":"2900 Upper Park Rd, Orlando 32814","WEB":"https://glenridgems.ocps.net","PHONE":"407.623.1415","SLNG":-81.33876,"SLAT":28.5788},"geometry":{"type":"Polygon","coordinates":[[[-81.29913,28.60638],[-81.29898,28.59745],[-81.2794,28.59753],[-81.27743,28.59807],[-81.27418,28.59979],[-81.27208,28.60014],[-81.27049,28.59992],[-81.26267,28.59745],[-81.25427,28.59723],[-81.24468,28.59748],[-81.24513,28.59004],[-81.24502,28.57826],[-81.24638,28.57799],[-81.24913,28.57658],[-81.2507,28.57478],[-81.25101,28.57351],[-81.25104,28.57201],[-81.25041,28.572],[-81.25035,28.56863],[-81.25354,28.56834],[-81.28551,28.56833],[-81.29073,28.56777],[-81.29542,28.56655],[-81.29943,28.56488],[-81.30293,28.56285],[-81.31103,28.55708],[-81.31327,28.55589],[-81.3159,28.55483],[-81.3189,28.55401],[-81.32317,28.55341],[-81.33343,28.55345],[-81.33377,28.56805],[-81.33478,28.56789],[-81.33978,28.56788],[-81.33993,28.5788],[-81.34032,28.5788],[-81.34034,28.58077],[-81.33849,28.58079],[-81.33852,28.58253],[-81.33907,28.58278],[-81.33963,28.58278],[-81.33964,28.58341],[-81.34016,28.58367],[-81.3402,28.58608],[-81.34433,28.58604],[-81.34444,28.59377],[-81.34572,28.59532],[-81.34513,28.5956],[-81.34214,28.59572],[-81.33967,28.59716],[-81.33928,28.59781],[-81.33933,28.59989],[-81.33895,28.60024],[-81.32396,28.6006],[-81.29913,28.60638]]]}},{"type":"Feature","properties":{"SCHOOL":"WEDGEFIELD SCHOOL","TYPE":"K8","ADDR":"3835 Bancroft Blvd, Orlando 32833","WEB":"https://wedgefieldk8.ocps.net/","PHONE":"321.413.2998","SLNG":-81.07429,"SLAT":28.49047},"geometry":{"type":"Polygon","coordinates":[[[-80.93281,28.54371],[-80.93209,28.5429],[-80.93224,28.54205],[-80.9329,28.54124],[-80.93425,28.54048],[-80.9349,28.54057],[-80.93529,28.5414],[-80.93583,28.54177],[-80.93898,28.54203],[-80.93921,28.5418],[-80.93965,28.5407],[-80.93897,28.53946],[-80.93906,28.53734],[-80.93952,28.53577],[-80.93931,28.53502],[-80.93868,28.53473],[-80.9378,28.53469],[-80.93722,28.53643],[-80.9368,28.53674],[-80.93626,28.53678],[-80.93581,28.53661],[-80.93558,28.5363],[-80.93544,28.53452],[-80.93525,28.53411],[-80.93467,28.5336],[-80.93407,28.53341],[-80.93366,28.53336],[-80.93287,28.53383],[-80.93256,28.53516],[-80.93222,28.53548],[-80.93157,28.53521],[-80.92907,28.53312],[-80.92857,28.5329],[-80.92727,28.53279],[-80.92483,28.53321],[-80.92338,28.53273],[-80.92108,28.52882],[-80.92106,28.52646],[-80.92064,28.5252],[-80.91957,28.52421],[-80.91746,28.52296],[-80.91632,28.52278],[-80.91522,28.52333],[-80.91304,28.52383],[-80.91207,28.52473],[-80.91142,28.52457],[-80.91056,28.5233],[-80.911,28.52292],[-80.91252,28.52318],[-80.91248,28.52258],[-80.912,28.52163],[-80.91103,28.52127],[-80.91048,28.52184],[-80.91009,28.52191],[-80.90726,28.52055],[-80.90684,28.51997],[-80.90797,28.51799],[-80.90699,28.51784],[-80.90605,28.51804],[-80.90572,28.51782],[-80.90545,28.51658],[-80.90555,28.51603],[-80.90598,28.51539],[-80.9069,28.51489],[-80.90717,28.51412],[-80.90673,28.51332],[-80.90561,28.51277],[-80.90661,28.51208],[-80.90663,28.51161],[-80.9052,28.5111],[-80.90447,28.51045],[-80.90417,28.51041],[-80.90386,28.51098],[-80.90338,28.51111],[-80.90199,28.51046],[-80.90153,28.51043],[-80.9001,28.51156],[-80.89901,28.50991],[-80.89842,28.50971],[-80.89733,28.50979],[-80.89595,28.50942],[-80.89478,28.51022],[-80.89352,28.51181],[-80.89273,28.51207],[-80.89151,28.51213],[-80.89056,28.51196],[-80.88574,28.51032],[-80.88499,28.50923],[-80.88453,28.50719],[-80.88415,28.50679],[-80.88331,28.5043],[-80.88301,28.50402],[-80.88132,28.50398],[-80.88103,28.50378],[-80.88093,28.50272],[-80.88029,28.50156],[-80.87988,28.50001],[-80.88002,28.49848],[-80.87991,28.4976],[-80.88027,28.497],[-80.88099,28.49665],[-80.88335,28.49616],[-80.88416,28.49555],[-80.88408,28.49487],[-80.88259,28.49149],[-80.88231,28.49115],[-80.88107,28.49134],[-80.88013,28.49102],[-80.87997,28.4907],[-80.88002,28.48995],[-80.87797,28.48977],[-80.87587,28.49007],[-80.87525,28.48949],[-80.87528,28.4887],[-80.87574,28.4884],[-80.87733,28.48798],[-80.87812,28.48673],[-80.8777,28.48635],[-80.87649,28.48633],[-80.87559,28.48585],[-80.8753,28.48355],[-80.87332,28.48206],[-80.87338,28.48123],[-80.87383,28.48066],[-80.87394,28.48017],[-80.87316,28.47865],[-80.87364,28.47847],[-80.87403,28.47798],[-80.87424,28.47737],[-80.87424,28.47627],[-80.87334,28.47527],[-80.87296,28.47422],[-80.87161,28.47252],[-80.87087,28.47189],[-80.87075,28.47125],[-80.87124,28.47071],[-80.87247,28.47116],[-80.87304,28.47103],[-80.87352,28.47024],[-80.87515,28.46885],[-80.87607,28.46908],[-80.87639,28.46942],[-80.87622,28.46973],[-80.87548,28.46999],[-80.8756,28.47074],[-80.87581,28.47086],[-80.87631,28.47081],[-80.87664,28.47045],[-80.87738,28.47041],[-80.87838,28.46992],[-80.87938,28.46969],[-80.87952,28.46949],[-80.87941,28.46861],[-80.87967,28.46832],[-80.88106,28.46842],[-80.88117,28.46879],[-80.88098,28.46958],[-80.88143,28.47031],[-80.88168,28.47038],[-80.88191,28.46982],[-80.88229,28.46961],[-80.88354,28.46977],[-80.88422,28.46955],[-80.88475,28.46873],[-80.88518,28.46872],[-80.88579,28.46904],[-80.88621,28.46965],[-80.88666,28.46961],[-80.88714,28.46861],[-80.88977,28.46649],[-80.89033,28.46644],[-80.89095,28.46688],[-80.89101,28.4676],[-80.89059,28.46819],[-80.89082,28.46839],[-80.89452,28.46704],[-80.89481,28.46607],[-80.89461,28.46532],[-80.89414,28.4646],[-80.8932,28.46504],[-80.89288,28.46498],[-80.89272,28.46456],[-80.89286,28.46403],[-80.8933,28.46341],[-80.89382,28.4632],[-80.89454,28.46309],[-80.89545,28.46366],[-80.89585,28.46321],[-80.89509,28.46249],[-80.89481,28.46196],[-80.89496,28.46039],[-80.89444,28.45985],[-80.89332,28.46002],[-80.8932,28.45971],[-80.89336,28.45904],[-80.89411,28.45802],[-80.89582,28.45796],[-80.89663,28.45661],[-80.89707,28.4567],[-80.89721,28.45763],[-80.89757,28.45777],[-80.89829,28.45625],[-80.89831,28.45541],[-80.89801,28.45475],[-80.89698,28.45467],[-80.89736,28.45325],[-80.89724,28.45247],[-80.89687,28.45193],[-80.89588,28.45116],[-80.89504,28.45114],[-80.8939,28.45077],[-80.89267,28.4499],[-80.89123,28.44796],[-80.89018,28.44598],[-80.89012,28.44542],[-80.89104,28.44469],[-80.89157,28.44454],[-80.89275,28.44461],[-80.89389,28.44388],[-80.894,28.44275],[-80.89308,28.44176],[-80.89321,28.44147],[-80.89406,28.44097],[-80.89419,28.43988],[-80.89468,28.4389],[-80.89449,28.43834],[-80.89382,28.43773],[-80.89401,28.43734],[-80.89545,28.43625],[-80.89583,28.43552],[-80.89665,28.43562],[-80.89888,28.4348],[-80.89942,28.43331],[-80.90001,28.43333],[-80.90068,28.43362],[-80.90128,28.43341],[-80.90103,28.43238],[-80.90016,28.43116],[-80.89903,28.43076],[-80.89889,28.43099],[-80.89898,28.43166],[-80.89875,28.4319],[-80.89818,28.43133],[-80.89783,28.42962],[-80.89674,28.42769],[-80.8969,28.426],[-80.89771,28.42597],[-80.89869,28.42638],[-80.89891,28.42607],[-80.89818,28.4251],[-80.89741,28.42491],[-80.89668,28.42515],[-80.89631,28.42467],[-80.89647,28.42398],[-80.89707,28.42319],[-80.8968,28.42288],[-80.89634,28.42281],[-80.89574,28.42221],[-80.89551,28.42155],[-80.89571,28.42038],[-80.89553,28.41954],[-80.89389,28.41864],[-80.8926,28.41865],[-80.89227,28.41847],[-80.89189,28.41765],[-80.89167,28.41651],[-80.89109,28.41605],[-80.89001,28.41573],[-80.88842,28.41589],[-80.88799,28.41568],[-80.88787,28.41522],[-80.88839,28.41377],[-80.888,28.4128],[-80.88495,28.41084],[-80.88473,28.40999],[-80.88502,28.40921],[-80.88491,28.40886],[-80.88444,28.40856],[-80.88324,28.40831],[-80.88288,28.40783],[-80.88273,28.40685],[-80.88302,28.40622],[-80.88363,28.40602],[-80.88493,28.40632],[-80.88526,28.40536],[-80.88649,28.40424],[-80.88642,28.40383],[-80.88553,28.40262],[-80.88547,28.40225],[-80.88571,28.40095],[-80.88593,28.40049],[-80.88659,28.39998],[-80.88662,28.39963],[-80.88597,28.39889],[-80.88482,28.39846],[-80.88453,28.39813],[-80.88425,28.39686],[-80.88437,28.39604],[-80.88478,28.39564],[-80.88533,28.39557],[-80.88577,28.39583],[-80.88629,28.39659],[-80.88665,28.39663],[-80.88693,28.39628],[-80.88716,28.39409],[-80.88803,28.39327],[-80.88941,28.39322],[-80.88962,28.39301],[-80.8896,28.39232],[-80.88905,28.39066],[-80.88815,28.38925],[-80.8879,28.38847],[-80.88791,28.38755],[-80.88848,28.38604],[-80.88847,28.38548],[-80.88816,28.38523],[-80.8865,28.38504],[-80.88541,28.38445],[-80.88424,28.38327],[-80.88256,28.38209],[-80.88198,28.38061],[-80.87988,28.38056],[-80.87935,28.37748],[-80.87961,28.37704],[-80.88188,28.37545],[-80.88198,28.37522],[-80.8819,28.3748],[-80.88156,28.37459],[-80.88057,28.37529],[-80.88001,28.37511],[-80.88031,28.37354],[-80.87983,28.37262],[-80.87805,28.37208],[-80.87755,28.37224],[-80.87693,28.37307],[-80.87647,28.37336],[-80.87554,28.37341],[-80.87499,28.37324],[-80.87502,28.3723],[-80.87468,28.37156],[-80.87326,28.37032],[-80.87267,28.36929],[-80.87238,28.36811],[-80.87244,28.36721],[-80.8738,28.36422],[-80.87391,28.36158],[-80.87332,28.35998],[-80.8706,28.35572],[-80.87062,28.34759],[-80.96162,28.34764],[-81.09462,28.34822],[-81.09494,28.42058],[-81.0947,28.42801],[-81.09507,28.45167],[-81.12256,28.45141],[-81.1611,28.4517],[-81.16122,28.50318],[-81.16019,28.5042],[-81.1592,28.5034],[-81.15865,28.50262],[-81.15834,28.50148],[-81.15833,28.49723],[-81.14311,28.49727],[-81.1431,28.49658],[-81.13412,28.49659],[-81.13522,28.49737],[-81.13648,28.50325],[-81.13898,28.50702],[-81.13805,28.51425],[-81.13431,28.51773],[-81.13067,28.52275],[-81.13056,28.52515],[-81.07147,28.52531],[-81.07782,28.53338],[-81.07857,28.53489],[-81.0794,28.5374],[-81.07628,28.53648],[-81.07284,28.53608],[-81.04449,28.53617],[-81.03365,28.53545],[-81.01784,28.53667],[-81.01228,28.53673],[-81.01225,28.54034],[-80.97168,28.54074],[-80.97163,28.53892],[-80.96557,28.54017],[-80.94638,28.54202],[-80.93904,28.54364],[-80.93281,28.54371]]]}},{"type":"Feature","properties":{"SCHOOL":"HUNTERS CREEK","TYPE":"MS","ADDR":"13400 Town Loop Blvd, Orlando 32837","WEB":"https://hunterscreekms.ocps.net","PHONE":"407.858.4620","SLNG":-81.43505,"SLAT":28.36784},"geometry":{"type":"Polygon","coordinates":[[[-81.45793,28.39583],[-81.45741,28.39556],[-81.45693,28.39619],[-81.45615,28.39605],[-81.45524,28.39501],[-81.45516,28.39398],[-81.45557,28.39365],[-81.45549,28.39306],[-81.45517,28.39302],[-81.45417,28.39229],[-81.45368,28.3923],[-81.4532,28.39185],[-81.45265,28.392],[-81.45248,28.39185],[-81.45405,28.39184],[-81.45402,28.39001],[-81.45002,28.39003],[-81.44793,28.38964],[-81.44638,28.38965],[-81.44576,28.38985],[-81.44057,28.3899],[-81.43944,28.39013],[-81.43737,28.39014],[-81.4374,28.39358],[-81.43426,28.39374],[-81.43322,28.39148],[-81.43205,28.38673],[-81.43315,28.38467],[-81.42502,28.38474],[-81.4258,28.37914],[-81.4258,28.3727],[-81.42305,28.37412],[-81.42061,28.3749],[-81.41812,28.37536],[-81.41551,28.3755],[-81.41341,28.37538],[-81.41106,28.37498],[-81.40449,28.37263],[-81.40444,28.35377],[-81.40407,28.34795],[-81.45776,28.34786],[-81.45775,28.34731],[-81.46244,28.34728],[-81.46243,28.35486],[-81.4578,28.35591],[-81.45803,28.39183],[-81.45529,28.39184],[-81.45805,28.39562],[-81.45805,28.39622],[-81.45766,28.39621],[-81.45793,28.39583]]]}},{"type":"Feature","properties":{"SCHOOL":"LOCKHART","TYPE":"MS","ADDR":"3411 Doctor Love Rd, Orlando 32810","WEB":"https://lockhartms.ocps.net","PHONE":"407.623.1462","SLNG":-81.42123,"SLAT":28.62314},"geometry":{"type":"Polygon","coordinates":[[[-81.41501,28.64006],[-81.38788,28.64024],[-81.38752,28.63554],[-81.38776,28.63181],[-81.38689,28.62815],[-81.38667,28.62634],[-81.38647,28.60593],[-81.38748,28.6064],[-81.3892,28.608],[-81.39087,28.60841],[-81.39226,28.60806],[-81.39412,28.60641],[-81.39529,28.60589],[-81.40246,28.60586],[-81.40391,28.60565],[-81.40611,28.60459],[-81.40973,28.60125],[-81.41212,28.60031],[-81.41686,28.59794],[-81.4193,28.60252],[-81.42019,28.60387],[-81.42168,28.60557],[-81.42431,28.60358],[-81.42482,28.60428],[-81.42552,28.60469],[-81.42638,28.60482],[-81.42728,28.60462],[-81.42871,28.60658],[-81.42729,28.60669],[-81.42712,28.60654],[-81.42698,28.60667],[-81.42709,28.60681],[-81.4257,28.60694],[-81.42479,28.60802],[-81.43233,28.61276],[-81.43619,28.61265],[-81.4427,28.6128],[-81.4505,28.61137],[-81.4666,28.61068],[-81.46795,28.61102],[-81.46797,28.61442],[-81.47003,28.61442],[-81.47009,28.62578],[-81.47026,28.62578],[-81.46931,28.62596],[-81.46815,28.62567],[-81.46369,28.62558],[-81.46369,28.62524],[-81.46344,28.62524],[-81.46247,28.62441],[-81.46087,28.6244],[-81.46016,28.62513],[-81.46016,28.62547],[-81.45803,28.62546],[-81.45807,28.62761],[-81.45972,28.6276],[-81.45972,28.62931],[-81.46179,28.62934],[-81.46179,28.63071],[-81.45987,28.63068],[-81.45992,28.6326],[-81.45909,28.6358],[-81.45966,28.6358],[-81.45965,28.63835],[-81.45918,28.63835],[-81.45889,28.63814],[-81.45848,28.63858],[-81.45918,28.63909],[-81.45875,28.63958],[-81.45886,28.6402],[-81.41501,28.64006]]]}},{"type":"Feature","properties":{"SCHOOL":"LAKE COMO SCHOOL","TYPE":"K8","ADDR":"2450 E Gore St, Orlando 32806","WEB":"https://kaleylakecomoes.ocps.net","PHONE":"407.897.6430","SLNG":-81.35066,"SLAT":28.53043},"geometry":{"type":"Polygon","coordinates":[[[-81.37376,28.55325],[-81.36031,28.55311],[-81.34472,28.55331],[-81.34474,28.55128],[-81.34552,28.54958],[-81.34568,28.546],[-81.34371,28.54602],[-81.34359,28.53837],[-81.34173,28.53837],[-81.34153,28.53628],[-81.34079,28.53545],[-81.33852,28.53478],[-81.33737,28.53471],[-81.33733,28.53152],[-81.33715,28.53152],[-81.33691,28.53061],[-81.33525,28.53063],[-81.33527,28.53154],[-81.33114,28.53158],[-81.33103,28.52426],[-81.3393,28.5242],[-81.33925,28.5169],[-81.34338,28.51687],[-81.34336,28.5134],[-81.3435,28.51324],[-81.3516,28.51319],[-81.35158,28.50953],[-81.35982,28.50945],[-81.35983,28.52555],[-81.36004,28.52629],[-81.36033,28.52639],[-81.36025,28.52658],[-81.36052,28.52673],[-81.36073,28.52665],[-81.36076,28.52698],[-81.36104,28.52727],[-81.36127,28.52709],[-81.36231,28.5277],[-81.3636,28.52815],[-81.3641,28.52814],[-81.36424,28.53727],[-81.37368,28.53708],[-81.37531,28.53675],[-81.37959,28.53543],[-81.38316,28.53524],[-81.38218,28.53741],[-81.38191,28.53857],[-81.38221,28.53895],[-81.38263,28.5502],[-81.38238,28.55309],[-81.37376,28.55325]]]}},{"type":"Feature","properties":{"SCHOOL":"ROBINSWOOD","TYPE":"MS","ADDR":"6305 Balboa Dr, Orlando 32818","WEB":"https://robinswoodms.ocps.net","PHONE":"407.251.2413","SLNG":-81.47103,"SLAT":28.56038},"geometry":{"type":"Polygon","coordinates":[[[-81.48019,28.61376],[-81.47618,28.61373],[-81.47607,28.5776],[-81.4595,28.578],[-81.45948,28.56704],[-81.45998,28.56701],[-81.45993,28.56677],[-81.45948,28.56679],[-81.45946,28.56438],[-81.45969,28.56423],[-81.45935,28.56369],[-81.45907,28.56369],[-81.45907,28.56343],[-81.45886,28.56336],[-81.45906,28.56326],[-81.45905,28.56237],[-81.45935,28.56237],[-81.45934,28.56176],[-81.45905,28.56176],[-81.45904,28.5616],[-81.45934,28.5616],[-81.45934,28.5613],[-81.45893,28.56127],[-81.45892,28.56004],[-81.45923,28.55977],[-81.45933,28.55925],[-81.45889,28.55907],[-81.45895,28.55746],[-81.45932,28.55741],[-81.45932,28.55673],[-81.45901,28.55673],[-81.45901,28.55654],[-81.45932,28.55653],[-81.4593,28.55562],[-81.4582,28.55562],[-81.45818,28.55308],[-81.45928,28.55299],[-81.45927,28.5523],[-81.46079,28.55226],[-81.50491,28.5519],[-81.50493,28.55923],[-81.49666,28.55929],[-81.49668,28.56291],[-81.49582,28.56291],[-81.49589,28.56373],[-81.49473,28.56571],[-81.49372,28.56588],[-81.49372,28.56657],[-81.49465,28.56656],[-81.49467,28.56946],[-81.49552,28.57036],[-81.49489,28.57098],[-81.49566,28.57164],[-81.49714,28.57246],[-81.49844,28.57264],[-81.49908,28.57226],[-81.49921,28.5726],[-81.49975,28.57249],[-81.49991,28.573],[-81.49945,28.57423],[-81.49952,28.57758],[-81.49682,28.5776],[-81.49682,28.58549],[-81.49654,28.58621],[-81.49682,28.58757],[-81.49685,28.6047],[-81.49628,28.60613],[-81.49683,28.6073],[-81.49694,28.61018],[-81.49804,28.6116],[-81.49836,28.61249],[-81.49192,28.6124],[-81.48995,28.61346],[-81.48427,28.61404],[-81.48019,28.61376]]]}},{"type":"Feature","properties":{"SCHOOL":"GOTHA","TYPE":"MS","ADDR":"9155 Gotha Rd, Windermere 34786","WEB":"https://gothams.ocps.net","PHONE":"407.521.2360","SLNG":-81.51095,"SLAT":28.52939},"geometry":{"type":"Polygon","coordinates":[[[-81.5421,28.55163],[-81.46559,28.55215],[-81.46565,28.5486],[-81.46588,28.5486],[-81.46587,28.54532],[-81.46607,28.54532],[-81.46607,28.54503],[-81.46602,28.5446],[-81.4654,28.5446],[-81.4654,28.54425],[-81.46762,28.54423],[-81.46755,28.534],[-81.47578,28.53393],[-81.47575,28.53102],[-81.47527,28.52949],[-81.4747,28.52866],[-81.47208,28.52627],[-81.47126,28.52487],[-81.47105,28.52333],[-81.47155,28.5216],[-81.47269,28.52022],[-81.47439,28.5193],[-81.47564,28.51907],[-81.47973,28.51894],[-81.48216,28.51819],[-81.48423,28.51674],[-81.48531,28.51549],[-81.48582,28.51449],[-81.48609,28.51336],[-81.48597,28.50868],[-81.48562,28.50762],[-81.48409,28.50502],[-81.48377,28.50292],[-81.50782,28.52096],[-81.50842,28.52013],[-81.50864,28.51922],[-81.5085,28.50638],[-81.50798,28.50369],[-81.5099,28.50369],[-81.51047,28.50306],[-81.51185,28.50353],[-81.51239,28.50346],[-81.51271,28.50308],[-81.51345,28.50307],[-81.5141,28.50483],[-81.51453,28.50491],[-81.51484,28.50469],[-81.51484,28.5022],[-81.51686,28.50203],[-81.51685,28.50445],[-81.52516,28.50446],[-81.52531,28.50081],[-81.52513,28.48623],[-81.5333,28.48622],[-81.53338,28.48803],[-81.53754,28.48804],[-81.53753,28.48623],[-81.54101,28.48624],[-81.54144,28.48513],[-81.54103,28.48374],[-81.54143,28.48361],[-81.54162,28.48312],[-81.54165,28.481],[-81.54312,28.47944],[-81.54371,28.47897],[-81.54399,28.47897],[-81.54395,28.47869],[-81.54424,28.47847],[-81.54592,28.4776],[-81.54667,28.47692],[-81.54733,28.47683],[-81.54809,28.47636],[-81.54899,28.47527],[-81.54832,28.47526],[-81.54806,28.47465],[-81.54843,28.47457],[-81.54868,28.47415],[-81.54947,28.4737],[-81.54997,28.47373],[-81.55015,28.47394],[-81.55006,28.47423],[-81.55086,28.4741],[-81.55377,28.47282],[-81.55383,28.47262],[-81.55282,28.47207],[-81.55241,28.47128],[-81.55249,28.47074],[-81.55324,28.46984],[-81.55374,28.46953],[-81.55471,28.46956],[-81.55767,28.47104],[-81.55796,28.47141],[-81.55795,28.47588],[-81.55772,28.47632],[-81.55724,28.47659],[-81.55746,28.47653],[-81.55753,28.47708],[-81.55795,28.47728],[-81.55794,28.47862],[-81.5611,28.47861],[-81.56143,28.47904],[-81.56157,28.47974],[-81.56121,28.48149],[-81.56212,28.48327],[-81.56352,28.48467],[-81.5648,28.48556],[-81.5654,28.48525],[-81.56585,28.48528],[-81.56709,28.48611],[-81.56736,28.48649],[-81.56749,28.48809],[-81.56708,28.48905],[-81.56608,28.4897],[-81.56472,28.48965],[-81.56435,28.49098],[-81.56382,28.49134],[-81.56316,28.4924],[-81.5643,28.49233],[-81.56459,28.49249],[-81.566,28.49234],[-81.56557,28.49294],[-81.56584,28.49301],[-81.56635,28.49428],[-81.56673,28.49472],[-81.56701,28.49472],[-81.56793,28.49543],[-81.5686,28.49663],[-81.56962,28.49688],[-81.56971,28.49727],[-81.56964,28.49756],[-81.56884,28.49752],[-81.56795,28.49804],[-81.56662,28.49732],[-81.56661,28.49686],[-81.56384,28.49836],[-81.56275,28.49885],[-81.56207,28.49891],[-81.56175,28.49923],[-81.56024,28.49911],[-81.55953,28.49933],[-81.55919,28.49925],[-81.55935,28.49958],[-81.55907,28.49929],[-81.56099,28.50411],[-81.55988,28.50417],[-81.55821,28.5047],[-81.55821,28.50619],[-81.55194,28.50619],[-81.55196,28.51157],[-81.54286,28.51148],[-81.54152,28.51801],[-81.54178,28.52983],[-81.5335,28.52987],[-81.53368,28.53753],[-81.53467,28.53827],[-81.53461,28.5391],[-81.53491,28.53953],[-81.53419,28.53967],[-81.53586,28.54188],[-81.53805,28.54384],[-81.53937,28.54471],[-81.54208,28.54589],[-81.5421,28.55163]]]}},{"type":"Feature","properties":{"SCHOOL":"SOUTH CREEK","TYPE":"MS","ADDR":"3801 E Wetherbee Rd, Orlando 32824","WEB":"https://southcreekms.ocps.net","PHONE":"407.370.7200","SLNG":-81.34452,"SLAT":28.39469},"geometry":{"type":"Polygon","coordinates":[[[-81.30953,28.36931],[-81.3193,28.36737],[-81.32266,28.36713],[-81.32545,28.36724],[-81.32549,28.36608],[-81.32512,28.36442],[-81.32506,28.36309],[-81.32398,28.3631],[-81.32396,28.35947],[-81.32598,28.35948],[-81.32601,28.35358],[-81.32192,28.35359],[-81.32194,28.34803],[-81.34266,28.34802],[-81.34264,28.35041],[-81.34327,28.35061],[-81.34327,28.35478],[-81.34371,28.35493],[-81.34351,28.35494],[-81.34351,28.35585],[-81.34302,28.35622],[-81.34351,28.35665],[-81.3433,28.35675],[-81.34302,28.35775],[-81.34384,28.3579],[-81.34428,28.35852],[-81.34402,28.35897],[-81.34257,28.35919],[-81.34256,28.36093],[-81.34367,28.36059],[-81.34462,28.36067],[-81.34452,28.36201],[-81.34486,28.36308],[-81.34476,28.36338],[-81.34357,28.36421],[-81.34253,28.36467],[-81.34244,28.37768],[-81.36149,28.37781],[-81.36258,28.37703],[-81.36628,28.37729],[-81.36866,28.37868],[-81.37051,28.37937],[-81.37309,28.37843],[-81.37304,28.37774],[-81.37685,28.37775],[-81.37781,28.37275],[-81.38164,28.36819],[-81.38841,28.3681],[-81.39237,28.3685],[-81.39648,28.36955],[-81.40449,28.37263],[-81.40464,28.40742],[-81.40181,28.40744],[-81.40074,28.40674],[-81.39077,28.40669],[-81.39077,28.40766],[-81.37623,28.40774],[-81.37605,28.4076],[-81.37597,28.40689],[-81.3754,28.40648],[-81.37561,28.40625],[-81.37465,28.40552],[-81.37458,28.4063],[-81.37428,28.40696],[-81.35514,28.40718],[-81.35515,28.40349],[-81.33998,28.40352],[-81.33769,28.40305],[-81.33664,28.4025],[-81.33336,28.40017],[-81.33305,28.39824],[-81.33206,28.39704],[-81.32849,28.39578],[-81.32308,28.39249],[-81.31008,28.38312],[-81.30952,28.38211],[-81.30932,28.38053],[-81.30953,28.36931]]]}},{"type":"Feature","properties":{"SCHOOL":"OCOEE","TYPE":"MS","ADDR":"300 S Bluford Ave, Ocoee 34761","WEB":"https://ocoeems.ocps.net","PHONE":"407.207.3850","SLNG":-81.54284,"SLAT":28.56708},"geometry":{"type":"Polygon","coordinates":[[[-81.54444,28.62163],[-81.49874,28.62192],[-81.49938,28.61811],[-81.49936,28.61631],[-81.49821,28.61195],[-81.49693,28.61012],[-81.49683,28.6073],[-81.49628,28.60613],[-81.49685,28.6047],[-81.49682,28.58757],[-81.49654,28.58621],[-81.49682,28.58549],[-81.49682,28.5776],[-81.49952,28.57758],[-81.49945,28.57423],[-81.49991,28.573],[-81.49975,28.57249],[-81.49921,28.5726],[-81.49908,28.57226],[-81.49844,28.57264],[-81.49714,28.57246],[-81.49566,28.57164],[-81.49489,28.57098],[-81.49552,28.57036],[-81.49467,28.56946],[-81.49465,28.56656],[-81.49372,28.56657],[-81.49372,28.56588],[-81.49473,28.56571],[-81.49569,28.56422],[-81.49589,28.56373],[-81.49582,28.56291],[-81.49668,28.56291],[-81.49666,28.55929],[-81.50493,28.55923],[-81.50491,28.5519],[-81.5587,28.55143],[-81.55969,28.55651],[-81.55972,28.55953],[-81.55922,28.5621],[-81.55719,28.56745],[-81.55684,28.56971],[-81.55764,28.59052],[-81.55751,28.59243],[-81.55699,28.59401],[-81.55612,28.59547],[-81.55491,28.59673],[-81.55333,28.5978],[-81.55346,28.59973],[-81.55302,28.60149],[-81.54801,28.60994],[-81.54627,28.61356],[-81.54444,28.62163]]]}},{"type":"Feature","properties":{"SCHOOL":"MEMORIAL","TYPE":"MS","ADDR":"2220 29th St, Orlando 32805","WEB":"https://memorialms.ocps.net","PHONE":"407.877.5035","SLNG":-81.40431,"SLAT":28.5107},"geometry":{"type":"Polygon","coordinates":[[[-81.39727,28.54199],[-81.39707,28.52013],[-81.39631,28.52014],[-81.39631,28.52051],[-81.39282,28.52055],[-81.39282,28.52037],[-81.39251,28.52037],[-81.39251,28.52055],[-81.38621,28.52061],[-81.38631,28.51937],[-81.38664,28.51823],[-81.38658,28.51652],[-81.37636,28.51658],[-81.37616,28.49937],[-81.37494,28.49468],[-81.37399,28.49247],[-81.37276,28.4875],[-81.38155,28.48735],[-81.3815,28.4845],[-81.38505,28.48447],[-81.38505,28.4843],[-81.38643,28.48429],[-81.38642,28.48362],[-81.38851,28.48361],[-81.38851,28.48454],[-81.39063,28.48451],[-81.3913,28.4848],[-81.39131,28.48698],[-81.39294,28.48698],[-81.39382,28.48608],[-81.3946,28.48607],[-81.3946,28.48588],[-81.39677,28.48587],[-81.39676,28.48408],[-81.39884,28.48406],[-81.39883,28.48252],[-81.39969,28.4825],[-81.39969,28.48285],[-81.40039,28.48284],[-81.40039,28.48421],[-81.40071,28.48428],[-81.4007,28.48352],[-81.40281,28.4834],[-81.40272,28.48313],[-81.40504,28.48297],[-81.40506,28.48498],[-81.4061,28.48544],[-81.40598,28.4856],[-81.40711,28.48647],[-81.40807,28.48691],[-81.42361,28.48677],[-81.42719,28.48681],[-81.42796,28.4871],[-81.42859,28.48761],[-81.42977,28.49059],[-81.43033,28.49145],[-81.43334,28.49336],[-81.42627,28.50149],[-81.42995,28.50143],[-81.42996,28.50224],[-81.42626,28.50717],[-81.42595,28.50794],[-81.42593,28.50878],[-81.42243,28.50891],[-81.41963,28.51001],[-81.42033,28.51158],[-81.42056,28.51265],[-81.42063,28.51371],[-81.42041,28.51539],[-81.42008,28.51633],[-81.41781,28.52012],[-81.41759,28.52097],[-81.41738,28.52416],[-81.41649,28.52599],[-81.41791,28.52687],[-81.41795,28.53172],[-81.41734,28.53175],[-81.41735,28.53226],[-81.4171,28.53226],[-81.41711,28.53293],[-81.41658,28.53294],[-81.41656,28.53189],[-81.41582,28.5319],[-81.41583,28.53282],[-81.41402,28.53299],[-81.41411,28.53572],[-81.41344,28.53919],[-81.41368,28.54177],[-81.41131,28.54181],[-81.4113,28.5415],[-81.41003,28.54152],[-81.41003,28.54183],[-81.40972,28.54183],[-81.40971,28.54145],[-81.40935,28.54145],[-81.40936,28.54183],[-81.40918,28.54184],[-81.40918,28.54145],[-81.40607,28.54149],[-81.40607,28.54187],[-81.40484,28.54198],[-81.40413,28.54264],[-81.40332,28.54287],[-81.40213,28.5426],[-81.40113,28.54202],[-81.39727,28.54199]]]}},{"type":"Feature","properties":{"SCHOOL":"SUNRIDGE","TYPE":"MS","ADDR":"14955 SunRidge Blvd, Winter Garden 34787","WEB":"https://sunridgems.ocps.net","PHONE":"407.656.0794","SLNG":-81.60433,"SLAT":28.53646},"geometry":{"type":"Polygon","coordinates":[[[-81.60801,28.55108],[-81.59376,28.55106],[-81.5938,28.54841],[-81.59667,28.54759],[-81.59672,28.5473],[-81.59794,28.5473],[-81.59801,28.54515],[-81.56924,28.54529],[-81.56707,28.5455],[-81.56259,28.54638],[-81.56009,28.5466],[-81.54726,28.54672],[-81.54498,28.54655],[-81.54287,28.54613],[-81.53983,28.54494],[-81.53805,28.54384],[-81.53586,28.54188],[-81.53419,28.53967],[-81.53491,28.53953],[-81.53461,28.5391],[-81.53467,28.53827],[-81.53368,28.53753],[-81.5335,28.52987],[-81.54178,28.52983],[-81.54152,28.51804],[-81.54573,28.51797],[-81.54575,28.51887],[-81.54903,28.51882],[-81.54904,28.51924],[-81.55134,28.5192],[-81.55133,28.51879],[-81.55411,28.51875],[-81.55411,28.51847],[-81.55737,28.51844],[-81.5575,28.51751],[-81.55739,28.51644],[-81.56102,28.51661],[-81.56216,28.51584],[-81.56472,28.51511],[-81.56474,28.51864],[-81.57063,28.51865],[-81.57056,28.50436],[-81.57086,28.50408],[-81.57363,28.50405],[-81.57433,28.50374],[-81.57465,28.50308],[-81.57464,28.5005],[-81.58705,28.50026],[-81.58706,28.50579],[-81.59837,28.50571],[-81.60183,28.50387],[-81.60222,28.50408],[-81.60472,28.50719],[-81.60513,28.50741],[-81.6201,28.50733],[-81.62026,28.52485],[-81.62003,28.52521],[-81.61962,28.52538],[-81.61534,28.52543],[-81.61534,28.52635],[-81.61617,28.52905],[-81.62031,28.52898],[-81.62032,28.53638],[-81.62447,28.5364],[-81.62453,28.54376],[-81.62245,28.54376],[-81.62245,28.54675],[-81.62209,28.54709],[-81.61882,28.54616],[-81.61508,28.54546],[-81.61118,28.5451],[-81.60798,28.54511],[-81.60801,28.55108]]]}},{"type":"Feature","properties":{"SCHOOL":"WOLF LAKE","TYPE":"MS","ADDR":"1725 W Ponkan Rd, Apopka 32712","WEB":"https://wolflakems.ocps.net","PHONE":"407.464.3317","SLNG":-81.5408,"SLAT":28.72961},"geometry":{"type":"Polygon","coordinates":[[[-81.56527,28.77027],[-81.56686,28.76529],[-81.56705,28.76361],[-81.56682,28.74572],[-81.56809,28.74569],[-81.56804,28.73834],[-81.55983,28.73843],[-81.55042,28.739],[-81.55055,28.74273],[-81.54198,28.74266],[-81.54198,28.74131],[-81.54101,28.74044],[-81.53918,28.74008],[-81.53668,28.73812],[-81.53667,28.73736],[-81.53545,28.73619],[-81.53391,28.73553],[-81.5339,28.73368],[-81.53182,28.73369],[-81.53183,28.73553],[-81.52974,28.73553],[-81.52973,28.73369],[-81.52764,28.7337],[-81.52764,28.73186],[-81.52504,28.73187],[-81.52503,28.72822],[-81.5214,28.72822],[-81.52141,28.73552],[-81.51313,28.73551],[-81.51314,28.73186],[-81.50902,28.73186],[-81.50903,28.72822],[-81.51108,28.72821],[-81.51109,28.72457],[-81.51315,28.72457],[-81.51315,28.72275],[-81.51726,28.72275],[-81.51726,28.72093],[-81.5214,28.72093],[-81.52136,28.71543],[-81.52343,28.71543],[-81.52342,28.71452],[-81.52541,28.71451],[-81.52537,28.71061],[-81.52581,28.70996],[-81.52594,28.70873],[-81.52581,28.70821],[-81.52536,28.70765],[-81.52525,28.70653],[-81.52549,28.70234],[-81.52557,28.69486],[-81.52568,28.69358],[-81.52587,28.69358],[-81.52586,28.68475],[-81.52605,28.68416],[-81.52752,28.68212],[-81.52831,28.67937],[-81.52813,28.67826],[-81.52667,28.67466],[-81.52629,28.6731],[-81.5249,28.67311],[-81.52492,28.67146],[-81.52185,28.67146],[-81.52186,28.67071],[-81.52224,28.67071],[-81.52225,28.66948],[-81.52178,28.66948],[-81.52177,28.66718],[-81.52054,28.66569],[-81.51927,28.66654],[-81.51785,28.66694],[-81.51783,28.66612],[-81.51866,28.66603],[-81.51862,28.66455],[-81.50937,28.66451],[-81.50919,28.65475],[-81.51756,28.65463],[-81.5176,28.65648],[-81.52165,28.65653],[-81.52162,28.65468],[-81.52578,28.65473],[-81.52579,28.64624],[-81.52656,28.64522],[-81.52671,28.64464],[-81.52587,28.64256],[-81.52582,28.64026],[-81.5396,28.64011],[-81.53984,28.63949],[-81.5404,28.63961],[-81.54118,28.63944],[-81.54223,28.6398],[-81.54237,28.64],[-81.54406,28.64],[-81.54391,28.63803],[-81.5433,28.63633],[-81.55264,28.63624],[-81.55289,28.63676],[-81.55326,28.63677],[-81.55404,28.63749],[-81.55371,28.63768],[-81.55416,28.63762],[-81.55457,28.63812],[-81.55562,28.63843],[-81.55628,28.63882],[-81.55656,28.63929],[-81.55892,28.63993],[-81.56058,28.64171],[-81.56381,28.64313],[-81.56625,28.64352],[-81.56852,28.64344],[-81.5701,28.64397],[-81.57032,28.64389],[-81.57066,28.64437],[-81.57102,28.6455],[-81.57386,28.64742],[-81.57995,28.65051],[-81.58753,28.65302],[-81.59131,28.65618],[-81.59238,28.65733],[-81.59259,28.66229],[-81.59367,28.66725],[-81.59547,28.67087],[-81.59796,28.67339],[-81.60222,28.67629],[-81.60801,28.67813],[-81.61421,28.67911],[-81.61911,28.67935],[-81.62214,28.67861],[-81.62431,28.67846],[-81.62423,28.67833],[-81.62293,28.67844],[-81.62283,28.67827],[-81.62461,28.67767],[-81.62487,28.67725],[-81.62564,28.67685],[-81.62899,28.67769],[-81.62982,28.6774],[-81.63094,28.67754],[-81.6319,28.67739],[-81.63266,28.67774],[-81.63269,28.67736],[-81.63294,28.67719],[-81.63358,28.67707],[-81.63382,28.67736],[-81.6339,28.67705],[-81.63426,28.67706],[-81.6349,28.67736],[-81.63532,28.67715],[-81.63576,28.67748],[-81.63634,28.67743],[-81.63673,28.67795],[-81.63705,28.67755],[-81.63741,28.6778],[-81.63821,28.67784],[-81.639,28.67823],[-81.63899,28.67868],[-81.63926,28.67859],[-81.63957,28.67894],[-81.64012,28.67901],[-81.64016,28.67924],[-81.64029,28.67917],[-81.64013,28.67889],[-81.6396,28.67858],[-81.63956,28.67833],[-81.64052,28.67837],[-81.64121,28.6787],[-81.64145,28.67853],[-81.64195,28.67874],[-81.64214,28.67909],[-81.64246,28.67895],[-81.64354,28.6792],[-81.64346,28.67954],[-81.64365,28.67971],[-81.64349,28.67989],[-81.64231,28.67979],[-81.64314,28.68027],[-81.64379,28.68017],[-81.64421,28.67965],[-81.64425,28.68043],[-81.64444,28.6805],[-81.64451,28.67997],[-81.64478,28.67996],[-81.64481,28.67939],[-81.64505,28.67929],[-81.64528,28.67965],[-81.64579,28.67991],[-81.64569,28.68023],[-81.64542,28.68033],[-81.6457,28.68031],[-81.64565,28.68056],[-81.64596,28.6805],[-81.64579,28.68083],[-81.64645,28.68056],[-81.64665,28.68073],[-81.64659,28.68031],[-81.64714,28.68038],[-81.64728,28.68059],[-81.64752,28.68046],[-81.64775,28.68135],[-81.64788,28.68131],[-81.6478,28.68087],[-81.64856,28.68049],[-81.64893,28.68063],[-81.64917,28.68039],[-81.65037,28.68049],[-81.65041,28.68117],[-81.6507,28.68102],[-81.65056,28.68081],[-81.65069,28.68061],[-81.65104,28.68055],[-81.65186,28.68094],[-81.65181,28.68139],[-81.65223,28.68143],[-81.65219,28.68166],[-81.65253,28.68162],[-81.65262,28.68204],[-81.65315,28.68194],[-81.65354,28.6824],[-81.65384,28.68235],[-81.65358,28.6822],[-81.65384,28.68199],[-81.65399,28.68226],[-81.65451,28.6823],[-81.6552,28.68268],[-81.65829,28.68282],[-81.65836,28.68326],[-81.65852,28.68281],[-81.65861,28.76644],[-81.6569,28.76937],[-81.65638,28.76984],[-81.65597,28.76901],[-81.65398,28.76757],[-81.65419,28.76723],[-81.65413,28.7668],[-81.65374,28.76633],[-81.65268,28.76605],[-81.65159,28.76621],[-81.65119,28.76594],[-81.65102,28.76628],[-81.64896,28.76695],[-81.64772,28.76861],[-81.64651,28.76986],[-81.64518,28.77265],[-81.64474,28.77599],[-81.646,28.78182],[-81.64781,28.78414],[-81.64766,28.78462],[-81.64699,28.78505],[-81.6465,28.7859],[-81.57297,28.78596],[-81.57105,28.78486],[-81.56932,28.78337],[-81.56792,28.78156],[-81.56702,28.77964],[-81.56554,28.77491],[-81.56508,28.7724],[-81.56527,28.77027]]]}},{"type":"Feature","properties":{"SCHOOL":"APOPKA","TYPE":"MS","ADDR":"425 N Park Ave, Apopka 32712","WEB":"https://apopkams.ocps.net","PHONE":"407.884.2208","SLNG":-81.50726,"SLAT":28.68567},"geometry":{"type":"Polygon","coordinates":[[[-81.52629,28.6731],[-81.52667,28.67466],[-81.52813,28.67826],[-81.52831,28.67937],[-81.52752,28.68212],[-81.52605,28.68416],[-81.52586,28.68475],[-81.52587,28.69358],[-81.52568,28.69358],[-81.52557,28.69486],[-81.52549,28.70234],[-81.52525,28.70653],[-81.52536,28.70765],[-81.52581,28.70821],[-81.52594,28.70873],[-81.52581,28.70996],[-81.52537,28.71061],[-81.52541,28.71451],[-81.52342,28.71452],[-81.52343,28.71543],[-81.52136,28.71543],[-81.5214,28.72093],[-81.51726,28.72093],[-81.51726,28.72275],[-81.51315,28.72275],[-81.51315,28.72457],[-81.51109,28.72457],[-81.51108,28.72821],[-81.50903,28.72822],[-81.50903,28.7483],[-81.51313,28.74829],[-81.51313,28.75012],[-81.51731,28.75011],[-81.51733,28.75736],[-81.51767,28.75804],[-81.51888,28.75804],[-81.51888,28.75828],[-81.51935,28.75828],[-81.51936,28.75919],[-81.52142,28.75919],[-81.52144,28.76103],[-81.52566,28.76104],[-81.52572,28.77202],[-81.52464,28.77202],[-81.5261,28.77444],[-81.52647,28.77741],[-81.52731,28.77927],[-81.53192,28.77912],[-81.53191,28.78403],[-81.53269,28.78421],[-81.53307,28.78453],[-81.53314,28.78608],[-81.47739,28.7862],[-81.46946,28.78579],[-81.46138,28.78567],[-81.41453,28.78557],[-81.41437,28.78498],[-81.41514,28.78449],[-81.41533,28.78301],[-81.41558,28.78249],[-81.41546,28.78074],[-81.41514,28.78026],[-81.41535,28.77859],[-81.41495,28.77803],[-81.41469,28.77705],[-81.41492,28.77618],[-81.41486,28.77489],[-81.41506,28.77435],[-81.41585,28.77363],[-81.4158,28.77314],[-81.41555,28.77288],[-81.41582,28.77191],[-81.41572,28.77126],[-81.4164,28.76965],[-81.41615,28.76751],[-81.41564,28.76651],[-81.41584,28.76449],[-81.41522,28.76368],[-81.41554,28.76232],[-81.41567,28.75975],[-81.41632,28.75848],[-81.41627,28.75792],[-81.41659,28.7566],[-81.41647,28.75545],[-81.41673,28.75505],[-81.41728,28.75489],[-81.41749,28.75262],[-81.41792,28.75173],[-81.41845,28.74887],[-81.41891,28.74827],[-81.41908,28.74563],[-81.4197,28.74461],[-81.42006,28.74246],[-81.42096,28.74075],[-81.42189,28.73975],[-81.42223,28.73807],[-81.42386,28.73521],[-81.42682,28.7325],[-81.42788,28.7309],[-81.43,28.72881],[-81.43028,28.72755],[-81.42995,28.72684],[-81.43013,28.72662],[-81.43036,28.72666],[-81.4312,28.72563],[-81.4317,28.72564],[-81.43405,28.72293],[-81.43654,28.72125],[-81.43685,28.72048],[-81.43772,28.71956],[-81.43772,28.71893],[-81.43856,28.71723],[-81.44023,28.71626],[-81.44178,28.7149],[-81.44328,28.71454],[-81.44428,28.7139],[-81.44562,28.71362],[-81.44648,28.71374],[-81.44705,28.71468],[-81.44782,28.7153],[-81.44879,28.71531],[-81.45068,28.71433],[-81.45288,28.7144],[-81.45396,28.71423],[-81.45497,28.71442],[-81.45594,28.71423],[-81.45811,28.71423],[-81.45955,28.71302],[-81.45954,28.7094],[-81.467,28.70952],[-81.46747,28.70935],[-81.46773,28.70886],[-81.46783,28.70207],[-81.46841,28.69974],[-81.46813,28.69839],[-81.47622,28.69847],[-81.47628,28.69484],[-81.4773,28.69484],[-81.47731,28.69401],[-81.47629,28.69401],[-81.4763,28.69357],[-81.47705,28.69357],[-81.47708,28.69121],[-81.47831,28.6912],[-81.47835,28.68752],[-81.48458,28.68751],[-81.48456,28.68877],[-81.48798,28.68876],[-81.48778,28.68979],[-81.48789,28.69002],[-81.48811,28.69002],[-81.48811,28.69024],[-81.48716,28.69025],[-81.48715,28.6907],[-81.48453,28.69071],[-81.4845,28.69299],[-81.48849,28.69297],[-81.48847,28.69471],[-81.48984,28.69471],[-81.49003,28.69297],[-81.49889,28.69299],[-81.4989,28.69119],[-81.49874,28.69119],[-81.49752,28.68899],[-81.49753,28.68844],[-81.49567,28.68843],[-81.49686,28.68753],[-81.49456,28.68752],[-81.49459,28.68388],[-81.48867,28.68386],[-81.48872,28.67302],[-81.49271,28.673],[-81.49272,28.67218],[-81.49078,28.67218],[-81.49079,28.67126],[-81.49164,28.67126],[-81.49163,28.67179],[-81.49224,28.67167],[-81.4921,28.67167],[-81.49211,28.67126],[-81.49273,28.67126],[-81.49275,28.66942],[-81.49275,28.66851],[-81.49156,28.66851],[-81.49155,28.66802],[-81.4908,28.66802],[-81.49078,28.66394],[-81.48874,28.66393],[-81.48872,28.66209],[-81.49269,28.66211],[-81.4927,28.65944],[-81.49125,28.65845],[-81.49271,28.65845],[-81.49273,28.65479],[-81.50919,28.65475],[-81.50937,28.66451],[-81.51862,28.66455],[-81.51866,28.66603],[-81.51783,28.66612],[-81.51785,28.66694],[-81.51927,28.66654],[-81.52054,28.66569],[-81.5217,28.66698],[-81.52178,28.66948],[-81.52225,28.66948],[-81.52224,28.67071],[-81.52186,28.67071],[-81.52185,28.67146],[-81.52492,28.67146],[-81.5249,28.67311],[-81.52629,28.6731]]]}},{"type":"Feature","properties":{"SCHOOL":"ODYSSEY","TYPE":"MS","ADDR":"9290 Lee Vista Blvd, Orlando 32829","WEB":"https://odysseyms.ocps.net","PHONE":"407.884.2265","SLNG":-81.25713,"SLAT":28.47457},"geometry":{"type":"Polygon","coordinates":[[[-81.25047,28.42625],[-81.25063,28.42664],[-81.25125,28.42702],[-81.25116,28.42766],[-81.25183,28.42797],[-81.25189,28.42821],[-81.25102,28.42853],[-81.25014,28.42926],[-81.24969,28.42989],[-81.24987,28.43017],[-81.25167,28.42967],[-81.25298,28.42959],[-81.25301,28.4291],[-81.25238,28.42873],[-81.25248,28.42843],[-81.25318,28.42867],[-81.25372,28.42845],[-81.25487,28.42869],[-81.25571,28.42843],[-81.25637,28.42938],[-81.25685,28.43069],[-81.25698,28.43286],[-81.28853,28.43282],[-81.28854,28.44138],[-81.28666,28.44932],[-81.30111,28.45145],[-81.30916,28.45146],[-81.30996,28.4548],[-81.31018,28.45678],[-81.31003,28.45879],[-81.3101,28.48062],[-81.29162,28.48072],[-81.28947,28.48028],[-81.28947,28.48074],[-81.28669,28.48076],[-81.2859,28.48216],[-81.28543,28.48369],[-81.28538,28.48835],[-81.28107,28.48836],[-81.28113,28.48808],[-81.2731,28.48811],[-81.2731,28.48839],[-81.27186,28.48811],[-81.26906,28.48841],[-81.26906,28.49175],[-81.26071,28.49175],[-81.26071,28.49149],[-81.24299,28.49155],[-81.24237,28.48955],[-81.2312,28.48961],[-81.23085,28.48822],[-81.23174,28.48821],[-81.23175,28.48457],[-81.22931,28.48458],[-81.22879,28.4835],[-81.22737,28.48198],[-81.2276,28.48198],[-81.22764,28.47365],[-81.18624,28.47384],[-81.18625,28.46654],[-81.16116,28.46661],[-81.1611,28.4517],[-81.24413,28.45134],[-81.24416,28.4365],[-81.24394,28.42828],[-81.24748,28.42771],[-81.24728,28.42677],[-81.25047,28.42625]]]}},{"type":"Feature","properties":{"SCHOOL":"INNOVATION","TYPE":"MS","ADDR":"13950 Storey Park Blvd, Orlando 32832","WEB":"https://innovationms.ocps.net","PHONE":"407.730.4670","SLNG":-81.21108,"SLAT":28.4223},"geometry":{"type":"Polygon","coordinates":[[[-81.24381,28.41841],[-81.24416,28.4365],[-81.24413,28.45134],[-81.16924,28.45174],[-81.12256,28.45141],[-81.09507,28.45167],[-81.0947,28.42801],[-81.09494,28.42058],[-81.09462,28.34822],[-81.16976,28.34854],[-81.21116,28.34824],[-81.21161,28.36533],[-81.21971,28.36714],[-81.22387,28.3671],[-81.22383,28.36999],[-81.22471,28.37104],[-81.22558,28.37127],[-81.226,28.37376],[-81.22615,28.37345],[-81.22678,28.37347],[-81.22626,28.37352],[-81.22617,28.3738],[-81.22591,28.37389],[-81.2261,28.37408],[-81.22581,28.37413],[-81.22614,28.37438],[-81.22613,28.37576],[-81.22604,28.37616],[-81.2256,28.37662],[-81.22576,28.37682],[-81.22548,28.37681],[-81.22557,28.37715],[-81.22535,28.37742],[-81.22566,28.37726],[-81.22572,28.37749],[-81.22526,28.37787],[-81.22455,28.37785],[-81.22545,28.37792],[-81.22542,28.37805],[-81.22455,28.3781],[-81.22521,28.37829],[-81.22514,28.37845],[-81.22471,28.37841],[-81.22457,28.37863],[-81.22459,28.37907],[-81.2249,28.37922],[-81.22443,28.37914],[-81.22428,28.37938],[-81.22492,28.37944],[-81.22375,28.37948],[-81.2249,28.37971],[-81.22484,28.37986],[-81.22396,28.37968],[-81.22373,28.37994],[-81.22379,28.38012],[-81.22482,28.38024],[-81.22366,28.38026],[-81.22347,28.38049],[-81.22474,28.38055],[-81.22387,28.38067],[-81.22477,28.3808],[-81.22359,28.38086],[-81.22371,28.38112],[-81.22468,28.38116],[-81.22375,28.3812],[-81.22346,28.38139],[-81.22417,28.38137],[-81.22357,28.38167],[-81.22419,28.38173],[-81.22366,28.38184],[-81.22374,28.38198],[-81.22425,28.38197],[-81.2242,28.38215],[-81.22379,28.38209],[-81.22363,28.38241],[-81.22384,28.38274],[-81.22366,28.38312],[-81.22432,28.38317],[-81.22374,28.38328],[-81.22395,28.38338],[-81.22385,28.38416],[-81.22494,28.38399],[-81.22386,28.38426],[-81.22362,28.38545],[-81.22375,28.38545],[-81.22375,28.39271],[-81.22785,28.39272],[-81.22786,28.39474],[-81.2285,28.39668],[-81.22958,28.39806],[-81.23126,28.39971],[-81.23188,28.39993],[-81.23729,28.39991],[-81.23727,28.40432],[-81.23379,28.40634],[-81.2313,28.40852],[-81.22906,28.41153],[-81.22778,28.41457],[-81.24294,28.41461],[-81.2431,28.4167],[-81.24381,28.41841]]]}},{"type":"Feature","properties":{"SCHOOL":"CARVER","TYPE":"MS","ADDR":"4500 W Columbia St, Orlando 32811","WEB":"https://carverms.ocps.net","PHONE":"407.909.5400","SLNG":-81.43819,"SLAT":28.52513},"geometry":{"type":"Polygon","coordinates":[[[-81.43058,28.56705],[-81.41493,28.56718],[-81.41487,28.56604],[-81.41562,28.56323],[-81.41565,28.5622],[-81.41545,28.56109],[-81.41396,28.55654],[-81.41384,28.55281],[-81.39564,28.55295],[-81.39598,28.5519],[-81.39706,28.55061],[-81.39736,28.54975],[-81.39727,28.54199],[-81.40113,28.54202],[-81.40213,28.5426],[-81.40332,28.54287],[-81.40413,28.54264],[-81.40484,28.54198],[-81.40607,28.54187],[-81.40607,28.54149],[-81.40918,28.54145],[-81.40918,28.54184],[-81.40936,28.54183],[-81.40935,28.54145],[-81.40971,28.54145],[-81.40972,28.54183],[-81.41003,28.54183],[-81.41003,28.54152],[-81.4113,28.5415],[-81.41131,28.54181],[-81.41368,28.54177],[-81.41344,28.53919],[-81.41411,28.53572],[-81.41402,28.53299],[-81.41583,28.53282],[-81.41582,28.5319],[-81.41656,28.53189],[-81.41658,28.53294],[-81.41711,28.53293],[-81.4171,28.53226],[-81.41735,28.53226],[-81.41734,28.53175],[-81.41795,28.53172],[-81.41791,28.52687],[-81.41649,28.52599],[-81.41738,28.52416],[-81.41759,28.52097],[-81.41781,28.52012],[-81.42008,28.51633],[-81.42041,28.51539],[-81.42063,28.51371],[-81.42056,28.51265],[-81.42033,28.51158],[-81.41963,28.51001],[-81.42243,28.50891],[-81.42593,28.50878],[-81.42595,28.50794],[-81.42626,28.50717],[-81.43057,28.50143],[-81.44241,28.50128],[-81.44246,28.50978],[-81.44242,28.51041],[-81.44208,28.51042],[-81.44212,28.51592],[-81.44195,28.51592],[-81.44197,28.52337],[-81.44231,28.52338],[-81.44232,28.52368],[-81.44209,28.52368],[-81.4422,28.52783],[-81.45692,28.52768],[-81.45823,28.52798],[-81.45927,28.52799],[-81.45924,28.53207],[-81.45818,28.53629],[-81.45832,28.54505],[-81.45692,28.54958],[-81.45661,28.55098],[-81.45656,28.55237],[-81.44278,28.55255],[-81.44288,28.55974],[-81.4305,28.55982],[-81.43058,28.56705]]]}},{"type":"Feature","properties":{"SCHOOL":"COLLEGE PARK","TYPE":"MS","ADDR":"1201 Maury Rd, Orlando 32804","WEB":"https://collegeparkms.ocps.net","PHONE":"407.658.5330","SLNG":-81.39702,"SLAT":28.58421},"geometry":{"type":"Polygon","coordinates":[[[-81.43619,28.61265],[-81.43233,28.61276],[-81.42479,28.60802],[-81.4257,28.60694],[-81.42709,28.60681],[-81.42698,28.60667],[-81.42712,28.60654],[-81.42729,28.60669],[-81.42871,28.60658],[-81.42728,28.60462],[-81.42638,28.60482],[-81.42552,28.60469],[-81.42482,28.60428],[-81.42431,28.60358],[-81.42168,28.60557],[-81.42019,28.60387],[-81.4193,28.60252],[-81.41686,28.59794],[-81.41212,28.60031],[-81.40973,28.60125],[-81.40611,28.60459],[-81.40391,28.60565],[-81.40246,28.60586],[-81.39529,28.60589],[-81.39412,28.60641],[-81.39226,28.60806],[-81.39087,28.60841],[-81.3892,28.608],[-81.38748,28.6064],[-81.38647,28.60593],[-81.38659,28.61101],[-81.38489,28.61092],[-81.38486,28.61154],[-81.37467,28.61168],[-81.37469,28.60996],[-81.36905,28.61004],[-81.36902,28.61172],[-81.36792,28.61173],[-81.368,28.61147],[-81.36718,28.61147],[-81.36725,28.61174],[-81.36535,28.61176],[-81.36488,28.58276],[-81.36437,28.58004],[-81.36446,28.57032],[-81.36596,28.57041],[-81.36809,28.57151],[-81.36901,28.57177],[-81.37282,28.57135],[-81.37269,28.56592],[-81.37296,28.56293],[-81.37352,28.56165],[-81.37693,28.55955],[-81.37687,28.55313],[-81.41384,28.55281],[-81.41396,28.55654],[-81.41545,28.56109],[-81.41565,28.5622],[-81.41562,28.56323],[-81.41487,28.56604],[-81.41493,28.56718],[-81.4337,28.56696],[-81.43375,28.5661],[-81.43468,28.56609],[-81.43466,28.56412],[-81.43487,28.56412],[-81.43486,28.56339],[-81.43817,28.56338],[-81.43818,28.56437],[-81.4388,28.56436],[-81.43884,28.56698],[-81.43985,28.56697],[-81.43989,28.56808],[-81.44302,28.56806],[-81.44328,28.57801],[-81.43081,28.57808],[-81.43094,28.58903],[-81.44119,28.58909],[-81.4412,28.59274],[-81.44325,28.59275],[-81.44326,28.5964],[-81.45141,28.59635],[-81.45178,28.61132],[-81.45015,28.61142],[-81.44284,28.61279],[-81.43619,28.61265]]]}},{"type":"Feature","properties":{"SCHOOL":"CONWAY","TYPE":"MS","ADDR":"4600 Anderson Rd, Orlando 32812","WEB":"https://conwayms.ocps.net","PHONE":"407.249.6420","SLNG":-81.32803,"SLAT":28.50054},"geometry":{"type":"Polygon","coordinates":[[[-81.33103,28.52426],[-81.33099,28.51878],[-81.32686,28.51881],[-81.32684,28.51699],[-81.32332,28.51701],[-81.32331,28.51659],[-81.32199,28.51631],[-81.32044,28.51517],[-81.31955,28.51482],[-81.31609,28.51478],[-81.31445,28.51457],[-81.31035,28.5146],[-81.31006,28.4734],[-81.31003,28.45879],[-81.31018,28.45678],[-81.30996,28.4548],[-81.30916,28.45146],[-81.32999,28.45138],[-81.34098,28.45062],[-81.34832,28.45098],[-81.35077,28.45046],[-81.35256,28.45104],[-81.35391,28.45109],[-81.35255,28.4512],[-81.35254,28.45288],[-81.35128,28.45289],[-81.35118,28.45483],[-81.35279,28.4561],[-81.3529,28.45664],[-81.35269,28.45664],[-81.35348,28.45747],[-81.35441,28.45923],[-81.35492,28.4596],[-81.35499,28.46065],[-81.3552,28.46105],[-81.3556,28.4614],[-81.35757,28.46224],[-81.35786,28.46324],[-81.35766,28.46396],[-81.35739,28.4642],[-81.35681,28.46414],[-81.35567,28.46362],[-81.35489,28.46368],[-81.3541,28.46303],[-81.35369,28.46297],[-81.35295,28.46347],[-81.35212,28.46354],[-81.3522,28.4637],[-81.35176,28.46371],[-81.35168,28.46351],[-81.35012,28.4637],[-81.34988,28.46389],[-81.34868,28.46387],[-81.34851,28.46454],[-81.3483,28.46446],[-81.34799,28.46517],[-81.34754,28.46471],[-81.34598,28.46472],[-81.34627,28.46584],[-81.34604,28.46584],[-81.34577,28.46479],[-81.34441,28.46528],[-81.3445,28.4654],[-81.34432,28.46551],[-81.34447,28.46571],[-81.34416,28.46593],[-81.34404,28.46566],[-81.34354,28.46589],[-81.34307,28.46586],[-81.34307,28.46606],[-81.34226,28.46642],[-81.34212,28.4676],[-81.34147,28.46814],[-81.34038,28.47002],[-81.33943,28.47012],[-81.3387,28.47161],[-81.33788,28.47125],[-81.33709,28.47132],[-81.33624,28.47184],[-81.33602,28.47255],[-81.33608,28.47318],[-81.33627,28.47318],[-81.33655,28.47358],[-81.33765,28.47372],[-81.33818,28.47412],[-81.34009,28.47451],[-81.33941,28.4747],[-81.33931,28.47504],[-81.33957,28.47557],[-81.33998,28.47569],[-81.34046,28.47542],[-81.34209,28.4776],[-81.34214,28.47732],[-81.34286,28.47821],[-81.34419,28.47926],[-81.34565,28.47987],[-81.34659,28.48062],[-81.34776,28.48112],[-81.35057,28.48146],[-81.35054,28.48169],[-81.34954,28.48163],[-81.34889,28.48235],[-81.34893,28.48295],[-81.34939,28.48372],[-81.34965,28.48367],[-81.34964,28.48446],[-81.34931,28.48543],[-81.34852,28.48595],[-81.34826,28.48648],[-81.34827,28.48803],[-81.3477,28.48988],[-81.34928,28.49062],[-81.35181,28.49263],[-81.35146,28.49351],[-81.35035,28.49434],[-81.3484,28.49461],[-81.34833,28.49495],[-81.34864,28.49495],[-81.34843,28.49512],[-81.34809,28.49626],[-81.34666,28.49673],[-81.34594,28.49643],[-81.34656,28.49555],[-81.34647,28.49469],[-81.34672,28.49444],[-81.34626,28.49417],[-81.34545,28.4944],[-81.34523,28.49487],[-81.3411,28.4952],[-81.34063,28.49504],[-81.34032,28.49438],[-81.34001,28.49431],[-81.34001,28.49446],[-81.33955,28.49451],[-81.33955,28.49428],[-81.33937,28.49446],[-81.33911,28.49433],[-81.33852,28.49315],[-81.33799,28.49283],[-81.33085,28.49292],[-81.33108,28.5024],[-81.34557,28.50229],[-81.34584,28.50281],[-81.34587,28.50551],[-81.34629,28.5055],[-81.3463,28.50593],[-81.34708,28.50592],[-81.34708,28.50638],[-81.34688,28.50638],[-81.34688,28.50657],[-81.3473,28.50656],[-81.34731,28.5071],[-81.34689,28.5071],[-81.34697,28.50918],[-81.34733,28.50918],[-81.34733,28.50948],[-81.34689,28.50948],[-81.34707,28.51232],[-81.34688,28.51232],[-81.34688,28.51249],[-81.34709,28.5132],[-81.3434,28.51332],[-81.34338,28.51687],[-81.33925,28.5169],[-81.3393,28.5242],[-81.33103,28.52426]]]}},{"type":"Feature","properties":{"SCHOOL":"BLANKNER SCHOOL","TYPE":"K8","ADDR":"2500 S Mills Ave, Orlando 32806","WEB":"https://blanknerk8.ocps.net","PHONE":"407.245.1720","SLNG":-81.36401,"SLAT":28.514},"geometry":{"type":"Polygon","coordinates":[[[-81.36424,28.53727],[-81.3641,28.52814],[-81.3636,28.52815],[-81.36231,28.5277],[-81.36127,28.52709],[-81.36104,28.52727],[-81.36076,28.52698],[-81.36073,28.52665],[-81.36052,28.52673],[-81.36025,28.52658],[-81.36033,28.52639],[-81.36004,28.52629],[-81.35983,28.52555],[-81.35982,28.50888],[-81.36496,28.50667],[-81.36597,28.50666],[-81.366,28.50939],[-81.36806,28.50937],[-81.36801,28.50396],[-81.36904,28.5039],[-81.36904,28.50296],[-81.36852,28.50296],[-81.36851,28.50207],[-81.37212,28.50203],[-81.37211,28.5002],[-81.37289,28.50019],[-81.37288,28.49837],[-81.37595,28.49834],[-81.37618,28.49955],[-81.37629,28.50311],[-81.37636,28.51658],[-81.38658,28.51652],[-81.38664,28.51823],[-81.38631,28.51937],[-81.38621,28.52061],[-81.38626,28.52911],[-81.38592,28.53081],[-81.38316,28.53524],[-81.37959,28.53543],[-81.37531,28.53675],[-81.37368,28.53708],[-81.36424,28.53727]]]}},{"type":"Feature","properties":{"SCHOOL":"CORNER LAKE","TYPE":"MS","ADDR":"1700 Chuluota Rd, Orlando 32820","WEB":"https://cornerlakems.ocps.net","PHONE":"407.568.0510","SLNG":-81.12987,"SLAT":28.56443},"geometry":{"type":"Polygon","coordinates":[[[-80.98551,28.61138],[-80.98504,28.61141],[-80.98506,28.61177],[-80.98528,28.61198],[-80.98512,28.61263],[-80.98489,28.61287],[-80.98446,28.61284],[-80.98386,28.61208],[-80.98378,28.61031],[-80.98333,28.6097],[-80.98284,28.6098],[-80.98241,28.61069],[-80.98152,28.61114],[-80.98104,28.61116],[-80.9806,28.61095],[-80.98059,28.61053],[-80.98105,28.6102],[-80.9806,28.60959],[-80.97983,28.60912],[-80.97797,28.60914],[-80.97643,28.60796],[-80.97587,28.60782],[-80.97541,28.60791],[-80.97475,28.60852],[-80.97307,28.61137],[-80.9726,28.61149],[-80.97099,28.61116],[-80.97064,28.61071],[-80.97086,28.60908],[-80.97065,28.60859],[-80.96949,28.60838],[-80.96919,28.60788],[-80.96959,28.60695],[-80.96953,28.6052],[-80.96893,28.60452],[-80.96835,28.60421],[-80.96783,28.60437],[-80.96783,28.60501],[-80.9676,28.60521],[-80.96703,28.60502],[-80.96623,28.60509],[-80.96582,28.6046],[-80.9652,28.60439],[-80.96404,28.6051],[-80.96214,28.60548],[-80.9613,28.60545],[-80.96039,28.60496],[-80.96023,28.6035],[-80.95996,28.60293],[-80.95906,28.60242],[-80.95711,28.60191],[-80.95636,28.60215],[-80.95663,28.60331],[-80.95642,28.60389],[-80.95523,28.60356],[-80.9541,28.60496],[-80.95371,28.60489],[-80.95283,28.60421],[-80.95208,28.60424],[-80.95192,28.60388],[-80.95248,28.60275],[-80.95196,28.60241],[-80.95195,28.60223],[-80.95292,28.60139],[-80.95313,28.60094],[-80.95305,28.60067],[-80.95233,28.60006],[-80.95184,28.60049],[-80.95123,28.60048],[-80.95121,28.60006],[-80.95092,28.60003],[-80.95072,28.59964],[-80.94931,28.60038],[-80.94906,28.59998],[-80.94952,28.59974],[-80.94931,28.59919],[-80.94952,28.59848],[-80.94853,28.59881],[-80.94841,28.59859],[-80.94879,28.59824],[-80.94882,28.59794],[-80.94811,28.59752],[-80.94704,28.59747],[-80.94637,28.59694],[-80.94658,28.59659],[-80.94733,28.59673],[-80.94793,28.59592],[-80.94793,28.59564],[-80.94642,28.59575],[-80.94553,28.59497],[-80.94346,28.5939],[-80.94335,28.59343],[-80.94381,28.59267],[-80.94406,28.59262],[-80.94459,28.59304],[-80.94508,28.59236],[-80.94467,28.59133],[-80.94409,28.59135],[-80.94381,28.59101],[-80.94389,28.5905],[-80.94446,28.59036],[-80.94473,28.58988],[-80.94428,28.58891],[-80.94507,28.58894],[-80.9451,28.58854],[-80.94556,28.58795],[-80.94531,28.58707],[-80.94544,28.58651],[-80.94582,28.5865],[-80.94596,28.58705],[-80.94638,28.58759],[-80.9471,28.58743],[-80.94717,28.58715],[-80.94671,28.58713],[-80.94633,28.58608],[-80.94654,28.58554],[-80.94716,28.58489],[-80.94476,28.58401],[-80.94474,28.58383],[-80.94587,28.58273],[-80.94449,28.5826],[-80.94395,28.58196],[-80.94384,28.58129],[-80.94444,28.58053],[-80.94425,28.58012],[-80.94391,28.58003],[-80.94363,28.58025],[-80.9426,28.5799],[-80.94168,28.579],[-80.9415,28.57814],[-80.94044,28.5781],[-80.94027,28.57594],[-80.93969,28.57558],[-80.93933,28.57562],[-80.93906,28.57519],[-80.93928,28.57469],[-80.94019,28.57468],[-80.94034,28.57451],[-80.93989,28.5736],[-80.93934,28.57311],[-80.93935,28.57255],[-80.93829,28.57225],[-80.93824,28.57152],[-80.93746,28.57095],[-80.93633,28.57145],[-80.93588,28.57134],[-80.93575,28.57049],[-80.93441,28.56944],[-80.93443,28.56876],[-80.93396,28.56829],[-80.93407,28.56792],[-80.9337,28.56755],[-80.93281,28.56736],[-80.9331,28.56631],[-80.93187,28.56643],[-80.93215,28.56583],[-80.932,28.56461],[-80.93142,28.56457],[-80.93106,28.56392],[-80.93053,28.56407],[-80.93002,28.56312],[-80.93019,28.5627],[-80.93218,28.56183],[-80.93156,28.5599],[-80.93285,28.55943],[-80.9341,28.55939],[-80.93426,28.55922],[-80.9341,28.55879],[-80.93299,28.55831],[-80.93246,28.55733],[-80.93169,28.55707],[-80.93174,28.55592],[-80.93385,28.55503],[-80.93418,28.55437],[-80.93404,28.55357],[-80.93327,28.55287],[-80.93363,28.55199],[-80.93288,28.55196],[-80.93264,28.55159],[-80.93338,28.55064],[-80.93327,28.54953],[-80.93419,28.54746],[-80.93438,28.54543],[-80.93415,28.54483],[-80.93315,28.54417],[-80.93281,28.54371],[-80.93904,28.54364],[-80.94638,28.54202],[-80.96557,28.54017],[-80.97163,28.53892],[-80.97168,28.54074],[-81.01225,28.54034],[-81.01228,28.53673],[-81.01784,28.53667],[-81.03365,28.53545],[-81.04449,28.53617],[-81.07284,28.53608],[-81.07628,28.53648],[-81.0794,28.5374],[-81.07857,28.53489],[-81.07782,28.53338],[-81.07147,28.52531],[-81.1283,28.52515],[-81.12817,28.5307],[-81.12416,28.53069],[-81.12422,28.5399],[-81.12442,28.54354],[-81.12833,28.54352],[-81.12853,28.54723],[-81.13259,28.54721],[-81.1326,28.55087],[-81.14226,28.55084],[-81.14227,28.55266],[-81.14497,28.55265],[-81.14487,28.55448],[-81.1479,28.55449],[-81.14794,28.55889],[-81.15018,28.55889],[-81.15021,28.56107],[-81.15156,28.56062],[-81.15154,28.5618],[-81.1531,28.56177],[-81.15169,28.56371],[-81.14838,28.56358],[-81.14727,28.56433],[-81.14811,28.56531],[-81.15084,28.56544],[-81.19452,28.56541],[-81.22396,28.56875],[-81.22433,28.5832],[-81.22441,28.59761],[-81.24468,28.59748],[-81.24471,28.5979],[-81.24468,28.60095],[-81.24435,28.60166],[-81.24315,28.60315],[-81.24287,28.60419],[-81.24324,28.60725],[-81.24466,28.60972],[-81.2447,28.61162],[-80.98954,28.61359],[-80.98773,28.613],[-80.98551,28.61138]]]}},{"type":"Feature","properties":{"SCHOOL":"AVALON","TYPE":"MS","ADDR":"13914 Mailer Blvd, Orlando 32828","WEB":"https://avalonms.ocps.net","PHONE":"407.207.7839","SLNG":-81.14893,"SLAT":28.49885},"geometry":{"type":"Polygon","coordinates":[[[-81.18586,28.51354],[-81.18992,28.52243],[-81.18992,28.52496],[-81.13056,28.52515],[-81.13067,28.52275],[-81.13431,28.51773],[-81.13805,28.51425],[-81.13898,28.50702],[-81.13648,28.50325],[-81.13522,28.49737],[-81.13412,28.49659],[-81.1431,28.49658],[-81.14311,28.49727],[-81.15833,28.49723],[-81.15836,28.5017],[-81.15899,28.50316],[-81.16836,28.51018],[-81.16956,28.51069],[-81.17102,28.51094],[-81.18173,28.51097],[-81.18369,28.51157],[-81.18518,28.51266],[-81.18586,28.51354]]]}},{"type":"Feature","properties":{"SCHOOL":"LAKE NONA","TYPE":"MS","ADDR":"13700 Narcoossee Rd, Orlando 32827","WEB":"https://lakenonams.ocps.net","PHONE":"407.877.5010","SLNG":-81.24614,"SLAT":28.36652},"geometry":{"type":"Polygon","coordinates":[[[-81.28853,28.43282],[-81.25698,28.43286],[-81.25672,28.43023],[-81.25571,28.42843],[-81.25487,28.42869],[-81.25372,28.42845],[-81.25318,28.42867],[-81.25248,28.42843],[-81.25238,28.42873],[-81.25301,28.4291],[-81.25298,28.42959],[-81.25167,28.42967],[-81.24987,28.43017],[-81.24969,28.42989],[-81.25014,28.42926],[-81.25102,28.42853],[-81.25189,28.42821],[-81.25183,28.42797],[-81.25116,28.42766],[-81.25125,28.42702],[-81.25063,28.42664],[-81.25047,28.42625],[-81.24728,28.42677],[-81.24748,28.42771],[-81.24394,28.42828],[-81.24381,28.41841],[-81.2431,28.4167],[-81.24294,28.41461],[-81.22778,28.41457],[-81.22906,28.41153],[-81.2313,28.40852],[-81.23379,28.40634],[-81.23727,28.40432],[-81.23729,28.39991],[-81.23188,28.39993],[-81.23126,28.39971],[-81.22958,28.39806],[-81.2285,28.39668],[-81.22786,28.39474],[-81.22785,28.39272],[-81.22375,28.39271],[-81.22375,28.38545],[-81.22362,28.38545],[-81.22386,28.38426],[-81.22494,28.38399],[-81.22385,28.38416],[-81.22395,28.38338],[-81.22374,28.38328],[-81.22432,28.38317],[-81.22366,28.38312],[-81.22384,28.38274],[-81.22363,28.38241],[-81.22379,28.38209],[-81.2242,28.38215],[-81.22425,28.38197],[-81.22374,28.38198],[-81.22366,28.38184],[-81.22419,28.38173],[-81.22357,28.38167],[-81.22417,28.38137],[-81.22346,28.38139],[-81.22375,28.3812],[-81.22468,28.38116],[-81.22371,28.38112],[-81.22359,28.38086],[-81.22477,28.3808],[-81.22387,28.38067],[-81.22474,28.38055],[-81.22347,28.38051],[-81.22366,28.38026],[-81.22482,28.38024],[-81.22373,28.38],[-81.22396,28.37968],[-81.22488,28.37984],[-81.22489,28.37967],[-81.22375,28.37949],[-81.22492,28.37944],[-81.22428,28.37938],[-81.22443,28.37914],[-81.2249,28.37922],[-81.22459,28.37907],[-81.22457,28.37863],[-81.22471,28.37841],[-81.22514,28.37845],[-81.22521,28.37829],[-81.22455,28.37809],[-81.24447,28.37823],[-81.24439,28.36362],[-81.25973,28.36343],[-81.26127,28.3617],[-81.26083,28.36105],[-81.26083,28.36038],[-81.26263,28.35873],[-81.26753,28.35698],[-81.26812,28.35763],[-81.26955,28.35623],[-81.26992,28.35678],[-81.27053,28.35723],[-81.27238,28.35731],[-81.27312,28.35695],[-81.27776,28.36002],[-81.2794,28.36051],[-81.27927,28.36125],[-81.27946,28.36192],[-81.27979,28.36186],[-81.28035,28.36112],[-81.28146,28.36036],[-81.28254,28.36195],[-81.28414,28.36345],[-81.2932,28.36296],[-81.30986,28.36299],[-81.30931,28.3788],[-81.30876,28.38508],[-81.3089,28.38672],[-81.30997,28.38966],[-81.31016,28.39068],[-81.31013,28.39657],[-81.31004,28.39705],[-81.30912,28.3971],[-81.30759,28.40199],[-81.30747,28.40628],[-81.30731,28.40695],[-81.30664,28.40785],[-81.30458,28.40917],[-81.30415,28.40989],[-81.30398,28.41069],[-81.30416,28.41501],[-81.30494,28.41744],[-81.30652,28.4207],[-81.30708,28.4251],[-81.30786,28.426],[-81.30968,28.42651],[-81.31022,28.42687],[-81.31129,28.42967],[-81.3113,28.43295],[-81.31035,28.43634],[-81.31078,28.43768],[-81.31068,28.43821],[-81.3116,28.43991],[-81.31173,28.44087],[-81.3115,28.44172],[-81.30946,28.44572],[-81.30892,28.44718],[-81.30874,28.44944],[-81.30916,28.45146],[-81.30111,28.45145],[-81.28666,28.44932],[-81.28854,28.44138],[-81.28853,28.43282]]]}},{"type":"Feature","properties":{"SCHOOL":"OCPS ACE","TYPE":"K8","ADDR":"701 W Livingston St, Orlando 32805","WEB":"https://ocpsace.ocps.net","PHONE":"407.866.1280","SLNG":-81.39174,"SLAT":28.54915},"geometry":{"type":"Polygon","coordinates":[[[-81.38238,28.55309],[-81.38263,28.5502],[-81.38221,28.53895],[-81.38191,28.53857],[-81.38218,28.53741],[-81.38309,28.53533],[-81.38569,28.53133],[-81.3861,28.5302],[-81.38626,28.52911],[-81.38621,28.52061],[-81.39251,28.52055],[-81.39251,28.52037],[-81.39282,28.52037],[-81.39282,28.52055],[-81.39631,28.52051],[-81.39631,28.52014],[-81.39707,28.52013],[-81.39738,28.54952],[-81.39724,28.55024],[-81.39603,28.55181],[-81.39564,28.55295],[-81.38238,28.55309]]]}},{"type":"Feature","properties":{"SCHOOL":"AUDUBON PARK SCHOOL","TYPE":"K8","ADDR":"1500 Falcon Dr, Orlando 32803","WEB":"https://audubonparkk8.ocps.net","PHONE":"407.317.5829","SLNG":-81.34713,"SLAT":28.56608},"geometry":{"type":"Polygon","coordinates":[[[-81.36513,28.60038],[-81.34701,28.6005],[-81.34659,28.59886],[-81.34659,28.59795],[-81.34675,28.59794],[-81.34662,28.59768],[-81.3458,28.59741],[-81.34469,28.59753],[-81.34349,28.5973],[-81.34275,28.59667],[-81.34238,28.59673],[-81.3424,28.59653],[-81.34225,28.59656],[-81.34233,28.59567],[-81.34513,28.5956],[-81.34572,28.59532],[-81.34444,28.59377],[-81.34433,28.58604],[-81.3402,28.58608],[-81.34016,28.58367],[-81.33964,28.58341],[-81.33963,28.58278],[-81.33907,28.58278],[-81.33852,28.58253],[-81.33849,28.58079],[-81.34034,28.58077],[-81.34032,28.5788],[-81.33993,28.5788],[-81.33978,28.56788],[-81.33478,28.56789],[-81.33377,28.56805],[-81.33343,28.55345],[-81.36031,28.55311],[-81.37376,28.55325],[-81.37687,28.55313],[-81.37693,28.55955],[-81.37352,28.56165],[-81.37296,28.56293],[-81.37269,28.56592],[-81.37282,28.57135],[-81.36901,28.57177],[-81.36809,28.57151],[-81.36596,28.57041],[-81.36446,28.57032],[-81.36437,28.58004],[-81.36488,28.58276],[-81.36513,28.60038]]]}},{"type":"Feature","properties":{"SCHOOL":"PERSHING SCHOOL","TYPE":"K8","ADDR":"1800 Pershing Ave, Orlando 32806","WEB":"https://pershinges.ocps.net","PHONE":"407.858.3160","SLNG":-81.35456,"SLAT":28.49757},"geometry":{"type":"Polygon","coordinates":[[[-81.3516,28.51319],[-81.34709,28.5132],[-81.34693,28.5129],[-81.34688,28.51232],[-81.34707,28.51232],[-81.34707,28.51199],[-81.34693,28.51199],[-81.34689,28.50948],[-81.34733,28.50948],[-81.34733,28.50918],[-81.34697,28.50918],[-81.34689,28.5071],[-81.34731,28.5071],[-81.3473,28.50656],[-81.34688,28.50657],[-81.34688,28.50638],[-81.34708,28.50638],[-81.34708,28.50592],[-81.3463,28.50593],[-81.34629,28.5055],[-81.34587,28.50551],[-81.34584,28.50281],[-81.34557,28.50229],[-81.33108,28.5024],[-81.33085,28.49292],[-81.33799,28.49283],[-81.33852,28.49315],[-81.33911,28.49433],[-81.33937,28.49446],[-81.33955,28.49428],[-81.33955,28.49451],[-81.34001,28.49446],[-81.34001,28.49431],[-81.34032,28.49438],[-81.34063,28.49504],[-81.3411,28.4952],[-81.34523,28.49487],[-81.34545,28.4944],[-81.34626,28.49417],[-81.34672,28.49444],[-81.34647,28.49469],[-81.34656,28.49555],[-81.34594,28.49643],[-81.34666,28.49673],[-81.34809,28.49626],[-81.34843,28.49512],[-81.34864,28.49495],[-81.34833,28.49495],[-81.3484,28.49461],[-81.35035,28.49434],[-81.35146,28.49351],[-81.35181,28.49263],[-81.34928,28.49062],[-81.3477,28.48988],[-81.34827,28.48803],[-81.34826,28.48648],[-81.34852,28.48595],[-81.34931,28.48543],[-81.34964,28.48446],[-81.34965,28.48367],[-81.34939,28.48372],[-81.34893,28.48295],[-81.34889,28.48235],[-81.34954,28.48163],[-81.35054,28.48169],[-81.35057,28.48146],[-81.34776,28.48112],[-81.34659,28.48062],[-81.34565,28.47987],[-81.34419,28.47926],[-81.34286,28.47821],[-81.34214,28.47732],[-81.34209,28.4776],[-81.34046,28.47542],[-81.33998,28.47569],[-81.33957,28.47557],[-81.33931,28.47504],[-81.33941,28.4747],[-81.34009,28.47451],[-81.33818,28.47412],[-81.33765,28.47372],[-81.33652,28.47356],[-81.33627,28.47318],[-81.33608,28.47318],[-81.33605,28.47227],[-81.33624,28.47184],[-81.33709,28.47132],[-81.33788,28.47125],[-81.3387,28.47161],[-81.33943,28.47012],[-81.34038,28.47002],[-81.34147,28.46814],[-81.34212,28.4676],[-81.34226,28.46642],[-81.34307,28.46606],[-81.34307,28.46586],[-81.34354,28.46589],[-81.34404,28.46566],[-81.34416,28.46593],[-81.34447,28.46571],[-81.34432,28.46551],[-81.3445,28.4654],[-81.34441,28.46528],[-81.34577,28.46479],[-81.34604,28.46584],[-81.34627,28.46584],[-81.34598,28.46472],[-81.34754,28.46471],[-81.34799,28.46517],[-81.3483,28.46446],[-81.34851,28.46454],[-81.34868,28.46387],[-81.34988,28.46389],[-81.35012,28.4637],[-81.35168,28.46351],[-81.35176,28.46371],[-81.3522,28.4637],[-81.35212,28.46354],[-81.35295,28.46347],[-81.35369,28.46297],[-81.3541,28.46303],[-81.35489,28.46368],[-81.35567,28.46362],[-81.35681,28.46414],[-81.35739,28.4642],[-81.35766,28.46396],[-81.35786,28.46324],[-81.35757,28.46224],[-81.3556,28.4614],[-81.3552,28.46105],[-81.35499,28.46065],[-81.35492,28.4596],[-81.35441,28.45923],[-81.35348,28.45747],[-81.35269,28.45664],[-81.3529,28.45664],[-81.35279,28.4561],[-81.35118,28.45483],[-81.35128,28.45289],[-81.35254,28.45288],[-81.35255,28.4512],[-81.36377,28.45098],[-81.36353,28.45168],[-81.3641,28.4528],[-81.36713,28.46353],[-81.3676,28.46555],[-81.36796,28.46837],[-81.36924,28.4728],[-81.37612,28.47279],[-81.37612,28.47415],[-81.37659,28.47387],[-81.3766,28.47422],[-81.37636,28.47442],[-81.37635,28.47643],[-81.38434,28.47643],[-81.38435,28.4781],[-81.38855,28.47803],[-81.38855,28.47748],[-81.38934,28.47747],[-81.38936,28.47777],[-81.38901,28.47784],[-81.38881,28.47836],[-81.38937,28.47982],[-81.3899,28.48046],[-81.38975,28.48069],[-81.39026,28.4822],[-81.39017,28.48335],[-81.39032,28.48394],[-81.38999,28.48451],[-81.38851,28.48454],[-81.38851,28.48361],[-81.38642,28.48362],[-81.38643,28.48429],[-81.38505,28.4843],[-81.38505,28.48447],[-81.3815,28.4845],[-81.38155,28.48735],[-81.37276,28.4875],[-81.37399,28.49247],[-81.37492,28.49461],[-81.37595,28.49834],[-81.37288,28.49837],[-81.37289,28.50019],[-81.37211,28.5002],[-81.37212,28.50203],[-81.36851,28.50207],[-81.36852,28.50296],[-81.36904,28.50296],[-81.36904,28.5039],[-81.36801,28.50396],[-81.36806,28.50937],[-81.366,28.50939],[-81.36597,28.50666],[-81.36496,28.50667],[-81.35982,28.50888],[-81.35982,28.50945],[-81.35158,28.50953],[-81.3516,28.51319]]]}},{"type":"Feature","properties":{"SCHOOL":"HORIZON WEST","TYPE":"MS","ADDR":"8200 Tattant Blvd, Windermere 34786","WEB":"https://horizonwestms.ocps.net","PHONE":"407.544.1570","SLNG":-81.56846,"SLAT":28.45129},"geometry":{"type":"Polygon","coordinates":[[[-81.56747,28.47133],[-81.56747,28.47043],[-81.56622,28.47043],[-81.56621,28.46771],[-81.56131,28.46781],[-81.56145,28.46427],[-81.5494,28.46448],[-81.54948,28.46094],[-81.55305,28.46092],[-81.55305,28.46063],[-81.5537,28.46063],[-81.55372,28.45893],[-81.55582,28.45891],[-81.55583,28.45709],[-81.55374,28.45711],[-81.55385,28.44501],[-81.54512,28.44226],[-81.54295,28.44126],[-81.53631,28.43761],[-81.52887,28.44273],[-81.52592,28.43953],[-81.52669,28.43898],[-81.5251,28.43866],[-81.52347,28.43877],[-81.5224,28.43781],[-81.52301,28.43747],[-81.52572,28.43761],[-81.52624,28.43535],[-81.52451,28.43536],[-81.52455,28.42062],[-81.52865,28.42061],[-81.52865,28.42243],[-81.53173,28.42243],[-81.53172,28.42061],[-81.53257,28.42061],[-81.53251,28.4169],[-81.53069,28.4169],[-81.53069,28.41531],[-81.52991,28.41511],[-81.52864,28.41511],[-81.52863,28.41323],[-81.53068,28.41323],[-81.53068,28.41143],[-81.53279,28.41143],[-81.53274,28.4007],[-81.53229,28.39974],[-81.53136,28.39896],[-81.53027,28.3986],[-81.52862,28.39856],[-81.52863,28.39513],[-81.52891,28.39393],[-81.52948,28.39288],[-81.53024,28.39206],[-81.5313,28.39134],[-81.53242,28.3909],[-81.53391,28.39069],[-81.54172,28.39068],[-81.54172,28.39044],[-81.54149,28.38922],[-81.54028,28.38751],[-81.53992,28.38668],[-81.53984,28.38576],[-81.5401,28.38371],[-81.53888,28.38108],[-81.53875,28.37879],[-81.53796,28.37742],[-81.53704,28.3744],[-81.53542,28.37093],[-81.53508,28.36964],[-81.53482,28.36963],[-81.53568,28.36768],[-81.53547,28.36667],[-81.53437,28.36538],[-81.53316,28.36469],[-81.52049,28.35982],[-81.53172,28.34729],[-81.61608,28.347],[-81.61537,28.34978],[-81.61037,28.36357],[-81.60985,28.36764],[-81.61006,28.37215],[-81.61091,28.37612],[-81.61238,28.37999],[-81.62511,28.40539],[-81.60727,28.40547],[-81.60727,28.42733],[-81.5949,28.42742],[-81.59491,28.43107],[-81.59079,28.4311],[-81.59081,28.43476],[-81.59905,28.4347],[-81.59903,28.44693],[-81.59492,28.44703],[-81.59497,28.44898],[-81.59592,28.44947],[-81.59612,28.44996],[-81.59607,28.45534],[-81.59627,28.45755],[-81.59593,28.45902],[-81.58678,28.45906],[-81.58679,28.46029],[-81.58277,28.46032],[-81.58278,28.46395],[-81.57857,28.46398],[-81.5786,28.46755],[-81.57451,28.47038],[-81.57452,28.47129],[-81.56747,28.47133]]]}},{"type":"Feature","properties":{"SCHOOL":"KELLY PARK SCHOOL","TYPE":"K8","ADDR":"4700 Jason Dwelley Pkwy, Apopka 32712","WEB":"https://kellyparkschoolk8.ocps.net","PHONE":"407.410.5900","SLNG":-81.54321,"SLAT":28.75249},"geometry":{"type":"Polygon","coordinates":[[[-81.57297,28.78596],[-81.53314,28.78608],[-81.53307,28.78453],[-81.53269,28.78421],[-81.53191,28.78403],[-81.53192,28.77912],[-81.52731,28.77927],[-81.52647,28.77741],[-81.5261,28.77444],[-81.52464,28.77202],[-81.52572,28.77202],[-81.52566,28.76104],[-81.52144,28.76103],[-81.52142,28.75919],[-81.51936,28.75919],[-81.51935,28.75828],[-81.51888,28.75828],[-81.51888,28.75804],[-81.51767,28.75804],[-81.51733,28.75735],[-81.51731,28.75011],[-81.51313,28.75012],[-81.51313,28.74829],[-81.50903,28.7483],[-81.50902,28.73186],[-81.51314,28.73186],[-81.51313,28.73551],[-81.52141,28.73552],[-81.5214,28.72822],[-81.52503,28.72822],[-81.52504,28.73187],[-81.52764,28.73186],[-81.52764,28.7337],[-81.52973,28.73369],[-81.52974,28.73553],[-81.53183,28.73553],[-81.53182,28.73369],[-81.5339,28.73368],[-81.53391,28.73553],[-81.53545,28.73619],[-81.53667,28.73736],[-81.53668,28.73812],[-81.53918,28.74008],[-81.54101,28.74044],[-81.54198,28.74131],[-81.54198,28.74266],[-81.55055,28.74273],[-81.55042,28.739],[-81.55983,28.73843],[-81.56804,28.73834],[-81.56809,28.74569],[-81.56682,28.74572],[-81.56703,28.76412],[-81.56671,28.76591],[-81.56527,28.77027],[-81.56511,28.77281],[-81.56554,28.77491],[-81.56702,28.77964],[-81.56785,28.78144],[-81.56882,28.78281],[-81.57001,28.78403],[-81.57137,28.78507],[-81.57297,28.78596]]]}},{"type":"Feature","properties":{"SCHOOL":"HAMLIN","TYPE":"MS","ADDR":"16025 Silver Grove Blvd, Winter Garden 34787","WEB":"https://hamlinms.ocps.ney","PHONE":"407.993.7420","SLNG":-81.64471,"SLAT":28.46526},"geometry":{"type":"Polygon","coordinates":[[[-81.64322,28.53636],[-81.62032,28.53638],[-81.62031,28.52898],[-81.61617,28.52905],[-81.61534,28.52635],[-81.61534,28.52543],[-81.61962,28.52538],[-81.62003,28.52521],[-81.62026,28.52485],[-81.6201,28.50733],[-81.61008,28.50739],[-81.62938,28.48402],[-81.63056,28.48223],[-81.63126,28.48043],[-81.63159,28.47856],[-81.63151,28.46798],[-81.63171,28.46622],[-81.63229,28.4644],[-81.63324,28.46268],[-81.63671,28.4589],[-81.63638,28.45778],[-81.63631,28.45616],[-81.59617,28.45659],[-81.59611,28.4498],[-81.59587,28.44943],[-81.59497,28.44898],[-81.59492,28.44703],[-81.59903,28.44693],[-81.59905,28.4347],[-81.59081,28.43476],[-81.59079,28.4311],[-81.59491,28.43107],[-81.5949,28.42742],[-81.60727,28.42733],[-81.60727,28.40547],[-81.62511,28.40539],[-81.62878,28.41269],[-81.62372,28.41263],[-81.62372,28.41519],[-81.62433,28.41513],[-81.62434,28.41984],[-81.62496,28.41984],[-81.625,28.42009],[-81.62375,28.42058],[-81.62375,28.42596],[-81.62313,28.4262],[-81.6229,28.42697],[-81.62376,28.4272],[-81.62377,28.43084],[-81.62771,28.4308],[-81.62772,28.43443],[-81.62367,28.43449],[-81.62377,28.44167],[-81.62956,28.44165],[-81.6302,28.4419],[-81.63108,28.44158],[-81.64793,28.44152],[-81.64793,28.44334],[-81.65064,28.44331],[-81.65066,28.44513],[-81.65748,28.44507],[-81.65754,28.49246],[-81.65734,28.5361],[-81.65412,28.53616],[-81.65312,28.53561],[-81.65261,28.53567],[-81.65268,28.53542],[-81.6525,28.53566],[-81.65211,28.53557],[-81.65016,28.53418],[-81.6499,28.53414],[-81.64982,28.53441],[-81.64955,28.53446],[-81.64862,28.53396],[-81.64794,28.53463],[-81.64724,28.53436],[-81.64608,28.53463],[-81.64567,28.53443],[-81.64546,28.53403],[-81.64383,28.53499],[-81.64322,28.53636]]]}},{"type":"Feature","properties":{"SCHOOL":"LUMINARY","TYPE":"MS","ADDR":"9446 Luminary Blvd, Orlando 32827","WEB":"https://luminaryms.ocps.net","PHONE":"407.635.2670","SLNG":-81.25661,"SLAT":28.35493},"geometry":{"type":"Polygon","coordinates":[[[-81.24447,28.37823],[-81.22464,28.37807],[-81.22542,28.37805],[-81.22545,28.37792],[-81.22455,28.37792],[-81.22526,28.37787],[-81.22572,28.37749],[-81.22566,28.37726],[-81.22535,28.37742],[-81.22557,28.37715],[-81.22548,28.37681],[-81.22576,28.37682],[-81.2256,28.37662],[-81.22604,28.37616],[-81.22613,28.37576],[-81.22614,28.37438],[-81.22581,28.37413],[-81.2261,28.37408],[-81.22591,28.37389],[-81.22617,28.3738],[-81.22626,28.37352],[-81.22678,28.37347],[-81.22615,28.37345],[-81.226,28.37376],[-81.22558,28.37127],[-81.22471,28.37104],[-81.22383,28.36999],[-81.22387,28.3671],[-81.21971,28.36714],[-81.21161,28.36533],[-81.21116,28.34824],[-81.32194,28.34803],[-81.32192,28.35359],[-81.32601,28.35358],[-81.32598,28.35948],[-81.32396,28.35947],[-81.32398,28.3631],[-81.32506,28.36309],[-81.32512,28.36442],[-81.32549,28.36608],[-81.32545,28.36724],[-81.32266,28.36713],[-81.3193,28.36737],[-81.30953,28.36931],[-81.30986,28.36299],[-81.2932,28.36296],[-81.28414,28.36345],[-81.28254,28.36195],[-81.28146,28.36036],[-81.28035,28.36112],[-81.27979,28.36186],[-81.27946,28.36192],[-81.27927,28.36125],[-81.2794,28.36051],[-81.27776,28.36002],[-81.27312,28.35695],[-81.27238,28.35731],[-81.27053,28.35723],[-81.26992,28.35678],[-81.26955,28.35623],[-81.26812,28.35763],[-81.26753,28.35698],[-81.26263,28.35873],[-81.26083,28.36038],[-81.26083,28.36105],[-81.26127,28.3617],[-81.25973,28.36343],[-81.24439,28.36362],[-81.24447,28.37823]]]}},{"type":"Feature","properties":{"SCHOOL":"WATER SPRING","TYPE":"MS","ADDR":"17000 Water Spring Dr, Winter Garden 34787","WEB":"https://waterspringms.ocps.net","PHONE":"407.992.0597","SLNG":-81.65084,"SLAT":28.40189},"geometry":{"type":"Polygon","coordinates":[[[-81.65066,28.44513],[-81.65064,28.44331],[-81.64793,28.44334],[-81.64793,28.44152],[-81.63108,28.44158],[-81.6302,28.4419],[-81.62956,28.44165],[-81.62377,28.44167],[-81.62367,28.43449],[-81.62772,28.43443],[-81.62771,28.4308],[-81.62377,28.43084],[-81.62376,28.4272],[-81.6229,28.42697],[-81.62313,28.4262],[-81.62375,28.42596],[-81.62375,28.42058],[-81.625,28.42009],[-81.62496,28.41984],[-81.62434,28.41984],[-81.62433,28.41513],[-81.62372,28.41519],[-81.62372,28.41263],[-81.62878,28.41269],[-81.61238,28.37999],[-81.61071,28.37542],[-81.60992,28.37086],[-81.6099,28.3667],[-81.61052,28.36296],[-81.61537,28.34978],[-81.61608,28.347],[-81.65709,28.34675],[-81.65723,28.41236],[-81.65748,28.44507],[-81.65066,28.44513]]]}}]}